CustomerId,CreditScore,Geography,Gender,Age,Tenure,Balance,NumOfProducts,HasCrCard,IsActiveMember,EstimatedSalary,Exited
1,689,France,Male,43,0,0.0,2,1,1,118713.4493951927,0
2,638,France,Male,25,3,72635.49776359505,1,1,0,135211.0922327846,0
3,701,France,Female,39,6,128201.52384764527,1,1,0,84467.27376567847,0
4,771,France,Female,28,3,112300.72330642348,2,1,1,113347.88095545716,0
5,631,Spain,Male,24,10,100273.88370894092,1,1,0,13102.174854901154,0
6,631,France,Female,42,3,124140.13165842174,2,1,1,100440.75941658163,0
7,776,France,Male,49,8,184888.61033548845,1,0,0,166048.04378149947,0
8,711,Germany,Male,34,10,0.0,2,1,0,66798.88216910948,0
9,612,France,Male,35,5,174599.12750455164,2,1,0,60493.78382524289,0
10,693,Germany,Male,26,8,0.0,2,1,1,156758.42562389167,0
11,612,Spain,Female,38,1,0.0,1,0,1,70937.47162964648,0
12,612,France,Female,45,6,100579.12622560916,1,1,1,83918.24265603848,0
13,669,Spain,Female,45,6,0.0,1,0,1,166046.46591640572,0
14,496,Spain,Male,43,7,119174.98784730065,2,1,0,22214.039908808867,0
15,512,France,Female,31,9,0.0,1,1,1,187616.53357414115,0
16,605,France,Male,31,10,45424.17981639232,2,1,0,47523.44196861093,0
17,568,Spain,Male,45,8,77386.37943117411,2,1,1,51057.0202799877,0
18,675,Germany,Female,46,7,150574.40732414418,1,1,0,157009.8889146849,1
19,577,Spain,Male,36,1,158453.43114118004,1,0,0,33068.917011960315,0
20,537,France,Male,33,2,161738.83164691474,1,1,0,36752.20451373288,0
21,767,Spain,Male,49,1,0.0,4,0,1,27364.322634339904,1
22,631,France,Male,34,0,137540.26351074933,3,1,1,124946.11735970873,0
23,655,Spain,Female,45,6,94735.761425855,1,1,0,169922.46533301094,1
24,536,Spain,Female,36,7,158364.9856809925,1,0,0,44202.43466514662,1
25,606,Spain,Female,27,4,144440.79348551747,1,1,1,85057.31695759874,0
26,658,Germany,Female,54,9,124966.38490157243,2,1,0,139216.00113444895,1
27,557,Spain,Female,39,10,90062.548483222,2,1,0,67981.53684975299,0
28,680,Spain,Female,30,8,0.0,2,1,1,46922.74551273799,0
29,601,France,Male,24,3,0.0,1,1,0,182184.94500427344,0
30,626,Germany,Female,25,0,0.0,1,0,0,143499.87730774746,0
31,601,Germany,Male,34,3,76016.71298217445,1,0,1,185801.77884347783,0
32,798,France,Female,57,4,84668.85973204393,2,1,0,158411.8980473868,0
33,648,France,Male,32,10,106368.39782127825,1,1,0,76100.43016130276,0
34,565,France,Female,52,7,207912.78206705203,1,1,0,14836.686322144686,1
35,715,Germany,Female,36,4,81318.66666174732,1,1,1,98742.77705328322,0
36,552,Spain,Female,26,9,105521.68552001679,1,0,0,79770.43575401233,0
37,666,France,Female,33,8,110720.6462286514,2,0,0,105963.0452405315,0
38,493,Germany,Male,25,5,161314.15943570182,1,1,0,12336.612851012906,1
39,543,France,Female,29,7,129293.81000176212,3,1,1,111352.94060439747,0
40,665,Germany,Male,29,2,0.0,1,1,1,88475.1575131066,0
41,709,France,Male,18,2,108127.47669152574,1,1,1,139259.9911260446,0
42,663,France,Male,53,8,0.0,2,1,1,61136.21644748742,0
43,640,France,Male,40,5,74629.02172927698,2,0,0,165594.49153410108,0
44,625,France,Female,31,3,0.0,2,1,1,186668.63267736262,0
45,531,Spain,Female,40,7,128055.17981075206,1,0,0,41460.02486463095,1
46,592,Spain,Female,29,3,0.0,1,1,0,132833.97914426887,0
47,613,France,Male,18,10,135087.25427441127,1,0,1,130379.88134236191,0
48,734,France,Male,67,3,0.0,1,1,1,74633.49002500635,1
49,677,France,Male,39,6,114953.92096546022,2,1,0,31608.110479118764,0
50,508,Spain,Male,32,6,0.0,1,1,0,137058.26624215703,0
51,675,Spain,Male,18,7,0.0,2,1,1,96547.68699937504,0
52,619,France,Male,23,9,134039.54812760808,2,1,0,46336.93743461844,0
53,595,Spain,Female,54,6,94940.99199505908,1,1,0,20877.312429985213,1
54,698,France,Female,53,7,101556.96755953862,2,1,1,189749.7227526574,0
55,732,Germany,Female,45,7,0.0,1,1,1,87672.96872774404,0
56,724,Germany,Male,26,6,120970.97453309553,2,1,1,152258.76546845003,0
57,582,Spain,Female,53,0,0.0,1,1,1,35942.646895497695,0
58,625,Germany,Female,42,3,0.0,1,0,0,128595.61050154536,1
59,676,Germany,Male,44,2,152715.71826590938,1,1,0,14756.399668754784,1
60,728,Germany,Male,42,8,125581.75847008501,2,0,1,90247.17179132016,0
61,611,Spain,Male,22,9,59963.188374824604,2,1,1,56640.44642900939,0
62,635,France,Male,26,7,0.0,2,0,0,73722.60021688417,0
63,561,France,Male,32,8,0.0,2,1,1,128592.10535698522,0
64,554,France,Male,44,4,0.0,1,1,1,77417.50786817049,0
65,715,Spain,Male,24,4,0.0,2,0,1,56969.305790233346,0
66,758,France,Male,36,9,100119.20990771553,2,0,1,145785.0175127191,0
67,644,France,Female,36,4,157684.1073188809,2,1,1,112976.76817175446,0
68,730,France,Male,45,1,0.0,1,1,1,129187.33324995879,0
69,678,France,Female,44,6,80009.56821133365,2,0,1,82653.48592181974,0
70,598,Spain,Male,27,7,73762.56250983919,1,1,1,58558.66894239342,0
71,678,Germany,Male,52,4,0.0,2,1,0,57434.48231367947,1
72,773,Spain,Female,26,7,74043.48037111812,2,1,0,198534.45304821772,0
73,647,Spain,Female,48,5,136370.4652055154,2,1,0,136540.27530861233,0
74,775,Spain,Male,32,3,115962.01931609848,2,1,1,28990.764557084236,0
75,440,France,Female,39,6,0.0,2,0,1,132221.84079536682,0
76,715,France,Female,40,7,131943.20856503473,2,1,0,29616.513919819252,0
77,656,Germany,Male,39,8,171380.5665567608,1,0,1,66921.1445384789,0
78,626,France,Male,44,4,83338.79064504094,2,1,1,170645.83157725196,0
79,657,France,Female,41,8,98512.71189619026,1,1,0,183727.8902799196,0
80,490,Germany,Male,45,7,72674.3537096933,1,0,1,173403.49603677355,1
81,632,France,Male,42,0,125787.06767942231,1,1,1,115330.71693330556,0
82,678,France,Male,25,7,0.0,1,0,0,96091.61302373612,0
83,768,France,Female,40,7,86915.88422595715,1,0,0,56683.4980226421,0
84,608,France,Female,32,6,0.0,2,0,1,161645.8444209269,0
85,585,France,Female,26,0,89224.91001857357,1,0,0,128332.20395413873,0
86,609,France,Female,35,5,144160.13896645006,2,1,0,110606.1206944021,0
87,723,Spain,Female,39,1,60496.02601883179,2,1,0,59207.785929200625,0
88,676,Germany,Female,40,5,162806.6298456585,1,0,1,68957.45305135155,0
89,607,France,Female,48,10,0.0,1,1,1,56585.64181121643,0
90,691,Germany,Female,51,1,94290.72278483088,1,1,1,131188.28429193975,1
91,657,France,Male,41,1,128832.11396547883,2,1,1,126175.1922038214,0
92,727,France,Female,43,6,192362.7288669902,2,0,0,42560.735602296445,0
93,593,France,Female,38,10,126997.41242774433,1,0,0,73069.19976922477,0
94,623,Spain,Female,45,9,89612.02089248796,2,1,1,13233.368285347253,0
95,618,France,Female,42,0,148188.8232927308,1,0,0,43766.663928215465,1
96,532,Spain,Female,37,4,137260.04176019225,2,1,0,110439.54521246647,0
97,673,Germany,Female,59,0,88355.05596075168,2,1,1,81729.55466529346,1
98,670,Spain,Male,32,8,93066.96663784567,2,0,1,121576.67180313023,0
99,650,Spain,Male,52,4,0.0,2,1,1,90023.41625723729,0
100,631,Germany,Male,24,4,169403.7004829349,1,0,1,27786.489200883694,0
101,536,France,Female,46,3,85774.55156381146,2,1,1,136654.42635884843,0
102,616,France,Male,52,2,0.0,1,0,0,189514.02993010872,1
103,622,Spain,Male,18,7,169983.07308881456,1,1,1,61951.41158686658,0
104,585,Spain,Male,39,6,0.0,1,0,0,49441.8791591838,0
105,637,France,Female,45,8,151754.6866926742,1,1,1,169231.54929032997,0
106,682,France,Male,40,5,115787.3376420507,2,0,1,61489.35714963154,0
107,800,France,Female,41,0,0.0,1,1,0,81804.27105306844,0
108,663,France,Female,39,4,151275.4360187741,2,0,0,52215.60342721998,0
109,670,France,Male,27,4,125054.06667266913,2,1,0,129436.88968614771,0
110,644,Germany,Male,61,6,117434.62030522498,1,1,1,95512.45952777086,1
111,496,Germany,Female,32,9,0.0,1,0,1,80280.81922101098,0
112,647,France,Female,42,0,67905.81639711061,2,1,0,59542.46082029729,0
113,654,Spain,Male,31,0,119429.66120206697,1,1,0,191378.01974619724,0
114,847,Germany,Male,18,5,0.0,1,0,0,26231.891502672566,0
115,634,France,Male,28,5,144051.7060703941,1,0,0,62132.31912564408,0
116,674,France,Male,23,8,187564.68800701073,2,1,0,75711.96193516132,0
117,647,Spain,Male,48,2,79018.65844992391,1,1,0,165353.09303400142,1
118,556,Germany,Male,31,4,115774.46509722747,2,1,1,190828.8263003098,0
119,741,France,Female,32,4,134082.757529038,2,1,0,11465.156302018875,0
120,710,Germany,Female,27,0,89851.34247166417,1,1,0,192374.79441202193,0
121,713,France,Female,38,5,137035.44145088372,1,1,0,192779.9688710733,0
122,577,France,Female,30,3,129007.41125310698,3,0,1,183155.84518690396,0
123,762,France,Female,47,5,0.0,2,0,1,184734.67322591227,0
124,537,France,Female,41,7,0.0,2,1,1,162494.1910830492,0
125,696,Germany,Male,32,7,0.0,1,0,1,67030.64047206492,0
126,825,Germany,Male,46,2,132967.86136188643,1,1,1,162252.41621494442,0
127,570,France,Female,38,8,65903.68642576272,2,1,0,102927.75545332089,0
128,604,Germany,Female,38,10,0.0,1,1,0,112697.43967223726,1
129,657,Germany,Male,23,3,110053.7783616338,1,1,1,14357.00739080589,0
130,609,France,Male,37,0,147456.5698550834,1,0,1,100279.48665509847,0
131,525,Spain,Female,41,8,86404.5107983881,2,1,1,61465.93623604745,0
132,655,France,Male,51,4,134346.4091053544,2,0,0,74108.48014282645,0
133,565,Spain,Male,30,7,138988.85952746606,1,1,1,100336.67931943064,0
134,687,France,Female,60,6,125064.51252790495,1,1,0,140700.91738000535,1
135,576,Spain,Male,43,4,146688.60529592857,1,1,0,24411.52801190739,1
136,773,France,Female,22,7,180935.90586784392,1,1,1,124859.36866220355,0
137,587,Germany,Female,29,0,148596.29707074963,2,0,1,67070.45127828381,0
138,624,Germany,Female,52,10,106530.09699810194,1,1,1,167154.98184140894,1
139,715,France,Male,50,3,137723.83761367944,2,1,1,179870.57179524898,0
140,551,France,Male,38,4,154791.1702215404,1,1,1,28931.94648364546,0
141,668,France,Male,39,3,96857.45908533214,2,1,1,176203.80522800348,0
142,754,Spain,Female,26,5,138416.86689065132,1,1,1,112826.63530421269,0
143,521,France,Male,51,8,127020.20473584355,1,1,0,41131.55997441447,1
144,664,Spain,Male,28,0,0.0,2,1,1,11799.239139491925,0
145,670,France,Male,46,9,0.0,1,1,1,124859.16743449171,0
146,712,France,Male,51,10,115652.62759367366,1,0,0,111090.74058157257,1
147,551,France,Male,38,1,100945.12317968295,2,1,0,145977.59744773014,0
148,544,France,Female,47,0,128635.45792803378,1,1,0,106288.33355844667,1
149,691,Germany,Male,56,6,142069.41720673803,2,1,0,14226.190755690526,1
150,673,Germany,Male,40,1,66083.25606976147,2,1,0,92201.6042887663,0
151,670,France,Male,36,8,0.0,1,0,1,169813.1051664918,0
152,677,Spain,Female,37,7,164788.18106309164,2,0,0,82697.46666910118,0
153,595,France,Male,30,9,165465.1944531139,1,1,1,59818.64706747817,0
154,668,Spain,Female,30,0,167656.37776995337,1,1,1,65319.21914111055,0
155,673,France,Female,42,2,145338.02049152786,3,1,0,30004.61886489145,1
156,592,Spain,Female,36,5,159622.275458274,2,1,0,82892.30265126421,0
157,799,Germany,Male,41,10,108817.0837542413,1,1,1,157937.24916511774,0
158,687,France,Female,23,2,118724.32198488548,1,1,0,21420.69045694441,0
159,554,Germany,Female,37,8,74654.71090148862,1,0,0,184178.33491319534,1
160,702,France,Female,48,9,105039.57368986931,1,1,0,95674.90078690123,1
161,572,France,Male,26,9,146874.24241341755,1,1,0,134847.7698376109,0
162,712,France,Female,38,1,136328.42101770235,1,1,1,80911.34917185496,0
163,742,France,Female,19,5,43115.76038818197,1,1,1,60684.061219031275,0
164,584,France,Male,24,1,123033.61077265991,2,1,1,27933.212506644995,0
165,727,France,Male,46,2,106163.36304672484,1,1,0,99592.95329064444,0
166,683,France,Female,34,9,112291.57314360741,1,0,1,89586.63945935092,0
167,715,France,Male,56,8,164182.03449080407,2,1,1,118741.00201503311,0
168,801,Spain,Female,42,8,0.0,2,1,1,86356.13415698016,0
169,630,Germany,Male,43,1,92377.3838303428,1,1,1,95061.39889754046,0
170,589,France,Male,27,7,0.0,1,1,0,159759.43177494925,0
171,578,France,Female,34,2,0.0,2,0,0,34107.84883808771,0
172,584,France,Male,30,1,150819.55239010358,1,1,0,87470.06842399544,0
173,643,Germany,Female,27,10,0.0,1,1,1,36517.258266085264,0
174,677,Spain,Female,44,9,0.0,1,1,0,188089.66711424504,1
175,672,France,Female,46,7,0.0,2,0,0,167489.31689864263,0
176,716,France,Female,41,2,153814.1946415089,2,0,1,170924.68672594527,0
177,651,France,Female,29,7,143986.55498677533,1,1,0,36052.04369333123,0
178,766,France,Male,41,5,107866.58298794221,2,0,1,176312.76724106268,0
179,628,Germany,Female,18,0,0.0,1,1,1,37206.60902295418,0
180,850,Germany,Male,51,1,138743.89329080202,1,0,0,98536.52454449164,1
181,700,France,Male,25,1,95145.25463789335,1,1,1,29010.57363717683,0
182,581,Spain,Female,26,6,0.0,2,1,1,186722.05592906429,0
183,564,France,Female,39,5,123516.33736618372,1,0,1,196914.27404270295,0
184,688,France,Male,40,1,97180.77368181603,2,1,0,90421.65505221572,0
185,632,Germany,Male,37,0,146550.21716210718,2,1,0,190370.2255297065,0
186,707,Spain,Female,26,4,111635.56255106456,2,1,1,27638.668195134553,0
187,687,France,Male,49,10,80611.0051774187,1,0,0,183024.05031269672,1
188,644,France,Female,21,1,125680.9615164724,2,1,0,75429.14840110284,0
189,582,Germany,Female,23,9,0.0,2,1,1,136871.20028026335,0
190,528,Spain,Male,36,9,0.0,2,0,1,77974.86491794433,0
191,614,France,Male,25,5,56818.21343532753,2,1,0,123793.85663311886,0
192,718,France,Female,50,1,0.0,2,1,1,53558.67596514223,0
193,667,France,Male,26,10,132082.9968975023,2,1,0,128755.57883006158,0
194,550,Germany,Male,53,8,0.0,1,1,0,106721.16092550618,1
195,663,Spain,Male,48,4,158090.12311085072,1,1,0,78836.99591864075,1
196,680,France,Male,50,6,73620.99852259603,2,0,1,93446.32947666389,0
197,579,Spain,Male,56,3,0.0,2,1,1,104864.05066054247,0
198,662,Germany,Female,38,1,72404.3979458457,2,1,1,89036.23172294807,0
199,654,France,Female,27,2,87678.19390297538,1,1,1,23256.805582852117,0
200,558,France,Female,36,4,129834.75768372018,1,0,1,159616.22150040886,0
201,678,Spain,Female,32,0,0.0,2,0,0,136220.22555072373,0
202,694,Spain,Male,30,3,124513.22511254733,1,1,1,139418.14330566354,0
203,736,Spain,Male,39,3,0.0,1,1,1,19780.00911623217,0
204,734,Germany,Female,34,1,82137.6807189929,2,1,0,156834.5933837295,0
205,539,France,Female,30,8,74239.45647394443,1,0,1,157425.80660658597,0
206,574,France,Female,35,5,139208.6676166643,2,1,1,160976.78101424163,0
207,691,Germany,Female,43,8,67568.58588691868,2,1,1,126782.9038751471,0
208,691,France,Female,47,5,83576.3335676404,1,0,0,107752.1315692593,1
209,691,Spain,Male,21,1,0.0,1,0,0,175817.59711492824,0
210,850,Spain,Female,34,0,128936.85332731964,1,0,0,120666.38047560341,0
211,695,Spain,Female,36,3,128561.39679489838,1,1,1,27635.083683150016,0
212,740,France,Female,26,0,79956.15703097422,2,1,1,76212.01869738451,0
213,726,Germany,Female,36,7,120674.09994880798,1,1,1,145499.97467260863,0
214,702,Germany,Female,39,10,87864.0610618999,1,1,1,88104.95487788747,0
215,624,Spain,Male,43,0,130860.35175467086,2,1,0,162050.72953216595,0
216,710,France,Female,38,4,0.0,1,1,0,98777.59511985099,0
217,588,France,Female,29,8,146121.90225489903,2,1,0,83205.47809822483,0
218,631,France,Female,58,0,112963.38686888227,1,1,0,76377.76845809966,1
219,611,France,Female,46,3,106004.93366720164,2,1,0,69841.80770361505,0
220,656,France,Male,43,7,171850.90847590772,2,1,0,101073.62096792927,0
221,835,Germany,Female,48,7,64612.0506208308,2,1,1,123852.89130605073,0
222,500,Germany,Female,40,0,175552.0395797626,1,1,1,185711.08563567416,1
223,704,Spain,Female,50,7,0.0,1,0,0,149037.4664634246,1
224,520,Spain,Male,38,10,78623.23609685866,2,1,1,50175.20414937325,0
225,612,France,Female,38,2,101541.13136030681,1,1,0,96234.73199245607,0
226,737,Germany,Male,44,10,0.0,2,0,1,68253.25406183937,0
227,655,France,Female,53,6,143357.16126778856,1,1,0,56138.68973028905,1
228,563,France,Male,53,9,181531.0326679671,3,1,1,135067.57915749995,1
229,592,France,Female,43,10,0.0,1,0,0,31409.250378780504,1
230,704,Germany,Male,43,0,0.0,1,0,1,14936.742345939612,0
231,591,Germany,Male,44,4,146654.73162803942,2,1,0,88578.65181739749,1
232,667,France,Female,47,3,60145.958235691694,2,1,0,36101.180756080226,0
233,653,Germany,Male,50,3,116309.47889803378,1,1,0,107072.96019444965,1
234,597,France,Female,35,4,125548.36875906869,2,1,0,114509.75864066122,0
235,821,France,Female,51,2,74431.37955582692,1,1,1,41495.136034820534,0
236,700,Germany,Female,41,6,0.0,2,0,1,142367.78372765912,0
237,487,Germany,Male,44,1,100696.23596755693,1,1,1,31661.961253704667,1
238,664,Spain,Female,51,0,0.0,2,0,0,127316.38011570594,0
239,597,Spain,Male,45,5,0.0,1,1,0,132625.43600233458,1
240,718,Germany,Female,47,0,0.0,1,1,0,163787.67469440732,1
241,586,Germany,Female,34,10,116490.23867708072,2,1,0,178503.44326652333,1
242,640,Germany,Male,52,6,134985.54304131222,1,1,1,137344.49089081568,1
243,690,Spain,Male,44,7,152593.00014218775,2,1,1,127940.50149928735,0
244,719,Germany,Male,39,1,131702.24613366398,1,0,1,138692.9491178194,0
245,553,Germany,Female,49,3,74119.73604112535,3,0,0,110208.3404119503,1
246,623,France,Male,63,6,120946.28601481223,1,1,0,127208.39440513637,1
247,612,Germany,Female,26,10,102109.8043384314,2,1,1,182133.11110626598,0
248,597,France,Female,29,5,0.0,1,0,1,141927.62921813462,0
249,791,France,Female,64,1,101256.41439163302,1,1,0,67227.95171181152,1
250,682,Spain,Female,42,3,121915.0910406177,2,0,1,145848.82776238275,0
251,549,France,Male,39,2,128878.11000895587,1,1,1,27214.597592720893,0
252,723,Spain,Female,36,8,93744.58323225204,2,0,1,96084.63571848237,0
253,819,Germany,Female,50,5,0.0,1,1,1,84679.0126801551,1
254,732,France,Female,64,1,83301.87510796613,2,0,1,73526.82861490078,0
255,528,France,Male,31,1,169913.8034868748,2,1,0,128426.28076479661,0
256,611,Germany,Male,37,2,138918.51182287512,1,1,1,42136.93111786907,0
257,751,France,Male,34,4,0.0,1,0,1,188978.2145230514,0
258,593,France,Male,45,5,147888.93745295343,2,1,1,58922.60986147589,0
259,685,France,Male,50,4,157191.92510261148,1,1,1,141783.00224197767,0
260,711,Spain,Male,54,0,119112.25280326403,2,0,0,93160.41908454639,0
261,575,Spain,Female,45,0,0.0,1,1,1,48879.99420754734,0
262,645,Germany,Male,63,6,99472.8562127838,2,1,0,90537.75256750883,1
263,390,France,Female,32,9,171142.96140563133,2,1,1,78859.66349069121,0
264,568,Germany,Male,29,6,121317.92986144715,1,1,1,158260.30962649672,0
265,629,Spain,Female,52,9,154519.4883398685,1,1,1,135131.8922555736,0
266,550,France,Female,39,5,0.0,4,1,1,168299.67273849546,1
267,780,Spain,Female,24,8,0.0,2,1,0,17907.036363304625,0
268,535,Spain,Female,34,1,154096.31666743004,1,1,0,168226.19714857542,0
269,614,Spain,Male,40,0,81033.61629800976,1,1,0,88225.11569925922,0
270,660,France,Female,31,10,0.0,3,1,1,59122.433507528316,0
271,765,France,Male,27,5,145897.31932092868,2,0,0,48743.04835579119,0
272,535,France,Male,35,5,109077.40278410952,1,1,0,75861.35361509076,0
273,743,France,Male,27,8,156189.68719234655,1,1,0,75781.78592632378,0
274,650,Spain,Female,44,10,132407.80442004633,2,1,0,37080.59017826617,0
275,571,France,Male,18,9,0.0,2,0,1,123891.81888636076,0
276,686,Germany,Female,38,0,117169.24105114418,2,0,0,25698.065682485205,0
277,665,France,Male,43,10,120004.81246785086,2,1,1,105032.25858193307,0
278,601,France,Female,37,0,0.0,2,1,1,84416.07483491236,0
279,655,Spain,Female,48,9,144437.3961487658,1,1,1,164887.182321151,0
280,619,France,Male,24,5,81415.86022728331,1,1,1,51845.747302427546,0
281,659,Germany,Male,30,4,120564.95897042064,2,1,0,116412.00725575964,0
282,702,France,Female,34,10,0.0,1,1,1,32446.688092737902,0
283,776,France,Male,45,5,111817.21364965707,2,1,1,146212.1236418675,0
284,550,Germany,Male,40,5,126418.09716380142,2,1,1,71742.7237049805,0
285,820,Spain,Female,59,3,0.0,1,1,1,192219.11815810102,0
286,493,France,Male,29,9,0.0,2,1,1,182315.8964693381,0
287,637,France,Male,24,7,112295.84832993851,2,1,0,100945.40621590045,0
288,697,Spain,Male,55,4,66419.84976031627,2,1,1,159968.55916248693,0
289,672,Germany,Male,23,5,120962.70377272063,2,1,0,24102.397027165578,0
290,600,Germany,Male,44,1,82902.3065208859,1,1,1,158640.23659662416,1
291,633,France,Male,28,0,147226.69092122826,1,1,0,95044.61464629922,0
292,610,Germany,Male,18,7,0.0,2,0,0,27979.166564839637,0
293,602,France,Male,34,5,158456.929652285,1,1,1,62885.34313181756,0
294,717,France,Female,46,8,0.0,1,1,1,66877.96537607303,0
295,678,Germany,Female,25,4,140546.99299403268,2,0,1,146177.80246686374,0
296,594,France,Female,43,7,0.0,1,1,1,159438.66720872678,0
297,721,France,Male,45,6,0.0,2,0,0,111332.3437684438,0
298,674,France,Male,25,10,121611.09599299448,2,1,1,72844.73003277712,0
299,715,France,Female,35,9,158963.16220046993,2,0,1,87415.45058573966,0
300,700,Spain,Female,53,0,0.0,1,1,0,128741.80393565456,1
301,583,Spain,Male,44,6,137563.90991586493,1,1,0,129984.32694368438,1
302,605,France,Male,35,3,93510.32545082353,1,1,1,44407.64188903456,0
303,709,Spain,Male,42,5,145494.8266673193,1,1,1,105110.2773921811,0
304,698,Germany,Female,31,8,175454.51849508984,2,1,1,117797.83811555289,0
305,648,Germany,Male,49,8,122095.9118477475,1,0,0,152418.0698759838,1
306,659,France,Female,49,8,96700.51216633347,1,1,0,98752.36457733432,1
307,752,Germany,Female,39,4,0.0,2,1,0,187962.3785647207,0
308,602,Spain,Female,40,3,0.0,2,1,1,136465.22504247865,0
309,693,France,Female,28,5,81817.24991312742,1,1,1,147206.954058876,0
310,633,France,Male,24,9,0.0,2,1,1,121418.91827930507,0
311,632,France,Female,34,4,73642.82837469841,1,0,1,170635.41364308583,0
312,737,Spain,Female,37,9,130118.24880304399,1,1,0,78319.8837961794,0
313,716,France,Female,48,4,97054.79703946698,1,1,1,16086.67537254994,0
314,715,Spain,Female,47,7,0.0,2,1,1,31759.926170423136,0
315,754,France,Female,39,9,153470.93194122412,2,1,1,91391.67478841952,0
316,651,Germany,Male,49,4,131491.2342075272,2,1,1,84547.97334575106,0
317,704,France,Male,28,0,0.0,1,1,0,94942.98442881386,0
318,625,Germany,Female,48,4,101056.3202253871,2,1,0,112398.87816092825,1
319,675,Germany,Male,30,4,73235.02808763423,1,1,1,87490.24726868073,0
320,639,France,Male,50,4,0.0,1,1,1,18786.937748823708,0
321,657,France,Male,37,2,106871.14381409915,2,0,1,161946.24810017413,0
322,697,France,Female,18,8,120454.26167197723,2,1,1,187596.8499370788,0
323,584,Germany,Male,45,4,116989.78461571808,1,0,1,120015.3229475084,1
324,817,Spain,Female,46,1,127330.33096185738,1,1,0,98914.28098238005,0
325,569,France,Male,33,4,147374.83119119087,1,1,1,31665.066258206574,0
326,552,France,Male,34,8,0.0,1,1,1,185410.18662673296,0
327,742,France,Male,36,7,137846.66620077737,2,1,1,78716.47000178811,0
328,713,Germany,Male,18,5,0.0,1,0,1,157326.6217364607,0
329,699,Spain,Female,18,8,0.0,2,0,0,46741.51330454838,0
330,700,Germany,Female,51,6,75575.98599661436,1,1,0,182703.674500904,1
331,649,France,Female,29,1,102254.31947160664,2,1,1,145280.99000657778,0
332,578,France,Male,56,0,112708.70268770143,1,1,1,69539.83118830452,0
333,656,Germany,Male,51,2,63945.3196240861,2,1,1,154113.60108459648,0
334,595,France,Male,53,10,0.0,1,1,1,67814.0137786968,0
335,728,Germany,Male,31,3,155968.36186034934,1,1,1,50799.58387969177,0
336,638,France,Male,21,8,118171.0942571147,2,0,1,163460.77106735145,0
337,583,France,Female,27,4,130590.49790640356,2,1,0,186689.64012055297,0
338,624,Spain,Male,33,1,160050.52143117698,1,1,0,19856.25125440737,0
339,683,Germany,Male,18,9,123056.63295917262,2,0,0,26536.59432668522,0
340,604,Germany,Female,33,4,0.0,1,0,1,178381.8813903226,0
341,584,France,Male,35,1,0.0,2,1,0,189976.06703177554,0
342,669,France,Female,25,8,0.0,2,1,0,144192.25656966964,0
343,669,Spain,Female,27,5,120301.2019727841,2,0,1,91801.44738772824,0
344,609,Spain,Male,35,4,0.0,1,1,1,108295.36955490163,0
345,612,Spain,Male,41,1,136836.69409833767,1,1,1,80488.3617954282,0
346,668,France,Female,29,6,140395.25248015422,2,0,0,189331.06594484608,0
347,534,Germany,Male,40,6,115754.60660415908,2,1,0,139484.2368414854,1
348,537,Spain,Male,39,1,0.0,1,0,0,190120.26656353,0
349,592,Germany,Female,38,9,0.0,1,1,0,181759.6314494221,1
350,632,Spain,Male,31,5,142765.49587986723,2,1,1,140224.417689748,0
351,674,France,Male,24,9,62078.73476769657,2,0,1,54450.8562707205,0
352,768,Germany,Female,54,9,0.0,1,1,1,95368.31522534712,1
353,718,Spain,Female,44,2,0.0,2,0,1,138037.36497429822,0
354,637,Germany,Male,48,7,0.0,1,1,0,99097.8011393424,1
355,648,Germany,Male,37,4,0.0,1,1,0,94078.88061081349,1
356,569,Spain,Male,36,7,117527.97837244021,2,1,1,90384.90954850546,0
357,648,Spain,Male,42,6,0.0,2,1,1,43951.675837126684,0
358,626,France,Female,19,10,0.0,1,0,1,83241.8720600148,0
359,675,France,Female,26,7,186524.4268100573,2,1,0,197687.53725566517,0
360,583,France,Female,30,0,78432.07231035698,4,1,0,58736.7587762501,1
361,691,France,Male,33,5,90254.64640334017,1,1,0,68993.84879944002,0
362,772,France,Male,29,10,0.0,1,1,0,193034.6415709419,0
363,641,France,Male,41,2,120609.86316447653,2,1,0,107291.4786811448,0
364,682,France,Male,38,4,126970.91638526181,1,1,0,156632.34757654808,0
365,705,France,Male,51,1,90338.0386941398,1,1,0,56799.17087248764,1
366,617,France,Male,62,10,160311.14134090018,1,1,0,86506.60470923287,1
367,667,France,Male,25,3,141179.0147900481,2,1,0,128234.76915751772,0
368,651,Spain,Female,39,5,156012.44827014394,1,0,0,57599.480226212894,0
369,657,Spain,Female,39,0,120003.40464496874,2,0,1,83107.05043275801,0
370,588,France,Female,37,1,162748.82913191436,1,1,1,100435.6695813751,0
371,651,Spain,Male,27,1,116685.12906732538,2,1,1,169880.26256349837,0
372,689,Germany,Female,28,8,78219.53100954733,2,1,0,141607.99695192766,0
373,766,France,Female,40,10,153823.39109626756,2,1,1,184112.52530491512,0
374,726,Spain,Male,28,4,87256.90658419134,2,0,1,193720.61794901575,0
375,822,Germany,Female,39,4,0.0,1,1,1,99830.64988969476,0
376,588,Germany,Female,35,5,94302.61255200353,2,1,0,89803.21471361627,1
377,719,France,Male,39,9,161745.77360511504,1,1,1,116502.84622830873,0
378,664,Spain,Male,28,2,0.0,2,1,0,180594.95059088146,0
379,825,France,Male,39,8,128913.66163557727,1,1,0,13752.808764406023,0
380,585,Spain,Male,29,2,152725.2572883193,2,1,1,54075.307320472406,0
381,582,Germany,Male,39,3,0.0,1,1,1,169144.21815657732,0
382,602,Spain,Female,51,8,132165.67819370702,2,0,0,109191.10109401915,1
383,480,Germany,Female,40,9,0.0,2,1,1,168326.8171149645,0
384,607,France,Male,41,7,0.0,1,1,0,133799.607888274,0
385,589,Germany,Female,46,5,120369.18572852011,1,1,0,164476.27062870015,1
386,662,Spain,Female,23,7,149939.50183804485,2,1,1,89495.91315208975,0
387,677,France,Male,55,0,116496.33738946656,1,1,0,11894.573849387878,1
388,800,Spain,Male,27,3,119575.83496057315,2,1,1,138058.60800121963,0
389,726,France,Female,46,9,175019.92463479537,1,1,0,104437.4618540939,1
390,603,France,Female,45,10,78488.26690609806,1,1,0,196837.60407767844,1
391,578,Germany,Male,28,3,140715.18004921637,1,1,1,32845.97653381845,0
392,689,France,Male,48,1,175876.82590375148,1,1,0,127710.49107262208,0
393,544,Germany,Male,42,1,116529.10640415571,2,1,1,67233.25300889462,0
394,796,France,Female,56,10,80440.45545171142,1,0,0,105447.15683159659,1
395,744,France,Male,39,9,101618.88570297713,2,1,0,23934.65032319893,0
396,612,Germany,Female,36,8,112058.65862240885,1,1,1,173590.64505031495,0
397,512,France,Male,32,5,164965.22158875,2,0,1,179381.62417459447,0
398,758,Spain,Male,20,6,73529.78975546698,1,1,1,103406.58269557846,0
399,640,Spain,Female,34,10,0.0,2,1,0,25870.21967631032,0
400,749,Spain,Male,35,10,0.0,1,0,0,120417.21182466095,0
401,522,Germany,Female,40,3,104338.4539894507,1,1,1,64469.22764850141,1
402,602,Spain,Male,23,2,155392.35802739987,1,1,1,14745.63623543405,0
403,650,France,Female,35,2,138098.4935323989,1,1,1,167643.6964820245,0
404,653,Germany,Male,43,4,131735.6826006213,2,1,0,34517.66123289267,1
405,613,France,Male,44,10,150208.28459834255,1,1,1,185776.3167193457,0
406,699,Spain,Female,19,5,119895.20506054492,1,1,0,135989.3440293171,0
407,564,Germany,Male,45,1,124751.346081214,1,0,0,37182.564261809704,1
408,638,Spain,Female,35,6,116567.3292525027,2,1,0,60588.85392741857,0
409,659,Germany,Male,36,6,133363.7076550697,2,1,0,195557.84174186818,0
410,691,Spain,Female,18,0,132004.9167365126,2,1,1,133224.05432128752,0
411,706,Germany,Female,52,6,168498.55632200895,2,1,1,101592.99108358946,0
412,560,Germany,Female,39,3,73920.85543689506,3,0,1,191273.29259061452,1
413,527,France,Female,22,3,0.0,2,1,1,15780.637878159989,0
414,752,France,Female,41,2,0.0,1,0,0,82863.39579001171,0
415,676,France,Female,41,8,159605.8385189737,1,1,0,165466.3831783617,0
416,590,Spain,Male,50,2,93034.46560530973,1,1,0,191474.57994951526,1
417,774,France,Female,34,3,0.0,1,0,1,158978.5854296048,0
418,659,France,Male,38,2,121002.88046641498,1,0,1,131082.03630010982,0
419,744,France,Male,31,7,133981.16658681273,1,1,0,34432.86554854661,0
420,655,Germany,Male,43,7,114749.46424230502,1,1,1,111993.60671999467,0
421,814,Spain,Female,30,9,103494.72357386858,1,1,1,119184.87863097778,0
422,790,France,Male,29,7,99925.15908503377,1,1,0,167373.02470256088,0
423,630,France,Female,37,4,0.0,2,1,1,137121.72880819015,0
424,727,France,Male,25,6,0.0,1,1,1,170637.8774001855,0
425,701,France,Male,54,2,109043.18918881947,2,1,0,120329.41398685156,0
426,759,France,Female,57,7,97876.10375523123,2,1,0,35747.16944659616,1
427,572,Germany,Male,33,9,179222.079693101,2,1,1,152358.9952776653,0
428,704,Germany,Male,24,1,133322.66361551685,1,1,1,130873.19828707748,0
429,734,France,Male,41,7,0.0,1,1,0,76152.0580008384,0
430,509,France,Female,33,5,133050.2430652239,1,0,0,165718.99969279667,0
431,555,France,Male,49,1,73114.2919124805,1,1,0,177811.54704442926,1
432,486,France,Male,30,5,157900.3697992507,1,1,0,149440.60833650592,0
433,628,France,Female,43,10,0.0,2,1,0,101962.17977980763,0
434,707,France,Male,39,9,152946.99321180582,2,1,1,68767.52132657898,0
435,770,France,Female,31,1,121976.69331116852,2,1,0,53429.6041886323,0
436,655,Germany,Male,40,2,128204.30172873967,2,1,1,167812.37908922936,0
437,780,Spain,Male,46,10,123668.70639844498,1,1,0,133648.99548098684,0
438,539,Spain,Female,38,4,36280.42386141526,1,1,1,131740.01255484333,0
439,513,France,Female,38,0,135942.88457649486,1,1,1,48085.4117072826,0
440,645,Germany,Female,29,8,91320.62658357868,2,1,1,115568.08427999541,0
441,680,Germany,Female,49,9,120534.78414736055,1,1,1,197626.07310915113,1
442,647,France,Male,48,2,136555.4381456339,1,1,0,94869.49429046741,1
443,484,France,Male,33,0,162405.42717958178,2,0,0,114819.67024882084,0
444,642,Spain,Male,36,5,152816.56205368726,3,1,0,176436.3134765848,1
445,545,France,Female,52,0,88153.046446019,2,0,1,176013.85959020036,0
446,703,France,Female,26,2,79604.80341628523,1,1,1,22550.11671866239,0
447,679,Spain,Female,44,6,0.0,2,0,0,181541.06216327692,0
448,574,Spain,Male,32,3,136951.71422223508,1,1,1,134658.69895714562,0
449,608,France,Male,55,8,141435.4030043502,2,1,0,75065.38343090634,1
450,565,Spain,Female,38,6,146703.61957072548,2,0,0,155701.26701448203,0
451,644,Germany,Female,50,4,104431.08453188675,1,1,0,102777.93374802168,1
452,726,France,Female,30,8,0.0,2,1,0,114145.20080689821,0
453,571,Spain,Female,25,2,82981.89297212476,1,0,1,131172.9138198847,0
454,690,France,Male,35,10,158833.11302879217,2,1,1,163224.32154307855,0
455,607,France,Male,40,7,0.0,3,1,0,99626.92942943498,1
456,586,Spain,Male,32,7,0.0,1,1,1,59307.58810669055,0
457,641,France,Male,45,3,97783.77796563934,4,0,0,126352.03216993036,1
458,567,France,Male,35,0,87339.49560779899,1,1,0,194600.30686733194,0
459,605,France,Male,18,3,0.0,1,1,1,28513.480829305998,0
460,554,Spain,Male,43,8,87977.89365336757,4,1,0,11262.814472449181,1
461,807,Spain,Female,29,9,0.0,1,1,1,83770.49753183832,0
462,652,France,Female,34,0,122043.13200720373,2,1,1,113370.45142016296,0
463,594,Spain,Female,53,2,111741.19930351402,1,1,0,107084.03739208197,1
464,667,France,Male,55,7,143586.0391096516,2,0,0,69865.53830186675,0
465,641,Spain,Male,32,2,0.0,1,0,1,187337.8275732745,0
466,632,France,Male,43,1,133244.74024475703,2,1,1,56341.91936842057,0
467,699,Spain,Female,32,0,119329.13471126305,2,1,1,33255.72394311945,0
468,710,Germany,Female,35,8,113248.57106234664,2,1,0,52508.67447585565,0
469,607,Germany,Male,31,10,141343.18876710584,2,1,0,28473.786916916102,0
470,603,France,Female,20,9,0.0,1,1,1,170714.08152438537,0
471,627,Germany,Male,38,2,126403.0842698979,2,1,0,86294.79447416255,0
472,465,France,Female,40,6,134711.17451203018,2,1,0,167823.08208280773,0
473,528,Germany,Male,31,9,0.0,1,1,1,131212.74370938033,0
474,759,France,Male,48,2,100143.46006138908,2,0,0,100163.5102979016,0
475,781,France,Male,33,7,128104.84698314861,2,0,1,29441.291191068754,0
476,630,France,Female,31,8,109697.36897482802,1,1,0,17056.648703457424,0
477,696,France,Female,43,7,0.0,2,0,0,115897.91636406166,0
478,674,Spain,Female,22,4,165428.10821732145,1,0,1,48006.687404942924,0
479,850,Germany,Male,47,10,158960.72042576014,1,1,1,94177.50721832222,0
480,739,Spain,Male,33,9,82710.94600756047,1,1,0,189821.28453340696,0
481,639,Spain,Female,47,1,148696.5201522744,2,0,1,35398.90276708181,0
482,573,Germany,Female,50,5,142365.98286295388,2,1,1,144245.7306469424,1
483,521,France,Female,44,7,125974.22780642394,2,1,0,50297.973662270444,0
484,666,France,Male,29,1,0.0,1,1,1,55772.62713084119,0
485,589,France,Male,25,5,166663.75441893187,1,1,1,131344.09555426374,0
486,536,France,Male,23,6,143072.88659951644,3,0,0,34866.750809291116,1
487,598,France,Female,49,8,0.0,1,1,0,83657.8591212791,1
488,563,France,Female,36,10,107137.29213937998,1,1,1,82239.60867447607,0
489,784,France,Male,32,8,0.0,1,1,1,96510.32425140645,0
490,720,France,Male,36,1,131340.07064738453,2,1,1,70515.30382432038,0
491,649,Germany,Male,48,0,157404.9058139162,2,0,0,61940.02344425173,1
492,768,France,Male,45,6,82547.14731242487,2,0,0,158570.01472486576,0
493,656,Spain,Female,42,5,147052.92767890164,1,1,1,25153.435986669272,0
494,581,Spain,Male,44,9,0.0,1,0,0,171465.81856467886,1
495,771,Spain,Female,39,9,71715.07643974094,1,1,1,169292.93172889185,0
496,693,France,Female,41,9,0.0,1,1,1,187197.60550974598,0
497,567,France,Female,40,3,84241.35678137623,1,1,1,55549.42106040744,0
498,634,France,Female,37,10,0.0,1,0,0,184112.76199544437,0
499,579,France,Female,45,10,0.0,1,0,1,95581.83940168573,0
500,539,France,Female,41,8,90109.84763576555,1,1,0,139913.92648445856,1
501,724,Spain,Male,29,0,158811.87838722614,1,1,1,171838.1949790495,0
502,802,Spain,Female,43,6,91808.01957293945,2,1,1,21899.58755950996,0
503,538,Spain,Female,40,4,128950.71042421048,1,0,1,16596.719785260033,0
504,695,France,Male,44,4,0.0,1,1,0,48343.59401547513,0
505,597,France,Female,36,5,103934.33075929208,2,0,0,116540.18599216845,0
506,611,Germany,Female,46,1,0.0,1,1,1,157839.52616128518,1
507,602,France,Female,37,10,114043.5489539919,1,0,1,157339.05398097017,0
508,580,Spain,Male,45,10,152959.2318047302,2,1,0,179682.01135985827,0
509,653,Germany,Female,33,2,150272.8876309234,2,1,1,115707.61341766002,0
510,583,France,Male,34,10,0.0,1,0,0,116442.67660663894,0
511,671,France,Female,44,8,164187.4918942846,1,0,0,24896.763996434416,1
512,645,France,Male,34,3,140014.96029260725,1,1,0,155402.3525934442,0
513,630,France,Female,60,5,0.0,1,1,0,101310.109817534,1
514,577,France,Male,43,2,101487.91385051614,3,1,1,49653.664477681756,1
515,603,France,Male,38,2,181349.25853039874,1,0,1,33766.862200595475,0
516,710,France,Male,46,8,144580.13958667123,1,1,1,178944.3456238861,0
517,690,Spain,Male,33,8,125154.70459607929,2,0,1,119517.54810034158,0
518,571,Germany,Female,47,2,0.0,3,1,0,127457.85931715032,1
519,657,France,Female,46,2,0.0,1,0,0,55744.5517344091,1
520,710,Germany,Male,50,5,190911.51605636248,1,1,0,114559.31557948973,1
521,516,Germany,Male,33,0,96131.04155620871,2,1,1,40216.02767872995,0
522,693,Germany,Male,25,4,146071.0611636162,2,1,1,89585.54039061608,0
523,596,Germany,Female,31,8,156895.95297271412,2,1,0,56756.96706754608,0
524,695,France,Male,35,8,0.0,1,1,1,41645.56956637319,0
525,588,France,Male,54,7,97450.64468789482,1,1,0,161898.69036196667,1
526,505,Spain,Male,59,5,76237.12999290052,1,1,0,135721.10577167146,1
527,519,Spain,Male,41,8,90976.56737725208,1,1,0,161920.07126637778,1
528,653,Germany,Male,38,2,0.0,3,0,0,168822.45542523227,1
529,670,Germany,Male,34,8,0.0,1,1,1,84054.65800548662,0
530,577,Spain,Female,46,7,139351.93465846067,1,0,0,153677.30882895165,1
531,701,France,Female,59,0,144955.76620983536,1,0,0,149449.39263576092,1
532,517,France,Male,55,8,0.0,3,1,1,56866.88971666944,1
533,644,France,Female,49,7,0.0,1,1,1,140937.39672564212,0
534,553,Spain,Male,49,7,138703.20092628693,1,0,1,186343.3755537405,0
535,597,Spain,Female,46,5,45890.59107899784,3,1,1,140303.93162032895,1
536,653,Germany,Male,37,8,0.0,1,1,0,72195.92545311648,1
537,581,Spain,Female,30,7,53625.33128110088,2,1,1,143370.3132010904,0
538,619,Germany,Female,37,1,0.0,2,1,0,120436.66241816661,1
539,730,Spain,Male,42,5,0.0,2,1,1,163085.76203327798,0
540,603,Germany,Female,23,10,0.0,2,1,0,61634.95368407806,0
541,716,France,Male,36,7,64914.149637181574,2,1,1,40824.703959326645,0
542,559,Germany,Female,29,5,123084.58165108468,2,0,1,92177.81137306661,0
543,692,Spain,Male,48,10,105639.0884850634,1,1,0,128997.89813153306,0
544,765,France,Male,32,8,0.0,1,1,1,28390.31740823632,0
545,452,France,Female,41,4,0.0,2,1,1,60013.683635812515,0
546,586,Germany,Male,30,7,79348.59979233562,2,0,1,41735.99655383175,0
547,696,France,Male,53,9,140307.85850245942,2,1,0,156348.5000130147,0
548,633,France,Male,20,1,0.0,1,0,1,143848.28138494046,0
549,679,France,Female,42,4,134188.02772120712,2,0,0,128829.00319767812,0
550,601,Spain,Male,25,0,114692.30384595525,1,0,1,97982.01638352391,0
551,656,Germany,Male,32,4,114785.2513122897,2,1,1,95018.04401376915,0
552,637,France,Female,40,6,0.0,1,1,0,108304.40386621279,0
553,743,France,Male,40,0,0.0,1,1,0,165520.04542796887,0
554,670,Germany,Male,40,9,153715.62442217107,2,0,1,123275.00852441351,0
555,677,Germany,Male,39,2,150938.14534523358,1,1,0,151827.4225267081,1
556,617,Germany,Male,31,5,0.0,2,0,0,59627.294114491735,0
557,610,France,Male,36,0,0.0,2,1,1,100775.81174364679,0
558,615,France,Female,38,2,96475.38547413045,1,0,1,129774.96640788236,0
559,681,France,Male,39,7,104728.33256181578,1,1,0,69877.88243707069,0
560,616,Spain,Male,37,8,0.0,2,1,0,108697.79698471256,0
561,673,France,Male,45,6,102138.90815456315,1,1,1,169619.91387414007,0
562,816,France,Male,38,3,128865.88957571957,2,0,1,24696.651591908234,0
563,719,France,Female,40,6,117157.43056373691,1,1,0,163706.65217675493,0
564,623,France,Male,34,6,103619.23803602485,2,0,0,124598.46658439701,0
565,746,Germany,Male,27,10,148062.4109503533,2,0,1,88141.17377148078,0
566,617,France,Male,39,6,90912.11889788993,2,1,0,116637.18089430049,0
567,486,Spain,Female,50,7,120749.60698251615,2,1,0,125128.86735698888,1
568,569,Germany,Male,42,10,191514.78216726793,4,1,1,158339.49222676267,1
569,500,France,Male,29,3,165252.16839117874,1,1,1,162403.69178154907,0
570,621,Spain,Female,46,3,104107.49299919646,2,1,1,150602.83511432484,0
571,651,Germany,Male,34,8,0.0,3,0,1,13251.020886932265,1
572,784,Germany,Female,45,7,0.0,2,1,0,115850.37317657785,1
573,676,France,Female,34,10,132984.9660832895,1,0,1,91966.0038075449,0
574,632,France,Male,41,3,173279.27027762798,2,0,1,119496.89762187995,0
575,716,France,Male,32,5,110649.80927540443,2,1,0,125039.61837749407,0
576,473,Spain,Female,33,8,0.0,3,1,1,127062.07188430073,1
577,668,Spain,Female,22,5,0.0,2,1,0,76496.07388677554,0
578,711,Spain,Female,43,10,0.0,2,0,1,94921.48399687468,0
579,531,France,Male,41,4,139691.57249619524,2,1,1,13035.027889150122,0
580,741,France,Male,42,6,0.0,4,1,0,187734.50429021497,1
581,677,Spain,Female,40,1,80149.96089580616,1,1,0,197716.71170198516,0
582,616,France,Male,30,7,110601.40938806372,2,1,1,86179.82840624914,0
583,700,Spain,Female,47,10,84807.15807158311,2,1,0,89726.53912978631,0
584,831,France,Male,47,6,69917.27640898828,2,1,0,97309.8603826563,0
585,664,France,Female,30,5,115015.04238788674,2,0,1,65754.84561906884,0
586,669,France,Male,43,2,130004.72143009066,1,1,1,92747.56105988559,0
587,613,France,Male,46,8,0.0,1,1,1,78143.53633103715,0
588,582,France,Female,33,1,0.0,3,1,0,13716.568553060226,1
589,716,France,Male,35,3,0.0,1,1,0,34063.42681061304,0
590,581,France,Male,43,1,0.0,1,1,1,24946.620171800958,0
591,655,France,Male,22,5,97240.91480993951,2,1,1,55370.73407582464,0
592,611,France,Female,27,6,77100.90347728862,1,0,1,28957.790543360752,0
593,688,Spain,Female,28,8,171192.26485688597,1,1,0,53737.47281411681,0
594,676,France,Male,20,5,115935.93690504637,1,1,0,10770.273817082625,0
595,733,Spain,Male,48,5,105947.26143320026,1,1,0,197868.2601957921,0
596,609,Spain,Male,18,4,0.0,1,1,0,30755.900601382975,0
597,628,Spain,Female,41,9,91213.24568313183,1,0,0,169615.08278406697,1
598,571,Germany,Male,46,10,115871.04385777842,2,1,1,29394.75449386673,0
599,614,France,Male,35,9,0.0,1,1,1,69153.41957170921,0
600,680,Spain,Male,31,3,0.0,1,1,0,188895.26164591365,0
601,710,Germany,Female,40,9,66036.05862722936,2,1,0,69050.9243220895,1
602,576,Germany,Female,38,10,165573.52720926484,1,1,1,134380.99903173337,1
603,719,France,Male,48,3,0.0,1,1,0,70473.05692617313,0
604,758,France,Male,18,3,130645.8398134754,3,1,1,189148.89743170718,0
605,683,France,Female,28,4,0.0,1,1,0,11990.38859542163,0
606,800,Spain,Female,43,0,108927.60518251662,1,1,0,57715.595522632844,0
607,588,Spain,Male,38,1,134794.2259455594,2,0,1,88503.3893835861,0
608,550,France,Male,45,2,124145.34709579822,4,1,1,166649.05190531202,1
609,507,Spain,Male,40,6,111455.46610196552,1,1,1,118873.66739891416,0
610,769,Spain,Female,36,0,122653.16703903588,2,0,0,180012.37954759435,0
611,702,France,Female,34,2,103262.51369439818,2,1,0,177907.979774109,0
612,645,Germany,Female,61,6,0.0,2,0,0,191510.46461796772,1
613,672,Germany,Male,53,5,124295.01548918808,1,0,0,44714.143032769345,1
614,559,France,Male,42,1,124767.61258579582,1,1,1,90237.73797730241,0
615,845,Spain,Female,38,3,127898.00507069635,1,0,1,91212.47686092599,0
616,660,France,Male,43,0,162829.78185407285,2,0,0,33379.050868980325,0
617,658,Spain,Female,46,4,129233.1070877501,1,0,0,189570.63661769396,1
618,708,Germany,Female,42,1,109273.10301388797,2,1,0,78919.6768896926,1
619,688,Germany,Male,30,7,0.0,2,0,0,131459.91565048345,0
620,667,France,Male,55,9,187620.73921057163,2,1,0,124792.72483435417,0
621,586,France,Female,40,5,86670.00580159201,1,0,0,55023.49788593494,1
622,687,France,Male,58,0,171581.18097567445,2,0,1,118727.24139758752,0
623,800,Spain,Female,39,1,0.0,2,1,1,58702.54613578,0
624,757,France,Male,35,3,122371.31398354062,1,1,1,64312.42994466629,0
625,777,Spain,Female,51,2,0.0,2,0,0,114594.5336123221,0
626,609,France,Female,41,8,107597.0846407762,2,1,0,96797.28776934012,0
627,570,France,Female,39,0,69226.34748562406,1,1,0,90423.36103467745,1
628,639,France,Male,25,6,125067.08026894109,1,0,1,84732.87468587689,0
629,654,Germany,Female,44,8,146680.6668673991,1,1,1,153390.10760796288,1
630,737,Spain,Male,33,8,115626.09788201321,1,1,0,63372.435780242835,0
631,514,France,Male,33,5,106646.7566568652,2,1,1,69405.06660127392,0
632,772,France,Male,33,6,97614.8132927943,2,1,0,120072.1582548894,0
633,637,Spain,Male,42,7,0.0,1,0,0,193218.81608690126,0
634,615,France,Male,22,2,137308.26231382153,1,0,0,65306.29565797491,0
635,569,Spain,Male,35,4,150800.99403613267,1,1,1,89047.93917223993,0
636,517,Germany,Female,47,3,0.0,1,1,1,34384.2563618648,1
637,715,Spain,Female,25,8,105759.22860278598,1,0,1,131754.58440029607,0
638,655,Spain,Male,39,8,141724.99729363914,1,1,1,57731.920220054286,0
639,546,Spain,Female,31,3,84687.73327286777,2,1,1,109943.93777525093,0
640,546,Germany,Male,33,1,114576.47743212349,1,1,1,89811.56013740216,0
641,623,Germany,Male,54,0,142758.71232713762,1,0,0,157417.97243714202,1
642,783,Spain,Female,21,2,117311.68216288487,1,1,0,168249.52233338426,0
643,629,France,Male,45,1,121943.3293191846,1,0,0,150110.85089543113,0
644,529,France,Female,33,4,85580.25066978319,1,0,0,95566.14442073007,0
645,630,France,Male,32,5,103863.43882348473,1,1,0,88846.25096599845,0
646,628,Spain,Male,26,8,128866.39264868772,3,0,1,88348.23792539998,0
647,434,Spain,Male,45,3,143184.32679871513,2,0,0,105310.33890084093,0
648,645,France,Female,36,3,109128.873061474,2,1,1,127598.84445704466,0
649,631,France,Female,34,3,155343.7284136445,1,1,0,71585.18725352429,0
650,705,France,Female,39,0,120747.93000013141,1,1,0,149086.8166650312,0
651,797,Germany,Female,36,2,119686.58433471827,2,1,0,182200.74521450157,0
652,740,Spain,Male,18,3,162335.14248952648,1,1,0,22855.55901627597,0
653,628,Spain,Female,33,0,58126.598567398425,2,1,1,14111.384147131721,0
654,561,France,Male,46,4,0.0,1,1,0,138354.77640774392,1
655,850,Spain,Male,22,9,146432.87268602898,1,1,1,132718.59800869023,0
656,654,France,Female,27,8,111864.42322818942,2,0,1,97091.50853518434,0
657,651,Spain,Male,33,0,133754.87327858922,1,1,1,167364.84434729558,0
658,648,France,Male,30,6,0.0,1,1,0,152391.07538370468,0
659,665,France,Female,37,1,0.0,2,1,1,193666.29610702678,0
660,638,France,Female,27,9,0.0,2,1,0,168811.54908977478,0
661,604,France,Female,34,10,0.0,1,1,1,25556.346045086993,0
662,606,Germany,Male,37,8,0.0,1,1,0,89044.42472642378,1
663,647,France,Male,44,3,154362.8341303901,2,1,1,77731.21084430207,0
664,606,France,Female,50,2,104220.94012874224,2,1,1,168654.43319854338,0
665,592,Spain,Female,35,10,133013.7199640014,2,1,1,54774.0028779853,0
666,658,Germany,Male,56,6,0.0,1,1,0,30894.51175507513,1
667,629,France,Female,36,5,99403.10776650121,2,1,0,24830.65477357262,0
668,770,Spain,Female,46,10,140924.30860458006,2,1,0,116774.05089479404,0
669,437,Germany,Male,57,9,0.0,2,1,1,68126.41537461143,1
670,737,France,Female,39,7,114504.72315161259,1,1,0,45971.24947979744,0
671,749,France,Female,24,8,155858.74243022702,1,0,1,182803.212856253,0
672,484,France,Male,38,6,70691.5803941617,1,1,0,12852.563605986603,0
673,622,Germany,Male,31,5,150543.09399772363,1,1,0,93829.8762282163,1
674,620,France,Female,35,7,114640.84810782771,2,1,0,102261.77557095778,0
675,537,France,Female,57,8,0.0,1,0,1,112411.68559818115,1
676,587,Spain,Female,25,7,89611.73160447986,1,0,0,154545.70127767432,0
677,561,Spain,Female,41,5,105581.7920253827,2,1,0,11212.85436051331,0
678,790,France,Male,29,7,88752.36300225726,2,0,1,54972.03211121957,0
679,724,Spain,Male,34,8,90284.23069358816,1,1,1,158473.97354328042,0
680,751,France,Male,45,5,135541.66404452515,2,0,1,74460.87174518374,0
681,707,France,Male,41,5,103082.88291253801,2,1,1,119417.9798948499,0
682,559,Spain,Female,35,1,53927.480008808285,2,1,1,63657.19597916695,0
683,608,Germany,Male,31,8,128588.41217507864,2,1,1,25936.514792610833,0
684,689,France,Female,41,7,101158.42479334376,1,1,1,57891.92841433081,0
685,552,Germany,Male,55,4,0.0,1,0,0,166616.52043391595,1
686,707,Spain,Male,28,9,0.0,2,1,0,74706.40406511212,0
687,630,France,Male,57,2,67698.2651712719,2,1,1,114300.3844269048,0
688,620,Spain,Female,49,8,0.0,1,1,0,12484.716714495731,1
689,706,France,Male,51,10,87754.97548378557,1,0,1,109194.6415033449,0
690,685,Germany,Male,41,9,90395.84658792481,2,1,1,147668.1680881843,0
691,621,Germany,Female,49,6,110557.3119619059,2,1,0,120558.1475150097,1
692,742,France,Female,27,8,115142.23870481086,2,1,1,14317.032564344123,0
693,563,France,Female,31,6,110522.06314384902,2,1,0,14020.72846914152,0
694,699,France,Male,45,7,0.0,1,0,0,178556.02940098642,0
695,697,France,Male,40,9,137961.5478912328,1,1,1,50748.01326317249,0
696,625,France,Female,36,4,0.0,2,1,1,139760.8507694821,0
697,676,France,Female,18,9,0.0,1,0,1,15976.50020053846,0
698,549,Spain,Female,33,9,144349.36195818018,1,1,0,67919.52093369616,0
699,723,France,Male,26,5,102078.64099470328,1,1,1,71736.09949655537,0
700,635,Germany,Male,42,7,119905.08292146854,2,1,1,171932.6166622385,0
701,608,Germany,Male,36,6,122640.70188916104,2,1,1,162854.41159940447,0
702,733,France,Female,31,0,78028.6871209695,1,1,1,168076.37958677538,0
703,593,Germany,Male,64,9,55232.73481184253,1,1,1,188939.50537714112,1
704,537,France,Female,48,3,121330.4769606837,2,1,1,80702.12723510638,0
705,525,France,Male,48,7,88493.81188270346,2,0,0,51391.4834143622,0
706,698,Spain,Female,60,10,168384.6599564759,1,1,0,150036.83626683804,1
707,547,France,Male,46,8,141144.62679885974,2,1,1,25816.494969169733,0
708,790,Spain,Female,30,5,89215.08670355525,1,1,1,195733.77650829928,0
709,483,Germany,Male,29,10,66016.31226197774,2,1,0,151567.30982490498,0
710,785,Germany,Female,47,3,0.0,1,1,0,64165.928719928495,1
711,666,Spain,Female,18,1,123094.70889881547,1,1,1,160297.86403659076,0
712,642,Germany,Male,37,8,110910.27038240837,1,1,0,183181.01702636748,1
713,606,France,Female,18,0,141139.21593181632,1,0,1,38944.483556454674,0
714,681,France,Female,38,4,88049.39326004239,2,1,1,135533.4421143044,0
715,646,Spain,Female,46,7,134225.87834310764,2,0,1,37205.868268387334,0
716,738,France,Female,40,3,129745.06690257248,2,1,0,117989.11067490435,0
717,659,France,Female,47,0,157782.25452852677,2,1,0,44671.964787225814,0
718,662,France,Male,57,3,125524.59945962219,1,1,1,106970.31190520783,0
719,620,Spain,Male,36,4,93877.14978184766,1,1,1,104742.7753893479,0
720,645,France,Female,66,4,159656.39170336703,1,1,0,66724.4575211186,1
721,674,Spain,Male,40,0,0.0,1,1,0,20299.516400073386,0
722,513,France,Male,47,1,107624.27255406804,1,1,0,159770.5661663193,1
723,542,France,Female,31,5,0.0,2,1,1,100303.7484219312,0
724,709,France,Male,54,9,156184.22280090256,2,1,0,138983.6076922402,0
725,663,France,Female,48,4,151772.09564377315,1,0,0,175910.81871099834,1
726,635,Germany,Female,52,8,137186.2538532438,1,1,0,58548.746389040905,1
727,651,France,Female,38,6,146614.0253174565,2,0,0,119941.5989599129,0
728,677,France,Male,25,4,132485.9569222992,1,1,1,165750.05799029997,0
729,606,Spain,Male,42,8,0.0,2,1,0,187251.7652989862,0
730,587,France,Male,21,0,148386.80375999815,1,0,1,23012.625083691415,0
731,665,France,Male,34,2,0.0,1,1,0,38386.31458454736,0
732,571,France,Male,39,1,119256.5416945674,1,1,1,33155.10439502905,0
733,682,Germany,Male,61,6,0.0,2,1,1,30309.743791274017,1
734,513,Spain,Male,41,8,185051.9504920331,1,0,1,185112.75569545702,0
735,732,France,Male,39,1,90760.93569541299,1,1,1,131595.80537402333,0
736,687,France,Female,37,5,149947.1082113501,2,1,0,176457.45279657637,0
737,670,France,Male,24,1,126459.12589823785,1,0,1,91763.10982907258,0
738,728,France,Male,38,2,109722.13775325741,1,1,0,179553.12666923593,0
739,783,Spain,Female,39,0,63787.71952900693,4,0,1,130921.12382324277,1
740,731,Germany,Female,28,5,0.0,1,1,1,161541.69351723872,0
741,502,France,Male,26,1,126827.00472447081,2,1,1,119816.51395628999,0
742,547,Germany,Female,33,2,0.0,3,1,1,66760.87715771783,1
743,600,France,Male,38,5,0.0,2,1,0,117337.83440330927,0
744,652,France,Male,33,5,154144.3995286331,1,0,1,148075.94660408277,0
745,691,France,Female,27,3,114838.15875656856,1,0,0,136985.84555262752,0
746,591,France,Female,40,0,153230.97250151556,1,1,0,98506.94221974131,1
747,664,Germany,Female,43,6,159113.34798620403,1,1,0,14040.689135871271,1
748,589,France,Female,39,1,100333.09439370324,1,1,1,120057.41579781852,0
749,601,France,Female,32,5,0.0,1,0,1,185866.9911004947,0
750,537,Germany,Female,43,6,0.0,1,1,0,185842.97723723552,1
751,576,Germany,Male,36,1,150431.686363779,2,1,0,173492.90785210492,0
752,541,Germany,Female,26,5,109845.62103795537,1,1,0,127680.59166952723,1
753,571,Germany,Male,48,0,98415.94757561572,1,0,0,106784.11596889672,1
754,734,France,Male,41,5,148882.83083963345,1,1,0,14374.534783281835,0
755,574,Germany,Male,36,7,0.0,1,1,0,76563.52460094972,1
756,850,Spain,Female,22,7,88778.46559249089,2,1,0,172191.29440629765,0
757,689,Germany,Female,30,6,0.0,2,1,1,40118.39684868132,0
758,664,Germany,Female,58,3,151740.01986117498,2,0,1,163365.7964868668,1
759,581,France,Male,22,3,100866.51618823517,1,1,0,61541.63853584392,0
760,706,Germany,Male,35,4,97127.45820525904,2,1,1,113974.41329071994,0
761,603,France,Male,37,7,114721.83944138352,1,0,1,65528.97472767994,0
762,659,France,Male,41,3,0.0,2,0,1,62008.95044759794,0
763,850,France,Female,23,8,154162.63517794054,1,1,1,175769.87922951404,0
764,642,Germany,Male,39,2,87557.25563193738,2,1,1,141324.99268238814,0
765,741,France,Female,21,8,0.0,2,1,0,50917.05371998368,0
766,593,Spain,Male,38,1,113807.45412449646,1,1,1,100784.59155517809,0
767,647,France,Male,31,5,0.0,1,1,0,107390.67927699327,0
768,791,Germany,Female,29,4,0.0,1,1,1,148613.78815727786,0
769,599,France,Male,46,4,101914.97650957602,1,1,0,139228.38697435416,1
770,794,Germany,Male,35,10,71107.18351991873,2,0,1,138023.88407881698,0
771,706,Germany,Male,42,5,0.0,2,1,1,82325.74253134472,0
772,605,France,Female,43,9,123791.76613596713,1,1,0,53953.4034844681,1
773,700,France,Female,50,6,146170.7300135463,2,1,1,105508.78106122291,0
774,727,Spain,Female,25,3,54118.08769387574,1,1,1,153449.83689018886,0
775,699,Germany,Female,47,3,97843.98570203749,1,0,1,180614.7743776238,1
776,524,Germany,Female,38,8,99663.18584213052,2,0,0,149375.24004542615,1
777,591,France,Female,34,3,149953.50250542027,2,1,0,85077.82187726708,0
778,630,Germany,Female,26,7,171120.66824178683,1,1,0,191871.7875187609,1
779,644,France,Male,44,9,84347.93369676985,2,1,0,174650.73299713113,0
780,699,Spain,Male,28,0,0.0,1,1,1,181924.88619516083,0
781,664,Germany,Female,43,3,158698.52465203754,1,1,1,63883.615885938176,1
782,543,France,Male,57,1,99502.31978330508,2,1,0,196755.52840308697,1
783,680,Germany,Male,47,10,96776.3065307914,1,1,1,61244.13132566237,0
784,698,Spain,Female,51,9,135508.168279144,2,0,1,41050.71720036138,0
785,694,Germany,Male,30,4,72002.97537810488,1,0,0,50304.67575399875,0
786,736,France,Female,45,1,58720.141974273865,2,1,1,133326.55811934167,0
787,716,France,Female,26,6,0.0,1,1,1,86125.67541787236,0
788,686,Germany,Male,35,9,0.0,1,0,0,40509.533418949184,1
789,644,France,Female,55,6,161042.56275086978,1,1,0,152066.74424856596,1
790,517,France,Female,31,8,120224.86352331041,1,1,1,36567.659559293934,0
791,684,Germany,Male,49,3,0.0,2,1,0,23773.84580369913,1
792,666,France,Female,48,4,55554.77865096599,1,0,1,172892.71277878605,0
793,671,Germany,Female,48,2,137909.75892378954,1,1,1,112931.01662482535,1
794,547,France,Male,25,6,124323.19315162455,2,1,0,131211.0769018909,0
795,563,France,Male,43,4,93920.80702376165,1,0,1,199783.0278981243,0
796,734,Germany,Male,36,8,130926.65368152206,1,0,1,191643.69924087453,0
797,646,Spain,Male,48,6,173791.9504783356,1,1,1,88862.54548501107,0
798,704,Spain,Male,21,3,147393.69919042228,1,1,1,103763.06849006085,0
799,652,Spain,Female,41,6,101773.01488773772,1,1,1,21376.89361007945,0
800,652,Germany,Male,40,0,101906.46842448052,1,1,1,102789.34627141486,0
801,725,France,Female,18,1,132630.9786210725,1,0,0,63247.90346363949,0
802,608,France,Male,29,2,137861.28930225945,2,1,1,153811.54648931324,0
803,657,France,Male,19,4,96157.36978676241,3,1,0,78848.05041621425,0
804,613,Spain,Female,30,4,173560.5868810612,4,0,1,12598.149641671167,1
805,615,France,Female,43,6,118276.02610400508,1,1,1,145148.78081327453,0
806,625,France,Male,39,8,0.0,2,1,1,48988.651666133,0
807,667,France,Male,39,9,109869.57968408283,1,1,0,62223.48001088506,0
808,611,France,Female,27,8,185683.2185671838,1,1,1,24847.39542704614,0
809,750,France,Male,49,5,130903.43973393158,2,1,1,158199.13298833783,0
810,578,Spain,Male,37,6,64843.17407129829,1,0,0,56656.32444862701,0
811,635,France,Male,38,7,0.0,2,0,1,154933.94558029823,0
812,614,Germany,Female,47,3,0.0,1,1,0,14635.855653578423,1
813,765,Spain,Male,28,6,0.0,1,1,1,132499.7194405984,0
814,665,France,Female,40,5,125090.38715815426,2,0,0,32891.78837465885,0
815,732,Spain,Female,42,7,0.0,2,1,1,90170.20441787687,0
816,531,France,Female,32,0,0.0,1,1,0,68855.0456984117,0
817,671,Germany,Male,44,4,0.0,2,1,0,158272.04811019468,1
818,721,Germany,Male,42,2,144400.95972455715,1,1,1,160693.2062617923,0
819,656,Spain,Male,36,8,163082.79018373892,2,1,1,171857.104756048,0
820,735,Spain,Male,36,8,157645.02414529427,1,1,0,12983.127504219108,0
821,608,France,Female,43,2,0.0,2,0,1,171450.92025092413,0
822,762,France,Female,45,9,70795.77840495197,1,0,0,55937.97327608787,0
823,833,Germany,Female,38,1,148373.8741113097,2,1,0,168665.93352014074,0
824,620,France,Female,49,4,105196.3912415891,1,0,0,168904.3415770167,1
825,614,France,Female,44,3,0.0,1,1,0,52390.16667586069,1
826,766,France,Male,20,6,0.0,1,1,1,56734.93054582677,0
827,776,Spain,Female,23,7,0.0,4,1,0,40786.60802497393,1
828,608,France,Male,49,3,183522.45382084162,2,1,0,43945.54911590579,0
829,616,Germany,Female,35,2,133890.61648707392,2,1,1,191422.66381856293,0
830,627,France,Male,39,8,156705.76882142015,1,0,1,83104.48240596341,0
831,542,France,Female,49,7,97702.06647304389,1,0,0,17561.903129247465,1
832,576,Spain,Male,37,10,90886.21920562719,2,1,0,72575.38284872704,0
833,569,France,Female,38,10,54686.71033632264,1,1,1,19246.163372880193,0
834,588,Spain,Female,29,6,147392.04574215753,1,1,0,196489.05685652062,0
835,647,France,Female,41,10,0.0,2,1,1,136361.51665404096,0
836,668,France,Female,43,7,189816.96322699412,1,0,0,107345.06180206402,1
837,774,France,Male,32,7,129063.61074607553,2,0,0,31386.730947510954,0
838,570,Germany,Male,28,9,0.0,2,1,1,60610.825983426446,0
839,728,Spain,Female,64,7,161376.35013741115,1,1,1,156443.1022397918,1
840,632,Germany,Female,37,10,114043.63298316876,2,1,1,181366.95418614888,0
841,646,France,Female,31,0,105411.39744811493,1,1,1,165888.23683762594,0
842,703,Spain,Male,45,3,84473.93728391331,1,1,0,137042.12195766228,0
843,560,France,Male,37,9,121862.6931312393,2,1,1,113133.90359666946,0
844,680,Germany,Male,27,6,131531.81742197793,2,0,1,98286.6780543387,0
845,663,Spain,Male,42,5,104372.9014684938,3,0,1,39899.55598379398,0
846,689,Spain,Male,29,2,162320.26545645302,2,1,0,32468.45289608627,0
847,673,France,Male,53,2,61342.39553257842,1,0,1,163424.82369485538,0
848,846,Spain,Male,42,3,143653.36795255926,1,1,1,160008.44066594192,0
849,598,France,Female,35,9,88457.33622860772,2,0,1,13390.678945349622,0
850,607,Germany,Male,39,5,0.0,2,0,0,108825.29802219917,0
851,600,France,Female,47,0,124123.02060006068,1,1,0,38795.61331100366,1
852,605,France,Female,39,9,0.0,1,0,0,155709.73906845791,0
853,599,France,Male,59,3,136919.40698406167,1,1,1,44896.15588127811,1
854,745,France,Female,49,8,143704.54040199483,2,0,1,107394.42849666253,0
855,763,France,Female,42,6,0.0,2,1,0,137897.9141432326,0
856,604,Germany,Male,28,10,131026.7343243077,1,1,0,84181.60846783963,0
857,583,Spain,Male,36,5,141616.8123900289,1,1,0,137537.16140921944,0
858,687,Germany,Male,42,10,166997.94785434887,1,1,0,183675.614107619,1
859,605,Germany,Female,29,4,135569.93128817345,1,1,1,146754.81551513274,0
860,700,France,Male,50,1,108777.14837920608,2,0,1,71309.96135705302,0
861,666,Spain,Male,28,1,176442.27346112335,1,1,1,76903.32258579253,0
862,528,France,Female,31,5,0.0,4,1,1,73570.16667038179,1
863,773,Germany,Male,32,8,149901.7635638508,2,1,0,101236.28808232049,0
864,793,France,Female,45,8,128687.4314168054,2,0,1,27152.13259369306,0
865,600,France,Male,29,0,0.0,2,1,1,13863.531600410324,0
866,618,France,Female,20,6,73789.31576802148,2,0,0,68906.2333864767,0
867,672,France,Male,48,6,156238.72753184367,1,1,1,165253.0100357206,0
868,676,France,Male,33,9,27877.09165807905,1,1,1,175015.0136860052,0
869,702,France,Male,27,1,0.0,1,0,0,152131.688763019,0
870,810,Germany,Female,30,9,111458.68857268465,1,0,1,45039.40447541567,0
871,635,Germany,Male,55,3,0.0,1,1,0,103808.01596873617,1
872,586,France,Female,31,7,112339.91065348621,1,1,0,106428.70524892797,0
873,539,France,Female,36,5,124506.52846341391,2,1,1,46418.440697536076,0
874,591,Germany,Female,33,10,104401.45928641314,1,1,1,79652.58000037725,0
875,647,France,Male,25,6,123940.37251289461,1,1,0,65944.51558693408,0
876,793,Germany,Female,30,9,96813.237169928,2,1,1,58080.31720533546,0
877,608,France,Female,24,10,118783.332478783,1,1,0,87180.39035506807,0
878,667,Spain,Male,47,10,95206.84037258834,2,1,0,70452.43582263775,0
879,648,Spain,Female,39,5,173287.96171200697,2,0,0,186414.20030441447,0
880,745,Spain,Female,62,8,72595.92757985885,1,1,1,129668.78907023779,1
881,850,Germany,Female,30,10,91886.20937683576,1,1,0,120412.23707015601,0
882,607,France,Male,29,9,108768.23912046071,2,0,1,89387.09556764657,0
883,610,France,Female,53,9,105390.0505927997,2,1,1,96408.1239745046,0
884,733,Spain,Male,48,8,0.0,2,1,0,95622.16570962682,0
885,704,Germany,Male,41,5,120031.41294614333,2,1,1,13328.890319866136,0
886,797,France,Male,26,5,97157.50109555467,1,1,0,192012.52115906824,0
887,696,Germany,Male,55,8,108917.60785409925,1,1,0,146052.81874378293,1
888,621,France,Female,37,9,0.0,2,1,0,113988.6656482311,0
889,697,France,Male,33,8,53944.349983735636,2,1,1,54936.33576402965,0
890,738,Germany,Male,49,2,86612.17519428444,1,0,1,10822.72843736531,0
891,715,France,Male,37,6,109797.46809121587,2,1,0,62886.346151933365,0
892,690,Spain,Male,26,2,126533.99715612766,3,0,0,158627.99357419755,0
893,735,France,Female,38,3,118779.56894861245,2,1,0,194535.27397282232,0
894,743,France,Female,30,8,127072.14252031998,1,1,0,154381.64211516568,0
895,760,Spain,Male,18,9,116008.23302182717,2,1,1,92004.07617607719,0
896,701,Spain,Female,29,7,0.0,2,1,0,171035.4332130762,0
897,636,France,Male,32,5,111173.09895575167,2,0,0,199227.26600469684,0
898,661,France,Female,26,5,97678.6552298895,2,0,1,68523.73017247995,0
899,746,France,Female,43,7,82991.50793082686,1,1,1,87853.78805212262,0
900,584,France,Male,30,1,110642.36723174957,1,0,1,92026.78738874986,0
901,679,Germany,Female,42,4,0.0,2,1,1,82872.26948945473,0
902,618,Germany,Male,25,6,109592.81815575702,1,0,0,132315.33221984914,0
903,652,France,Male,47,2,70366.49178761255,2,0,1,175646.19206517856,0
904,752,France,Female,25,7,127970.86590063502,2,1,1,174534.0953390397,0
905,665,Germany,Female,18,2,119290.39942324646,1,0,1,29624.60275481022,0
906,653,Spain,Male,50,3,137522.40913967445,2,1,1,15580.008868436114,0
907,541,Spain,Female,29,9,112829.29657558117,1,1,0,92793.59255547251,0
908,709,Germany,Female,55,9,89352.5189392986,1,1,1,37251.4826146719,1
909,701,France,Male,43,5,116530.69136744677,2,1,0,23276.325234073644,0
910,823,France,Male,45,5,176068.99519649794,1,1,1,30459.941088004685,0
911,625,Germany,Female,48,1,0.0,2,1,1,130622.2326510604,0
912,667,Spain,Male,39,1,110702.9026238814,2,1,0,76576.6892984165,0
913,669,France,Male,39,2,92537.5528917571,2,1,0,129973.38671683794,0
914,776,France,Female,50,2,117241.28027578359,2,0,1,18796.156657419735,0
915,642,France,Female,39,3,93882.03747216798,1,0,0,187242.06973774714,0
916,672,Germany,Male,30,3,111212.85756449484,1,1,1,193723.23802251538,0
917,698,France,Female,43,3,153126.26017729935,2,1,1,187527.685654088,0
918,664,France,Male,18,9,141406.66570923367,4,1,0,55058.35169932911,1
919,614,Germany,Male,51,9,115790.75467240009,2,1,1,173414.99902305554,0
920,665,France,Female,51,10,117461.14750169367,1,0,1,83762.2172822538,0
921,735,France,Female,49,2,143275.39321529,1,1,0,142655.26083744853,1
922,567,France,Male,49,0,0.0,1,1,0,45875.68811058375,1
923,660,France,Male,37,8,104672.31976035002,2,1,0,90052.67168299096,0
924,593,France,Female,36,1,162294.31318535417,2,1,1,179975.26005322934,0
925,745,Germany,Male,25,2,142176.82721651412,2,1,1,96943.76703681234,0
926,528,Germany,Male,55,1,112719.47521636692,2,1,0,186792.3912002799,1
927,605,France,Male,33,5,59739.96527841649,1,1,1,77859.13772365075,0
928,680,France,Female,41,5,0.0,2,1,0,123020.49292806635,0
929,775,Spain,Male,40,0,67041.36040917393,2,0,1,93960.2112826489,0
930,644,France,Male,24,3,85153.45425561699,1,1,1,34586.846325701656,0
931,605,France,Male,20,9,91923.34531609426,2,1,1,101091.93825197576,0
932,800,Germany,Male,38,4,149397.44126967946,2,1,0,78412.70363864939,0
933,534,France,Female,33,5,0.0,1,1,1,47351.81206969492,0
934,474,France,Male,37,4,95641.2954586184,2,1,1,90493.30521273783,0
935,685,France,Male,48,2,135804.33200577623,1,0,0,63839.227437354406,0
936,609,France,Female,40,2,122413.90964934626,1,1,1,58927.56627848504,0
937,568,France,Male,45,2,0.0,1,0,0,173180.65311922497,1
938,706,France,Male,42,5,117297.51001067471,2,1,1,155700.4067835527,0
939,669,France,Female,34,3,153616.05790652795,1,1,0,138608.10707842855,0
940,604,Spain,Female,27,3,137828.5551336677,1,0,0,79281.21089959945,0
941,547,France,Female,40,2,0.0,2,0,1,53927.37968048179,0
942,719,France,Male,38,3,0.0,1,1,0,129941.44995129362,0
943,702,Spain,Male,47,7,124804.84668013733,2,1,1,62981.224468202185,0
944,642,Germany,Female,36,2,120752.03372997575,2,0,1,152476.7825793517,0
945,797,France,Female,35,9,0.0,2,1,0,101568.34688711262,0
946,564,France,Male,35,2,154804.86683348694,2,1,1,182962.97419843366,0
947,527,France,Male,28,5,0.0,2,1,0,180470.7297759587,0
948,594,Spain,Female,52,0,0.0,2,0,1,94221.52749548209,0
949,646,France,Male,49,9,151892.26153655248,1,1,1,191305.1449244683,0
950,669,France,Male,25,5,0.0,1,1,1,135543.7391537999,0
951,630,France,Male,46,10,0.0,2,0,0,124964.94258640245,0
952,678,France,Female,19,8,70375.33544599616,2,1,1,27735.57842782446,0
953,549,France,Female,47,2,88920.42832995165,1,1,1,196668.24838489847,0
954,765,France,Female,31,1,104379.2161615073,2,1,0,27406.17806861499,0
955,643,Germany,Male,41,2,106704.18465385099,1,1,1,61203.89678548591,0
956,739,Spain,Male,18,2,0.0,2,1,1,42361.51697000175,0
957,677,France,Male,26,1,108109.29843839635,1,0,1,20847.99713030381,0
958,686,France,Female,42,10,134897.1634852166,1,1,0,199772.79015098567,0
959,695,France,Female,30,3,126916.44766869785,2,0,0,70606.34800533616,0
960,685,France,Female,29,7,0.0,2,0,1,18759.731808226163,0
961,701,Germany,Male,51,6,134566.51812042613,2,0,0,33747.09460430857,1
962,756,Germany,Female,60,9,0.0,1,1,0,54921.52839990258,1
963,665,France,Male,47,8,133105.5177472968,2,1,0,17350.048808686137,0
964,706,France,Male,27,7,121450.78497386363,2,1,1,37876.22794188248,0
965,642,France,Male,55,6,129194.80165028632,2,1,0,16088.207107090113,0
966,765,Spain,Female,22,5,119213.18165534153,1,0,0,41665.74666694248,0
967,595,Spain,Female,34,2,110537.03789174331,1,1,0,94583.17392275474,0
968,794,Germany,Male,38,9,0.0,2,1,1,195401.9343106518,0
969,646,Germany,Female,57,3,0.0,2,1,1,138594.54590800393,1
970,535,France,Female,47,7,95783.11455772026,1,1,0,112048.07346244772,1
971,660,Spain,Male,33,1,0.0,1,0,1,198027.2633754455,0
972,595,Spain,Male,28,5,87480.92875456426,2,0,1,143654.23787856492,0
973,717,Spain,Male,48,0,0.0,1,1,1,80324.19313430628,0
974,597,France,Male,32,6,138335.22360966235,2,0,0,160661.5066861364,0
975,614,Spain,Male,40,3,128003.15352843134,1,1,1,101575.91374590113,0
976,498,Spain,Male,24,0,90791.56831159003,1,1,1,17634.35748715734,0
977,613,Spain,Female,43,4,126324.61440845422,1,1,1,130812.77763257832,0
978,456,Spain,Female,42,4,165151.91860680384,1,1,0,148758.02429606265,1
979,523,Spain,Female,25,5,113777.73053981637,2,0,0,195995.589332264,0
980,710,Spain,Male,48,7,77280.31294418947,1,1,1,28577.606319691477,0
981,712,Spain,Male,43,3,77706.16884137402,1,0,0,71227.96387534219,0
982,684,Spain,Male,45,6,0.0,2,1,0,147205.20165307753,0
983,572,France,Female,34,10,0.0,2,1,0,132715.7345173341,0
984,646,France,Male,39,3,119046.30765352373,1,1,0,108076.62381945776,0
985,649,France,Male,38,1,0.0,2,1,1,45924.52759710589,0
986,557,Spain,Female,36,7,42343.20724779231,1,0,0,50064.44710356181,0
987,770,Spain,Male,39,4,0.0,1,1,1,194003.1572470787,0
988,720,Germany,Female,50,9,0.0,1,1,0,30154.092382402923,1
989,632,France,Male,48,3,0.0,1,1,0,148870.64828717546,1
990,652,France,Male,26,1,0.0,1,1,1,10371.288925629775,0
991,666,France,Female,47,6,0.0,3,1,0,33515.525729641566,1
992,486,France,Male,49,4,105910.43467953864,1,1,0,172298.4762492789,1
993,630,Germany,Male,36,8,152717.6860823264,2,0,0,68847.70699904248,0
994,595,France,Male,43,6,0.0,1,0,1,199000.99043951227,0
995,569,Spain,Female,42,8,157751.38318089588,2,1,1,148952.28915136008,0
996,627,Spain,Female,29,9,85065.2299212577,2,1,1,79693.48639137151,0
997,793,France,Female,34,9,0.0,2,1,1,91119.36768799779,0
998,701,Germany,Female,45,4,0.0,1,1,1,55794.445240277244,1
999,604,France,Male,33,10,141288.11391834338,2,0,0,165369.01775921416,0
1000,695,France,Male,47,5,116164.42708815188,1,1,0,11401.712482403982,0
1001,761,Germany,Male,51,7,92407.5887887951,2,0,1,55384.482775889264,0
1002,723,Germany,Female,49,9,75735.53590282607,1,1,1,175376.19200271176,1
1003,654,France,Male,57,5,103650.70243136646,2,0,0,195044.8218645898,1
1004,598,France,Female,37,10,100926.63083738179,1,1,1,93446.08559956406,0
1005,705,France,Female,39,3,0.0,1,1,0,167204.46891673305,0
1006,681,France,Female,41,1,114340.59473713435,2,1,1,164955.10715994035,0
1007,721,Germany,Male,37,5,81585.31459040844,1,1,1,156755.35992359923,0
1008,700,Spain,Male,43,8,89146.64839693005,1,1,1,169970.8469675504,0
1009,733,France,Male,20,7,0.0,1,0,1,189741.15820637956,0
1010,607,Germany,Male,40,2,132004.71282244578,1,1,0,20069.989725610445,1
1011,755,France,Female,24,4,100571.68562639061,2,1,1,78229.90464198052,0
1012,665,France,Male,28,5,131818.40942017364,1,1,1,143221.91794090785,0
1013,816,Germany,Female,45,6,171921.10899601254,2,0,1,46999.88077718882,0
1014,594,Germany,Female,36,1,119172.77212557314,3,1,1,110919.65412066627,1
1015,788,Germany,Female,44,5,0.0,1,1,1,128447.00368559157,0
1016,665,Spain,Male,35,1,155692.6859024367,1,1,1,41827.51959277809,0
1017,597,Germany,Male,49,7,136000.91329826802,2,0,1,140061.33588692363,0
1018,611,France,Male,35,6,105649.67234663406,1,0,0,17210.64559284569,0
1019,624,Spain,Male,18,1,0.0,1,1,1,15327.890940498415,0
1020,683,Germany,Male,40,3,147173.39653961916,2,1,0,150914.29975371793,0
1021,691,France,Male,18,6,0.0,2,1,0,133877.14328790078,0
1022,604,Germany,Female,23,8,177565.90267326072,2,0,0,155318.43247407288,0
1023,648,France,Male,29,2,0.0,1,1,0,12774.897873117146,0
1024,821,France,Male,27,9,116282.68826899162,1,1,0,24808.940831504115,0
1025,788,Germany,Female,32,9,0.0,1,1,0,68327.47749572789,0
1026,684,France,Female,27,7,89886.47830463793,1,1,0,29659.699542020768,0
1027,653,Spain,Female,23,8,181860.25411632174,1,1,0,73005.55284714967,0
1028,659,France,Male,53,7,54827.83063435691,2,0,0,116483.66072264285,0
1029,699,Germany,Female,31,3,94509.84445437358,1,1,0,114965.76772607556,1
1030,568,France,Female,18,3,86177.58864088161,1,0,0,27376.805741056905,0
1031,629,France,Female,34,10,69846.53747519714,1,0,1,23651.305304713278,0
1032,516,France,Male,26,6,99307.87100868953,2,1,0,18434.439832090175,0
1033,681,Germany,Female,29,3,106170.09696884578,2,1,1,177141.1175901684,0
1034,701,Spain,Male,45,10,0.0,2,1,0,154859.2501268352,0
1035,611,Spain,Female,33,9,57672.17290848904,2,1,1,166496.0883617604,0
1036,775,France,Male,26,9,173993.2776325989,1,1,0,13561.211888442453,0
1037,551,France,Female,42,6,103175.44532020681,2,1,0,146429.06028552804,0
1038,532,France,Female,49,8,126296.1985175475,1,0,0,130359.92617843386,1
1039,667,Spain,Male,43,8,101562.49346319228,1,0,1,28444.790632822864,0
1040,733,France,Female,18,8,120129.28752074683,2,1,1,120601.35794222554,0
1041,784,Germany,Male,26,9,127957.81451224542,1,1,1,22140.712111308076,0
1042,613,Germany,Male,38,9,0.0,2,1,1,96130.52805621906,0
1043,736,France,Male,35,5,0.0,1,1,1,139891.64028591276,0
1044,646,France,Female,34,0,173940.78427349258,1,0,1,21664.706163219616,0
1045,636,Germany,Male,28,7,44282.54758112719,3,1,0,107118.71196150924,1
1046,720,France,Female,23,5,127379.10332985158,3,1,0,141141.50469166457,0
1047,702,France,Female,58,6,128589.15170517516,3,0,1,19608.46002275141,1
1048,523,France,Female,38,1,98638.10415309659,1,1,1,175344.91320072953,0
1049,768,Spain,Female,44,2,116517.82975500332,2,0,0,77346.43063848765,0
1050,760,Germany,Male,38,5,125816.35614872773,1,1,1,69738.09900962241,0
1051,599,France,Male,38,2,0.0,2,1,0,33080.05388457537,0
1052,681,France,Male,37,4,38712.37278711653,2,1,0,197214.3270232379,0
1053,689,France,Female,26,3,105600.59697547973,4,1,1,119857.0388789709,1
1054,670,Spain,Male,22,4,176325.69236507599,2,0,0,120819.57526415221,0
1055,605,France,Male,41,7,88235.27522404029,1,1,1,125881.83551138814,0
1056,596,France,Female,39,3,103253.81954068998,1,0,0,89296.6673552087,1
1057,647,Germany,Male,47,8,0.0,1,1,0,82729.76087406157,1
1058,743,Germany,Female,45,2,105048.71645746095,1,1,1,114277.97493102276,0
1059,693,Germany,Male,29,6,0.0,1,0,1,41350.27543582457,0
1060,620,Germany,Male,49,6,0.0,1,1,0,121883.9852799738,1
1061,711,France,Male,45,0,129394.6898411477,2,1,0,104584.77889948104,0
1062,422,France,Male,44,2,0.0,1,0,1,38138.26765152706,0
1063,741,France,Female,60,9,84270.46241555511,1,1,1,158100.57566450513,0
1064,510,France,Male,58,0,99743.07713630822,1,1,0,24341.099553452725,1
1065,621,Germany,Male,44,7,134460.1573673576,1,1,0,55639.373833204074,1
1066,560,Germany,Female,43,9,131425.2612233973,1,1,1,42100.93895430003,1
1067,546,Spain,Female,48,4,117336.39547318319,2,1,1,96977.4126293035,0
1068,742,France,Female,32,3,0.0,2,0,1,144552.6802384448,0
1069,612,Germany,Female,32,2,181152.67681174958,3,1,0,56019.64593669802,1
1070,677,Germany,Female,44,6,153052.29984320528,2,1,1,38753.23152979606,0
1071,646,France,Male,29,7,0.0,1,0,1,117465.10569977004,0
1072,688,Germany,Female,43,7,170717.53585891204,1,0,1,136468.02652954165,0
1073,656,France,Male,39,0,112576.58992490696,2,1,0,190685.00723360153,0
1074,547,France,Male,29,6,142584.05108875112,1,0,1,125515.22899443725,0
1075,729,Spain,Male,38,4,0.0,1,1,1,117909.4895986336,0
1076,610,Spain,Male,51,1,0.0,1,1,0,99790.03777751086,1
1077,525,France,Male,38,7,0.0,1,1,1,63109.512171836664,0
1078,615,France,Male,38,1,0.0,1,1,1,190703.93538199653,0
1079,770,Germany,Male,41,5,0.0,2,1,0,145052.33767477918,0
1080,718,Spain,Female,42,4,107195.1115263534,1,1,1,99999.61548690559,0
1081,622,Spain,Female,34,5,181392.6540093061,2,0,1,111111.78948117787,0
1082,622,France,Female,41,10,158540.82903914852,2,1,0,192033.50550900254,0
1083,624,France,Female,27,9,146815.08924880862,1,1,1,102235.82718933336,0
1084,816,France,Male,30,7,140374.69863604818,2,1,0,198743.16997450584,0
1085,680,France,Female,31,8,128864.67624078285,2,1,0,118542.08881429848,0
1086,684,France,Male,42,2,93542.3178167847,1,1,1,184239.94426453687,0
1087,732,France,Male,39,2,104397.33408964143,1,0,0,147531.08307811085,0
1088,669,Spain,Male,36,6,159562.70553404442,2,0,0,30672.431561014753,0
1089,629,France,Male,44,2,0.0,1,1,1,126912.87822183508,0
1090,634,Germany,Male,41,10,66655.81314414687,1,1,0,191062.6953381519,1
1091,644,France,Male,35,9,123057.06849613604,2,1,0,73385.69724023262,0
1092,647,France,Male,27,4,61086.86263443419,2,1,1,77859.19332093165,0
1093,708,France,Male,29,9,98882.52381520759,1,1,1,31981.3205866006,0
1094,654,France,Male,23,3,67681.4068197986,1,1,1,107181.66197249736,0
1095,708,France,Female,39,10,119790.36962536882,1,0,1,66736.64608624051,0
1096,643,Germany,Male,29,8,127435.22554011793,1,0,0,156588.53135205098,0
1097,656,Germany,Male,33,10,164396.7053993025,2,1,1,49139.49396119077,0
1098,490,France,Female,36,7,137356.3759393585,1,1,0,150204.79482429876,1
1099,723,France,Female,48,8,105368.2112057437,2,1,0,87809.74865743719,0
1100,677,Spain,Male,47,5,0.0,2,1,1,188365.6182554285,0
1101,729,Germany,Female,37,1,0.0,2,1,0,118975.65558590967,0
1102,418,France,Male,50,7,69271.88470168985,1,0,0,178404.99242099133,1
1103,817,Spain,Male,18,0,0.0,2,1,1,58868.807011357734,0
1104,638,Germany,Male,56,10,132784.393801693,2,1,0,189920.43661784174,1
1105,738,Germany,Female,44,4,84804.84129325894,1,0,0,51201.62328746706,1
1106,566,Germany,Male,39,1,0.0,2,1,1,189679.97725501194,0
1107,699,Germany,Female,29,6,0.0,1,1,0,176376.83653866308,1
1108,565,Germany,Male,33,4,0.0,2,1,1,48400.316494833336,0
1109,600,France,Female,44,9,129022.6309743989,2,0,1,134781.28826300873,0
1110,803,Spain,Male,44,2,0.0,2,0,1,80146.42367915169,0
1111,634,Germany,Male,44,6,129787.05373324371,1,0,1,86295.54614476455,0
1112,667,Spain,Female,30,2,105920.54920063644,2,1,0,17506.225589805777,0
1113,719,Germany,Female,28,5,0.0,2,0,0,167397.1414602929,0
1114,689,France,Male,39,3,0.0,1,1,1,59318.060889342436,0
1115,662,France,Female,45,9,152786.5821683883,2,1,0,156066.83761474275,0
1116,679,France,Female,38,1,0.0,2,1,0,121942.57290306917,0
1117,842,France,Male,52,8,155115.0857497019,2,1,1,194447.47070948512,0
1118,645,France,Female,38,5,0.0,1,1,1,48150.114247207755,0
1119,666,Spain,Female,37,4,119466.12953265203,2,1,1,70895.16363874619,0
1120,734,France,Male,44,4,0.0,1,1,1,41628.48573225259,0
1121,738,Spain,Male,50,7,150265.4046866618,1,1,1,168133.85766695958,0
1122,744,Spain,Male,24,4,138399.24518709525,2,1,1,72763.43222399458,0
1123,701,France,Male,26,7,99199.4352789307,1,1,0,47074.77559778806,0
1124,558,France,Male,34,7,140569.4432833671,2,1,0,122479.81916432478,0
1125,780,Spain,Male,69,0,134342.61822726903,1,0,0,81740.31982046411,1
1126,558,Germany,Female,35,3,80840.14779248775,2,1,0,164322.75929564948,1
1127,674,Germany,Male,36,8,0.0,2,0,1,155109.12175651843,0
1128,589,Germany,Female,44,1,114593.21082704225,1,1,1,32784.310362288554,1
1129,644,Germany,Male,47,10,90409.14994518345,2,1,1,172617.28284059634,0
1130,676,Spain,Male,39,3,83278.75926803713,2,1,1,196688.09299412105,0
1131,675,Germany,Female,49,3,104473.16978167134,2,1,1,152676.35778443387,0
1132,683,Germany,Female,26,0,127800.01138640835,2,1,0,166551.4125526478,0
1133,779,Germany,Male,30,9,0.0,1,1,0,184313.85536043067,0
1134,686,France,Male,49,9,0.0,2,1,0,159311.78121173388,0
1135,630,Germany,Male,38,6,0.0,1,0,0,121099.77252372896,1
1136,727,France,Female,25,0,0.0,1,0,1,22950.592111695347,0
1137,745,Germany,Male,24,4,0.0,3,1,1,102043.93350042462,0
1138,551,France,Female,29,7,0.0,2,0,0,158758.41892983226,0
1139,697,France,Female,38,3,173257.77321111923,2,1,0,58681.616683165055,0
1140,706,France,Male,42,4,0.0,1,1,1,134169.64127225324,0
1141,626,France,Male,34,10,100681.39800294038,2,1,0,69881.0323142836,0
1142,760,France,Male,41,9,0.0,2,1,0,173812.23742830523,0
1143,637,Germany,Male,33,2,0.0,1,1,1,79018.46017893536,0
1144,660,France,Male,50,4,154158.2305026801,1,0,0,18639.000494021308,1
1145,636,France,Male,63,2,0.0,1,1,1,120644.48626380479,1
1146,651,France,Female,34,3,128699.35280353481,2,1,0,18693.67145478434,0
1147,562,Spain,Male,42,10,140666.31995344633,2,0,0,50979.09061563986,0
1148,534,France,Female,41,2,65618.06224760899,1,1,1,105274.402155566,0
1149,777,France,Male,39,4,80562.6217865796,1,1,1,160722.58123036427,0
1150,582,France,Male,44,1,101388.17707818365,1,1,1,70811.61537913344,0
1151,570,Spain,Female,42,8,0.0,2,1,1,64974.933813331685,0
1152,477,France,Female,33,2,117332.44785775323,2,0,1,31469.696524937874,0
1153,598,France,Male,51,9,140530.36559594894,4,0,1,121276.09340023398,1
1154,544,France,Female,40,0,104000.87577835255,2,1,0,111182.9724909261,0
1155,781,Germany,Female,34,4,0.0,2,0,1,11685.576124022495,0
1156,730,France,Female,62,3,0.0,1,1,1,143554.08176228104,1
1157,594,Spain,Male,36,1,96345.26989410174,2,1,0,97472.67439870142,0
1158,830,France,Female,40,7,99476.57961313376,1,0,0,64937.966955673735,0
1159,728,France,Female,39,8,113702.70481247216,2,0,1,145050.33674983648,0
1160,624,France,Female,36,5,0.0,2,1,0,164241.26510738826,0
1161,450,France,Female,42,7,0.0,1,0,0,123456.980150465,1
1162,833,France,Female,29,1,0.0,2,1,1,27943.190444750337,0
1163,538,France,Male,43,10,0.0,3,1,1,182101.9964179167,1
1164,518,France,Male,20,5,130089.31266546634,1,1,1,13387.539268573408,0
1165,731,Spain,Male,25,0,26823.145387568162,1,1,1,49773.966356099256,0
1166,845,Germany,Male,56,9,169280.40535411914,1,1,0,60235.6753546742,1
1167,760,France,Male,25,2,0.0,2,1,0,80297.53822376627,0
1168,695,Spain,Female,18,6,147087.05673880255,2,1,1,77542.5404571317,0
1169,697,Germany,Male,25,0,0.0,1,0,1,180800.99524524756,0
1170,718,Germany,Female,55,5,154156.89937725477,2,1,0,161268.4428003436,1
1171,710,France,Female,20,6,0.0,1,1,1,48271.04815685235,0
1172,672,Spain,Male,28,2,123290.14949673026,2,1,1,191283.4510603052,0
1173,658,France,Female,23,10,0.0,2,1,0,78832.87699921353,0
1174,644,Spain,Male,35,7,174132.1573780138,2,1,0,51524.22814654589,0
1175,589,France,Female,33,7,112048.13987010706,1,1,1,189687.56697934424,0
1176,627,France,Female,33,4,161632.44093513046,3,0,1,118656.80832278935,0
1177,514,France,Male,56,10,0.0,1,1,1,122041.7502549148,1
1178,642,France,Male,26,1,101315.96662728865,1,1,1,134638.07656239253,0
1179,570,Spain,Male,36,1,110941.80010218042,2,1,1,128793.3654086447,0
1180,561,France,Female,41,4,0.0,1,1,0,129678.45555984248,1
1181,664,Spain,Female,28,3,118389.85499525207,2,1,1,10371.754464772155,0
1182,761,France,Male,42,3,0.0,2,0,0,140279.71000424333,0
1183,723,France,Female,34,4,56659.65301752088,1,1,0,151006.1723945673,0
1184,524,Spain,Male,41,0,82094.08157410461,1,0,0,15117.358415051622,1
1185,570,Germany,Male,36,6,136544.648320394,2,1,1,128650.45359550854,0
1186,725,France,Female,18,2,146353.74688984948,1,1,0,60283.58336293514,0
1187,571,France,Male,51,9,111498.90003569121,2,1,0,129371.41584205441,0
1188,632,Germany,Female,58,9,95696.48096642885,2,1,0,60334.299644481325,1
1189,694,France,Female,36,7,69463.95505298788,2,0,0,28223.994063424318,0
1190,572,Germany,Female,29,8,161577.5249738115,1,0,1,43869.18456721538,0
1191,658,Spain,Male,53,7,136193.00011477867,2,1,0,184377.23856551305,0
1192,543,France,Male,56,10,0.0,1,0,1,93434.9577557613,0
1193,601,France,Male,36,1,130062.48457588138,1,0,1,184102.75050219643,0
1194,675,France,Female,35,6,122167.84708769734,2,1,1,101954.30814915424,0
1195,522,France,Female,37,3,151133.7364740116,1,1,1,180687.01675623364,0
1196,685,Germany,Male,21,4,125079.7743538613,1,1,1,117839.34436129271,0
1197,648,Spain,Female,35,10,117319.00985881708,1,1,0,76695.3462549064,0
1198,694,Spain,Male,55,9,138466.17560052336,2,0,0,52205.280236597726,0
1199,667,Germany,Male,36,4,0.0,1,1,1,80530.47437123096,0
1200,759,France,Male,27,10,0.0,1,0,0,43615.722351656215,0
1201,660,Spain,Male,42,8,86382.66150501737,1,0,1,196475.0535299088,0
1202,615,France,Male,31,1,0.0,2,1,0,76241.82834487261,0
1203,659,Germany,Male,37,1,138678.1031233935,4,0,0,115817.39454901656,1
1204,693,France,Female,25,2,0.0,1,0,0,199372.5961044949,0
1205,653,Spain,Female,27,4,132557.6786379389,1,1,1,108593.68638793504,0
1206,653,Germany,Male,45,3,104670.19449789959,1,0,1,69026.5850323365,0
1207,593,France,Female,39,9,124015.25706999087,1,0,0,126662.68419218472,1
1208,596,France,Female,30,9,148811.49448039013,2,1,0,165261.73910414564,0
1209,537,Spain,Male,39,8,132795.41896255608,2,1,1,127124.42508191099,0
1210,789,France,Female,31,2,148389.6350567832,1,1,1,51867.695337402605,0
1211,550,Spain,Female,30,0,0.0,1,0,1,46568.364639849286,0
1212,594,Germany,Female,49,4,174674.71797992996,3,1,1,146264.28159846138,1
1213,592,France,Female,45,7,154250.4534645317,2,0,1,171284.2622371965,0
1214,721,France,Female,37,0,103673.96556653641,1,1,0,142839.18706245153,0
1215,626,Spain,Male,39,0,0.0,2,1,1,27717.209870489987,0
1216,749,France,Female,37,5,0.0,2,1,1,71227.65542990946,0
1217,596,France,Male,42,6,95940.6395307225,1,1,0,140246.67653543115,0
1218,672,Germany,Female,30,7,0.0,2,0,1,145099.1712010302,0
1219,583,Spain,Male,46,7,147362.0231886943,1,0,0,98191.20994814325,1
1220,821,France,Male,41,2,91976.66013698412,2,0,0,66633.13451499643,0
1221,554,France,Female,35,3,0.0,1,1,0,27519.574574727725,0
1222,674,Spain,Male,33,8,124544.15522048778,3,1,0,20066.899716476328,1
1223,700,Germany,Female,46,10,154354.69074942666,2,1,1,31687.087242073543,0
1224,683,Germany,Male,36,4,155510.10193150397,1,1,0,74104.98634152312,1
1225,635,France,Female,31,10,0.0,2,1,1,125896.62624087145,0
1226,639,Germany,Male,34,8,110129.35659625685,2,1,0,171150.72692484478,0
1227,653,Spain,Male,45,4,0.0,2,0,1,57646.162038708455,0
1228,638,Spain,Male,21,4,149651.81775161854,2,1,0,24360.766538072297,0
1229,727,Spain,Female,34,8,157382.06047500187,1,1,0,193513.4045066022,0
1230,826,France,Female,48,5,111540.58854679774,2,0,1,127201.83825936019,0
1231,605,Germany,Female,36,2,159219.42234197236,2,0,0,37007.36389103309,1
1232,540,France,Female,40,4,115744.61620487992,1,1,0,57624.96342720889,1
1233,642,France,Female,48,0,0.0,1,1,0,89551.22872623456,1
1234,850,Germany,Female,46,8,0.0,3,1,0,193801.42640075018,1
1235,585,Spain,Male,33,9,94535.70027268672,2,1,0,32284.258610103698,0
1236,781,Germany,Male,36,9,146874.61732935242,3,1,1,91178.90708190382,1
1237,784,Spain,Male,47,10,143407.36590819433,1,0,0,93067.56716843687,0
1238,605,France,Male,47,6,84694.70337227857,1,0,1,198512.47878928005,0
1239,695,Germany,Male,37,0,0.0,1,1,1,46620.21289068371,0
1240,780,France,Male,37,10,0.0,1,1,0,98991.69797246146,0
1241,619,Germany,Female,40,10,121303.1493148303,1,1,1,197503.1330732851,1
1242,633,France,Female,51,3,148532.14092989074,1,1,0,134815.0935822089,1
1243,603,Germany,Female,48,1,0.0,2,1,0,41362.859850191744,1
1244,568,France,Female,44,2,145082.08664296247,2,1,0,187848.0860109009,0
1245,598,Spain,Male,27,3,0.0,1,0,0,113128.36405695438,0
1246,552,Germany,Male,35,1,150480.69215125448,1,1,1,164664.58208765677,0
1247,652,France,Male,35,9,150973.99474113664,1,1,0,163142.55567507463,0
1248,588,Spain,Male,52,0,125581.01311565752,1,0,1,114982.52711169499,0
1249,668,Germany,Female,35,10,119548.40056442938,2,1,0,165076.77697834893,0
1250,525,Spain,Female,50,3,0.0,1,1,1,178125.9967886351,0
1251,676,Germany,Male,32,8,112081.08039688313,1,1,0,164401.15310243485,0
1252,716,France,Female,33,10,129644.82810105961,2,1,1,129904.88924540764,0
1253,490,France,Female,42,10,142109.12917067684,2,1,1,121646.26161225418,0
1254,679,France,Male,53,8,155062.0406373153,2,1,0,98051.54602035496,0
1255,748,France,Male,35,8,68959.23099405726,1,1,0,25407.782609774513,0
1256,553,France,Female,18,2,51334.502223738295,2,0,0,100726.27971459237,0
1257,783,Spain,Male,22,0,0.0,1,0,1,129591.85006993671,0
1258,683,France,Male,40,0,124039.05094829133,2,1,1,95969.95871110022,0
1259,593,France,Male,23,2,0.0,1,0,0,89525.36797809317,0
1260,645,France,Male,29,9,0.0,1,1,0,54870.24209725182,0
1261,694,Germany,Male,38,7,86455.22238556019,2,0,0,79545.52328679395,0
1262,656,Spain,Female,18,3,124063.97539811533,1,1,1,48764.64384057277,0
1263,693,France,Male,34,10,62476.21269485423,1,1,1,24802.77210890831,0
1264,576,Germany,Male,26,7,103340.67862191169,2,0,0,147603.81142056495,0
1265,663,France,Male,23,6,0.0,2,1,0,142950.33705819442,0
1266,536,Germany,Female,29,7,137347.60411433026,1,1,1,108300.87986637092,0
1267,641,Spain,Male,27,1,123213.41657018778,1,0,1,25028.44961463316,0
1268,577,France,Male,42,7,0.0,2,1,1,127131.01721196006,0
1269,591,Spain,Female,49,8,0.0,4,1,0,63021.15261652551,1
1270,748,Germany,Male,34,9,0.0,2,1,1,190350.98427682888,0
1271,737,France,Male,32,10,133734.2853527551,1,1,0,19179.606589724433,0
1272,698,Germany,Male,33,5,170205.93262321924,2,0,1,10551.552031611729,0
1273,562,France,Female,26,2,110637.48455103111,1,1,0,168178.8723651178,0
1274,624,France,Female,25,6,182554.83320459956,2,1,1,54081.97137783954,0
1275,747,France,Male,21,8,0.0,1,1,1,137303.40982765597,0
1276,661,France,Male,24,7,0.0,2,1,1,76307.96147705216,0
1277,835,France,Male,54,7,0.0,2,0,1,166462.118494465,0
1278,681,Germany,Female,31,10,120054.64337034344,2,1,0,172184.49672398894,0
1279,665,France,Female,18,6,93780.09797152648,2,1,0,188954.5888867083,0
1280,625,France,Female,32,4,0.0,1,1,0,83199.6296894498,0
1281,660,Spain,Female,22,1,122381.31355569664,2,1,1,11133.487581763358,0
1282,637,Germany,Female,38,4,99206.41413239214,1,1,0,37379.98043129372,1
1283,706,Germany,Female,37,4,0.0,1,1,0,68519.04175656229,1
1284,726,Germany,Female,38,1,101954.02485932774,2,1,0,163541.31636439104,0
1285,587,Germany,Male,37,10,0.0,1,1,0,182981.23788043705,1
1286,543,Germany,Male,34,9,179515.59413199907,2,1,1,49925.92939714424,0
1287,503,Germany,Male,23,0,0.0,1,1,0,84174.70457715922,0
1288,690,Spain,Male,37,4,0.0,1,0,0,117574.7622290889,0
1289,561,France,Female,48,5,117865.44784711889,1,1,0,62639.204473894046,1
1290,477,France,Male,56,6,90780.79898465944,1,1,1,75153.75257812896,1
1291,681,Spain,Female,35,10,0.0,4,1,0,159492.77412599692,1
1292,849,France,Male,36,1,152658.7297473181,1,1,1,42085.790033211335,0
1293,649,France,Female,43,5,0.0,2,1,1,112416.126891194,0
1294,717,Spain,Male,52,7,145229.65574628205,1,0,0,120415.99120346516,1
1295,656,Germany,Male,33,5,0.0,2,1,1,36944.282070322006,0
1296,642,France,Male,44,2,0.0,2,0,1,143434.31538706637,0
1297,723,Germany,Female,29,2,0.0,2,1,0,47956.13568850929,0
1298,626,Spain,Male,41,10,0.0,1,0,1,142524.96990366935,0
1299,671,Germany,Male,47,6,130903.33589981822,1,1,0,85862.28494471186,1
1300,675,Germany,Male,25,1,0.0,2,1,1,126284.99012974164,0
1301,596,Germany,Female,32,2,181755.87491611665,2,1,1,120719.14905223172,0
1302,729,Spain,Male,47,6,145665.39174756026,1,0,0,197021.47361856114,0
1303,636,France,Female,44,8,110281.45297131073,3,0,0,22084.3148322263,1
1304,589,Spain,Male,48,0,0.0,1,1,1,62826.84365978735,0
1305,692,Germany,Male,46,4,135094.35038045028,2,1,1,122065.8021846967,0
1306,578,Germany,Female,34,1,0.0,2,1,1,153789.24988144857,0
1307,652,Germany,Male,59,4,123852.73771530925,4,0,0,179827.73542132517,1
1308,649,France,Female,39,5,130226.35333075887,1,0,1,28710.92887385893,0
1309,736,Spain,Male,18,7,114856.9276771126,1,1,1,63088.586589716884,0
1310,687,France,Female,35,6,141988.37266252676,2,0,0,31563.866363765563,0
1311,647,France,Female,33,4,110859.64462531931,1,1,1,23903.784970705463,0
1312,715,France,Female,45,10,101573.00943969977,2,1,0,13605.963387278693,0
1313,761,France,Male,33,4,150037.65228273405,2,0,0,162776.68381040057,0
1314,694,Germany,Male,48,1,0.0,2,1,0,39705.49802858602,1
1315,650,France,Female,43,5,119435.76317766559,1,1,0,83679.9151345454,1
1316,545,France,Female,27,2,0.0,1,0,0,12296.277998269516,0
1317,564,Germany,Male,36,5,145774.48873592677,2,1,0,167655.6655296816,0
1318,625,France,Male,30,2,118529.83942576894,2,1,1,30509.094962980715,0
1319,601,France,Male,39,1,113062.65188825583,1,1,1,94434.77339750732,0
1320,635,France,Female,30,7,102754.99785249119,2,1,1,78447.01414057368,0
1321,654,France,Male,38,3,0.0,2,1,0,58235.12560101961,0
1322,692,France,Male,35,4,150464.39535184522,2,1,1,97680.78069454202,0
1323,644,France,Male,36,8,93927.1025961049,2,1,1,17472.48598218717,0
1324,688,Spain,Male,58,3,78939.30853830933,2,0,1,79235.19928172843,0
1325,655,France,Male,34,0,117331.43330382652,2,1,1,112270.96457843311,0
1326,491,France,Female,18,10,128786.47643948314,2,1,1,125456.42108603843,0
1327,574,Germany,Male,48,5,0.0,1,1,0,114126.43908723029,1
1328,638,France,Female,48,10,129444.74848249761,2,1,0,96310.44305537725,0
1329,553,Germany,Male,18,10,0.0,2,1,0,121049.42716953879,0
1330,697,France,Male,30,4,0.0,1,1,1,26952.197505488246,0
1331,772,France,Male,42,9,165744.4556826249,1,1,1,68828.88305422415,0
1332,747,Germany,Female,43,2,119278.01662763096,1,1,1,193675.3319790132,0
1333,632,France,Female,37,10,0.0,1,0,0,191804.34423926412,0
1334,769,France,Male,38,10,0.0,2,1,1,129679.92705460322,0
1335,661,Spain,Male,28,4,137873.77330339068,1,1,1,104870.07868322136,0
1336,623,France,Female,18,7,92441.61042340843,2,1,1,53744.228939626366,0
1337,600,Germany,Female,58,0,0.0,1,1,1,78434.09403991135,1
1338,625,Germany,Male,28,3,108348.63129779887,3,1,0,132910.7736167402,1
1339,618,France,Female,39,2,172871.7620035116,1,1,1,164338.4955886306,0
1340,663,Spain,Male,36,3,87433.42226803345,1,1,1,167181.90153330108,0
1341,662,Spain,Male,46,1,161859.66866405905,1,0,1,36313.37187746647,0
1342,650,Germany,Male,39,1,187370.05297842275,2,1,1,105997.32937381387,0
1343,684,Germany,Male,39,1,88526.91072214828,2,1,1,145699.57038228933,0
1344,745,Germany,Female,18,2,77102.97665372994,1,0,0,142292.71151179785,0
1345,725,France,Male,29,8,129208.3349622765,1,0,0,194971.9162596222,0
1346,531,Germany,Female,45,4,122024.33175925867,1,1,0,34171.952541671904,1
1347,445,France,Female,44,3,160620.9055680777,1,1,0,97721.19796039976,1
1348,724,France,Male,28,3,84218.47655022127,1,0,1,24828.173490369325,0
1349,540,Germany,Male,22,2,126732.00675263905,1,0,1,118424.76309545658,0
1350,632,France,Female,39,8,133342.6394115833,2,1,1,139914.7115930852,0
1351,556,Germany,Male,18,10,0.0,2,1,0,24227.104783909766,0
1352,505,France,Male,26,9,0.0,2,1,1,111320.94805034189,0
1353,693,Germany,Male,55,0,118594.2571773401,2,0,0,194752.42152310407,1
1354,710,France,Male,52,5,212925.0783125431,1,1,1,16699.489534879987,0
1355,603,France,Female,42,3,69078.84872594738,1,1,0,43840.6000683976,1
1356,442,France,Female,41,7,188495.41103749454,1,1,0,113781.4953077892,1
1357,606,Spain,Male,18,6,105176.31588824408,1,1,1,145402.41414449422,0
1358,681,France,Male,30,2,0.0,2,1,1,166610.94652539337,0
1359,531,Spain,Female,35,4,87715.08467078538,2,1,1,66598.10479442355,0
1360,664,France,Male,30,10,115864.47438920607,1,0,1,73694.85734859368,0
1361,648,France,Male,34,10,0.0,2,1,1,159892.22254951473,0
1362,696,France,Female,50,3,0.0,1,1,1,89949.65178364293,0
1363,659,France,Female,32,3,108243.43683666018,1,0,0,176407.38224006735,0
1364,572,Germany,Male,34,9,168511.27072638998,1,0,1,184804.27070044176,0
1365,745,Germany,Male,45,7,85915.833010403,2,1,1,171714.65980125,0
1366,637,France,Male,23,8,109081.33443419868,2,1,0,25951.002841493544,0
1367,647,Spain,Male,29,10,119096.15876532152,1,1,1,112558.74820138827,0
1368,575,Germany,Female,30,3,0.0,2,0,1,189782.03386630703,0
1369,614,France,Male,38,1,0.0,2,1,0,193106.99394312548,0
1370,579,France,Male,34,0,122932.79985240096,1,1,0,109955.52087315168,0
1371,636,Spain,Male,34,9,131738.38633839364,2,1,1,92213.08637009589,0
1372,786,France,Female,31,3,132283.75557671158,1,0,0,45818.15349907458,0
1373,540,France,Male,27,7,133022.75194297638,1,1,1,199463.3792769545,0
1374,520,France,Male,44,4,97828.36494247285,2,1,0,127774.23820825778,0
1375,767,Spain,Female,34,1,0.0,2,0,0,25175.218159558353,0
1376,633,France,Male,44,10,0.0,1,1,1,176643.23434978328,0
1377,596,France,Male,26,3,96015.94694117561,2,1,0,134768.23637149576,0
1378,733,France,Male,31,3,49769.25283583434,2,1,1,73022.78213478663,0
1379,601,France,Male,35,9,113623.36288184879,2,1,1,45191.47348332024,0
1380,796,France,Male,36,4,115900.33875772695,2,1,0,136368.28844165558,0
1381,704,Germany,Male,45,1,89194.42875894292,1,1,0,11802.55098200921,1
1382,610,France,Male,33,6,0.0,2,1,1,174166.3165376635,0
1383,822,Spain,Male,45,4,112754.18252502554,2,1,0,129644.15107899158,0
1384,601,France,Male,41,3,134159.54868347,2,1,1,50354.66164420715,0
1385,709,Spain,Male,36,7,103432.8859678877,2,0,1,142078.6397174553,0
1386,673,Spain,Male,28,1,103623.99861252325,2,0,0,59988.45425152445,0
1387,754,France,Male,45,0,144269.7757961288,2,1,1,178080.25350859814,0
1388,774,Germany,Female,28,5,0.0,2,0,1,135745.1214736667,0
1389,652,France,Female,37,9,119639.15823821406,2,1,1,178398.63600181212,0
1390,589,Germany,Male,37,9,132569.44283002158,1,1,1,148664.20585580013,0
1391,686,France,Female,35,7,153464.9730485037,1,1,1,84906.84595698974,0
1392,595,Germany,Male,34,6,129736.50617734462,3,1,1,164951.81592648252,1
1393,811,Germany,Female,29,8,89545.5164256525,2,1,0,165089.77026666555,0
1394,660,Germany,Female,21,0,104211.38516911305,2,0,0,194450.41901979095,0
1395,620,Spain,Female,52,2,65039.114217950315,1,0,1,127596.59486924973,0
1396,664,France,Female,33,8,0.0,2,1,1,140514.87806882025,0
1397,542,Germany,Male,36,4,152223.3391707904,1,1,0,101555.62200692539,1
1398,572,Germany,Female,36,5,159465.17842393857,1,1,1,61316.98621373294,0
1399,746,Germany,Male,48,10,111810.65524139612,2,0,0,25637.75513168748,1
1400,597,France,Male,57,6,174256.27491244036,1,1,1,153314.4043120816,0
1401,566,Germany,Female,39,2,100893.17044842208,2,0,1,99219.26112367233,0
1402,692,France,Male,36,6,0.0,1,1,1,170513.25538275414,0
1403,744,Spain,Female,26,2,0.0,2,0,1,92115.8123706569,0
1404,707,France,Male,23,5,117551.50563117988,1,1,0,189044.30615271704,0
1405,729,France,Male,20,7,121961.16771120427,2,1,1,80610.54402952023,0
1406,589,Germany,Male,30,6,100429.64405776966,1,1,1,92811.37834042078,0
1407,536,France,Female,18,4,154226.24850801838,2,1,1,134898.9598414083,0
1408,770,Spain,Male,48,5,67216.71918798707,1,1,0,70363.59017803389,0
1409,624,Spain,Male,42,3,66353.20448582005,2,0,0,129255.26473437689,0
1410,629,France,Male,35,1,0.0,2,1,1,12490.033008755043,0
1411,756,France,Female,49,6,53419.8525085913,2,1,0,56483.6065586668,0
1412,694,Spain,Male,27,3,141959.86651869892,1,1,0,54354.39612551809,0
1413,686,France,Female,29,5,0.0,1,0,1,31085.701728944732,0
1414,823,Germany,Male,18,9,140738.56097072543,2,0,1,185847.62449997786,0
1415,598,Germany,Male,45,1,122334.66726971244,1,1,0,196953.99658503218,1
1416,724,France,Male,29,1,0.0,1,1,0,17651.248380234967,0
1417,654,France,Female,38,5,0.0,1,1,1,94432.33346902551,0
1418,671,France,Male,48,7,0.0,1,1,1,41546.266206316584,0
1419,772,Spain,Male,51,0,0.0,2,1,1,167610.9738983055,0
1420,690,France,Female,37,9,131508.43466211623,1,1,0,38001.92269135428,0
1421,693,France,Male,41,6,128845.26188232184,1,1,0,44937.02939466851,0
1422,735,Spain,Female,28,5,141085.53975045236,2,0,1,149634.02178718767,0
1423,620,Germany,Male,54,4,0.0,1,1,1,26943.751294640864,1
1424,582,France,Male,36,9,130500.86105722064,2,1,1,190365.8844112982,0
1425,566,France,Male,38,7,99521.75347559844,1,0,1,149300.19412297793,0
1426,492,Germany,Male,33,0,0.0,1,1,1,195665.9274984775,0
1427,814,Spain,Female,49,4,116822.9210281344,1,0,0,94948.23547948089,0
1428,561,Spain,Female,39,5,150261.7377089759,1,1,0,53961.16330530398,1
1429,632,Spain,Male,45,3,140693.8983191647,2,0,1,187820.50473837537,0
1430,627,Germany,Female,41,9,87584.7106217675,1,1,1,106420.54016126998,1
1431,674,Spain,Male,35,10,98966.62058603414,1,1,0,190501.21246730836,0
1432,715,Germany,Male,47,9,0.0,2,0,1,191153.69520421635,0
1433,718,Spain,Female,41,1,77731.4379838345,2,1,0,161861.72998832355,0
1434,603,Spain,Female,28,7,0.0,1,1,1,52907.72063986605,0
1435,636,France,Male,28,4,82100.71157955515,2,1,0,54473.957090313976,0
1436,672,France,Female,39,9,109479.8735261363,1,0,0,132869.96398345853,0
1437,630,Germany,Male,47,5,105247.39726230434,3,1,0,100657.45485856611,1
1438,778,France,Female,54,8,144871.23799820832,3,0,0,89143.72824037551,1
1439,689,Spain,Female,20,1,128187.41481825893,2,1,0,48752.37682861095,0
1440,708,France,Female,38,4,152174.5446641977,1,0,0,52159.36774643064,0
1441,703,Germany,Male,42,0,55960.243808949876,2,1,1,79330.9859847446,0
1442,743,France,Female,40,2,87419.46056229275,1,0,1,129953.57558811532,0
1443,664,Germany,Female,48,5,130384.07548733582,2,1,1,17988.55471642552,0
1444,546,Spain,Male,44,7,128205.63441716864,1,1,1,84313.2248444227,0
1445,681,France,Male,28,4,110112.76387524109,1,0,0,152040.5234371134,0
1446,597,Spain,Female,27,3,0.0,1,1,1,89996.63167013566,0
1447,607,France,Male,41,4,118532.84388136776,1,0,0,123415.24853432791,0
1448,696,France,Male,47,3,188483.76259199445,1,0,1,29099.426299205425,0
1449,749,France,Male,39,1,123045.31961392717,2,0,0,188382.90398448307,0
1450,651,France,Female,22,0,101167.19191376795,1,1,1,36409.04991357039,0
1451,674,Germany,Female,27,7,167036.00544920977,2,1,0,133328.41818903992,0
1452,786,France,Female,44,0,120602.9789301841,1,1,1,41635.63993908024,0
1453,669,Spain,Male,34,1,138454.6896429369,1,1,0,197004.03804913865,0
1454,850,France,Female,39,4,0.0,2,1,1,130233.69038412967,0
1455,695,Spain,Female,48,7,0.0,2,1,0,108891.86346466534,0
1456,509,France,Female,25,9,118455.78272258335,1,1,1,170638.1490214243,0
1457,710,Spain,Male,33,2,140178.26403349242,2,1,1,42458.333198399225,0
1458,680,Spain,Female,32,10,109536.75448605628,3,1,0,90659.55505775553,1
1459,753,Spain,Male,41,10,70174.24081216859,2,0,1,195689.02061903954,0
1460,703,France,Male,45,8,141279.1318485435,3,1,0,106292.55144166721,1
1461,638,Spain,Male,23,5,119623.68367377484,2,1,1,129511.3983957241,0
1462,552,France,Female,37,10,100053.7647110328,2,1,1,22943.07100844026,0
1463,633,France,Male,46,2,124094.56829398668,2,1,1,23673.292030191482,0
1464,581,France,Female,19,9,124941.76483129305,1,1,1,21710.761084669582,0
1465,603,France,Male,37,6,133048.96550508312,1,1,0,103185.47294608322,0
1466,697,France,Female,25,6,132191.86384288047,1,1,0,146569.8573989994,0
1467,783,Spain,Male,31,6,0.0,2,1,1,71693.02735401882,0
1468,681,France,Male,18,3,0.0,1,1,1,119293.09605871115,0
1469,554,France,Female,51,5,150367.6302743964,1,0,0,119639.10071146674,1
1470,685,France,Female,34,2,108419.95379032644,2,1,1,40093.14131512967,0
1471,745,Spain,Female,29,3,73944.43663581228,2,1,1,152670.6424033482,0
1472,601,Spain,Female,41,2,158353.7556325648,1,1,0,113796.37240917736,1
1473,639,France,Female,27,2,94654.37433546367,2,1,0,32808.70213344623,0
1474,651,Spain,Female,26,0,144192.29577309286,2,1,1,190054.08136086876,0
1475,587,Spain,Male,53,4,0.0,2,1,0,56840.727117283765,0
1476,701,France,Male,56,2,0.0,1,1,0,88476.28458914442,1
1477,640,Spain,Male,32,0,0.0,2,1,1,189454.2153232118,0
1478,683,Spain,Male,48,8,54530.10818795241,2,0,0,73171.12250140315,0
1479,579,Spain,Female,41,10,144487.94427371662,1,0,0,45164.513007137255,1
1480,615,France,Male,23,3,0.0,3,0,1,196673.41900181244,0
1481,707,France,Male,28,8,93038.04049480063,1,1,1,199178.0061991634,0
1482,620,France,Male,53,1,120292.9327839485,1,1,0,140685.78964209187,1
1483,788,Spain,Female,23,1,146193.68598654942,2,1,1,179885.56124928655,0
1484,618,Germany,Male,60,3,87914.54822052625,1,1,1,199771.03796328203,1
1485,667,France,Male,32,3,114171.1606391443,2,0,0,37806.144351053284,0
1486,724,France,Female,53,4,152888.3078441245,1,1,0,169946.9597588919,1
1487,536,Germany,Female,34,10,0.0,2,0,1,18802.42302607497,0
1488,509,Germany,Male,45,0,127954.89357585159,1,1,0,132396.61003883573,1
1489,527,Germany,Female,51,4,0.0,1,1,0,128581.87508538777,1
1490,751,Spain,Male,51,9,0.0,1,1,0,102539.17848835258,0
1491,605,Germany,Female,32,1,82691.83526002713,3,0,1,119361.44931275354,1
1492,850,France,Male,29,4,118415.46586610572,1,1,1,62777.36175871266,0
1493,604,France,Female,37,9,120382.7000527726,2,0,1,11392.101298786623,0
1494,664,France,Female,24,9,114798.36281575257,1,1,1,45755.505522088126,0
1495,773,Spain,Female,40,5,0.0,1,0,0,187470.4530493812,0
1496,810,France,Male,29,2,119866.49899549801,2,0,0,61591.68147370297,0
1497,814,France,Female,48,3,126476.3608423191,2,1,1,145437.93258899913,0
1498,746,France,Male,32,4,78452.91833976188,2,0,1,96470.37367097868,0
1499,731,France,Female,20,5,92789.31229364713,1,1,0,196424.6028196086,0
1500,697,Germany,Female,52,8,100098.34205317218,1,0,0,195934.28525609014,1
1501,712,France,Female,39,8,0.0,2,1,1,110546.19232622995,0
1502,605,France,Female,38,5,120546.46970426182,1,1,0,75469.2933714133,0
1503,584,Germany,Male,48,0,93407.63692719869,2,0,0,86691.41847296334,1
1504,649,France,Male,46,5,82985.45004903612,1,1,0,77898.02366378442,0
1505,636,Spain,Male,30,9,0.0,1,0,0,21127.528711886604,0
1506,613,Germany,Male,33,2,118106.27457591974,1,0,0,19457.440189238416,1
1507,705,Germany,Female,26,4,128900.55760960415,2,1,1,116640.50417770792,0
1508,726,Germany,Female,23,4,184382.29357777,2,1,0,119302.42108212912,0
1509,657,France,Female,43,9,0.0,1,1,0,23820.814897527165,1
1510,768,Spain,Female,41,3,0.0,1,1,0,83525.85701645355,0
1511,558,France,Female,45,2,118571.32218075366,1,1,1,184810.3866877421,0
1512,634,France,Male,50,0,123091.64752139385,1,0,1,92975.0680671088,0
1513,592,France,Male,45,6,183345.98562325296,2,1,0,77680.2425661611,0
1514,500,France,Female,46,7,0.0,2,1,1,23805.74851543948,0
1515,643,Germany,Male,18,4,0.0,2,0,0,167134.91301294504,0
1516,640,France,Male,34,7,0.0,2,0,0,122234.26989523413,0
1517,771,Spain,Male,47,3,135460.98095935935,2,1,1,42000.19129518817,0
1518,700,France,Female,26,7,140891.94372750705,1,0,1,88941.69921104575,0
1519,568,France,Male,38,2,68016.02185312593,2,1,0,148560.3718119188,0
1520,798,Germany,Female,43,7,114367.58179894736,1,1,0,60351.921101079926,1
1521,747,France,Female,42,5,91414.69241999036,1,1,0,102453.28674174179,0
1522,696,Spain,Female,41,8,130667.05081299423,2,0,1,113196.77368420952,0
1523,631,France,Female,43,4,0.0,2,1,0,145683.39569074658,0
1524,573,France,Female,39,0,102274.9034472934,4,1,0,118806.13811689442,1
1525,620,France,Male,23,7,0.0,2,1,1,96711.59385198104,0
1526,737,Germany,Male,43,10,0.0,2,1,0,42852.903343463935,0
1527,800,France,Female,40,2,110046.4385169051,2,0,1,68912.55627942196,0
1528,773,France,Male,23,10,92822.49945404369,2,1,1,83414.99900347974,0
1529,610,France,Female,51,4,0.0,1,1,1,183668.32705301562,0
1530,560,Germany,Male,43,1,0.0,1,1,1,134992.28770510928,1
1531,661,Spain,Male,24,6,93324.6182812124,1,1,1,112811.92720146675,0
1532,508,Spain,Female,29,4,0.0,1,0,0,106911.94587964285,0
1533,675,France,Female,32,6,208975.05644993795,2,1,1,134572.0491200965,0
1534,638,Germany,Male,32,6,126051.08319189947,2,0,0,53597.86499861128,0
1535,612,Germany,Female,40,4,125552.22892394513,2,1,1,91351.15383918103,0
1536,522,Germany,Female,28,4,149764.14920321156,1,1,0,117237.86534102782,1
1537,691,Germany,Male,49,8,0.0,1,1,1,79866.27257961893,1
1538,607,Spain,Female,48,2,0.0,1,1,0,19901.70937560759,1
1539,556,France,Male,44,7,125617.06886366995,1,1,1,91428.19264080207,0
1540,420,Germany,Female,38,0,103486.05489902075,1,1,1,36415.59185625057,1
1541,647,Germany,Male,47,3,136544.30335628695,1,1,0,158959.80192427212,1
1542,791,France,Female,35,1,0.0,1,0,1,106041.83845940724,0
1543,782,France,Female,30,2,121169.35782356198,2,0,0,193622.00902991634,0
1544,613,Germany,Female,49,10,0.0,3,1,1,79609.74712429396,1
1545,601,France,Female,41,5,125758.18882606762,1,1,0,60420.902744143925,1
1546,687,Germany,Male,31,3,143211.0883111846,2,1,1,199541.92617558353,0
1547,570,France,Female,33,0,91222.69991525999,2,1,1,71411.15019001093,0
1548,674,France,Female,30,4,127767.74440572134,2,1,0,85908.30536617493,0
1549,711,France,Female,58,2,142639.20376004413,2,1,0,11855.26624346486,1
1550,748,France,Male,38,1,129699.96263509362,2,1,0,50203.36953595918,0
1551,641,France,Female,39,3,174264.23670782166,2,1,0,157372.24620174922,0
1552,633,France,Female,45,3,98907.73490872522,1,1,1,144060.203230555,0
1553,579,Spain,Female,25,2,88862.7160295632,1,0,0,86185.04467857102,0
1554,583,Germany,Female,48,4,92370.11511156685,2,1,1,184491.5654897742,0
1555,631,France,Male,31,4,102773.0508083706,1,1,0,113225.76227202236,0
1556,679,Spain,Female,56,7,0.0,1,1,1,129507.80670746359,0
1557,723,Spain,Male,34,9,144290.92057559392,1,0,0,162668.732310559,0
1558,585,Spain,Male,48,6,62759.61076880707,2,0,0,143649.25088060644,0
1559,769,Spain,Female,18,10,0.0,1,1,0,38368.73142493086,0
1560,628,France,Female,26,8,148579.0665732697,2,1,0,100846.69825939166,0
1561,648,France,Male,35,6,114331.46884793296,1,0,1,124666.32261327011,0
1562,590,France,Male,18,1,82551.30360364824,1,0,1,19675.887944353934,0
1563,456,France,Male,44,2,105185.15219464853,2,0,0,56645.972388353155,0
1564,720,Spain,Male,41,5,158756.7361600637,2,1,1,158839.73758462907,0
1565,708,France,Male,28,0,114381.38565401384,2,1,0,191471.42849512314,0
1566,627,Germany,Male,37,7,129211.28595708187,1,1,1,196265.49390207638,0
1567,655,Germany,Male,46,6,0.0,1,0,1,146436.4107351789,0
1568,691,Germany,Female,18,5,168100.8013926244,3,0,0,143446.7770732913,1
1569,524,Germany,Female,25,4,110495.36412298086,1,1,0,144182.40804862144,1
1570,607,France,Male,34,9,102943.56774592068,1,1,1,66292.80523892672,0
1571,713,Spain,Female,38,4,141470.6286984677,2,0,0,88090.60553689029,0
1572,549,France,Female,37,7,137674.05858488177,1,1,0,44072.36370669052,1
1573,673,Germany,Male,46,7,114981.24887277499,2,1,0,99335.196640426,1
1574,541,Germany,Male,42,2,0.0,1,0,1,17717.60806329987,1
1575,687,Germany,Male,44,8,0.0,3,1,0,167492.62201275345,1
1576,647,France,Male,24,2,103173.28255480564,1,1,1,190017.1317902214,0
1577,520,Germany,Male,39,9,144025.57018458485,1,0,0,36247.93132307412,1
1578,743,France,Male,34,7,122636.60083861309,1,1,0,102119.56925695339,0
1579,591,France,Male,52,6,128639.21836872889,2,1,0,93509.71868678503,0
1580,585,Germany,Female,39,8,102891.43980472606,2,1,1,151697.1960749298,0
1581,666,France,Male,31,10,119728.52716728317,3,0,1,107735.70771991841,0
1582,741,Germany,Female,46,8,93892.51765425544,1,1,1,94894.05320092877,0
1583,568,France,Female,43,10,103878.27290607934,1,1,0,36546.54909614165,1
1584,654,Germany,Female,29,0,153829.10974365726,1,1,1,64319.10072823077,0
1585,684,France,Male,34,0,0.0,2,1,0,121676.07190705623,0
1586,705,Germany,Female,34,2,102358.9953650788,1,1,1,17737.020931045303,0
1587,664,Germany,Female,50,6,94698.00218904084,4,1,1,73394.77539809339,1
1588,620,Germany,Female,40,2,0.0,2,1,1,37217.4364351158,0
1589,583,France,Female,45,2,162269.34807397707,1,1,1,24457.113875715113,0
1590,656,Germany,Male,33,3,112820.92326758258,1,1,1,90986.21199580099,0
1591,564,France,Female,41,7,60184.68344380944,1,1,0,68047.1794932831,1
1592,416,France,Male,51,0,140966.3620414927,2,1,0,118658.2213344659,1
1593,684,France,Female,34,3,116731.68939618664,2,1,0,48942.24558818205,0
1594,722,Germany,Male,39,3,133699.3030249976,1,0,1,20538.1256773559,0
1595,460,France,Male,24,7,0.0,1,0,0,16671.85456545611,0
1596,569,Germany,Female,30,6,101757.91965823008,1,1,0,92037.58972186859,1
1597,699,Spain,Female,34,3,86206.97662976242,2,0,0,11487.928909707329,0
1598,814,France,Male,27,7,0.0,2,1,0,20640.25463024743,0
1599,651,Germany,Female,51,10,175135.68517272527,2,1,1,75248.24591938827,0
1600,591,France,Female,29,2,104281.48345163233,1,1,0,188717.17747785337,0
1601,635,Germany,Male,45,9,0.0,2,1,1,145920.06050785942,0
1602,759,France,Male,39,6,137047.19664509917,2,0,0,150517.27823241355,0
1603,598,Spain,Female,38,8,118101.663804448,1,1,0,42424.88645753257,0
1604,586,France,Male,52,5,51866.177470977695,1,1,1,118370.27950265835,0
1605,611,France,Male,18,3,87936.61903834152,1,1,0,53887.659939798854,0
1606,573,France,Male,36,3,125772.15622316959,2,0,0,108476.62834935433,0
1607,659,France,Male,27,0,91256.20511311787,2,1,0,164534.29990731832,0
1608,779,France,Female,18,5,167070.71591754182,2,0,1,92013.01483857981,0
1609,675,France,Male,26,2,0.0,1,1,1,53448.79450963793,0
1610,629,France,Male,38,2,0.0,1,0,0,68527.56386876432,0
1611,626,Germany,Male,30,0,88562.75519720817,1,0,0,103053.21248903312,0
1612,524,Spain,Male,46,6,135134.78379517703,1,0,0,163903.77854099654,1
1613,720,Germany,Male,35,8,83355.62213226546,1,1,0,130416.87003798214,1
1614,643,Spain,Female,34,2,166514.7158386433,1,1,0,191549.15962446452,0
1615,635,Spain,Female,34,6,157778.60055184818,2,1,0,195565.26360259793,0
1616,850,Spain,Male,37,8,147157.3975936858,3,1,0,69486.46667217428,1
1617,673,France,Male,33,2,70125.55407034271,1,1,0,135433.7576644671,0
1618,589,Spain,Male,29,8,0.0,1,1,1,144585.18756510664,0
1619,615,France,Male,47,10,54980.724488652595,1,1,1,116392.20839230153,0
1620,741,Germany,Female,31,1,162573.43470899115,1,1,1,162682.72380797067,0
1621,659,Germany,Male,34,2,0.0,1,1,0,62453.99084047951,1
1622,534,France,Male,42,10,135074.12414597694,1,0,1,154728.87079113474,0
1623,723,Germany,Female,41,3,0.0,3,1,1,57726.76568658603,1
1624,596,France,Male,29,6,123372.4416382385,2,1,0,113164.19035282035,0
1625,799,France,Female,45,10,120835.40934128505,1,1,0,31486.29197439469,0
1626,736,France,Male,43,8,0.0,2,1,0,140243.10248761976,0
1627,614,Germany,Male,39,0,137335.40435629088,2,1,1,172772.5940332148,0
1628,752,Germany,Female,33,8,74349.19057754547,2,0,0,150799.73799579657,0
1629,655,Germany,Female,33,9,124822.3909228682,2,1,0,191176.82048917862,0
1630,718,France,Male,35,4,0.0,2,1,1,197869.79358899957,0
1631,688,Spain,Female,25,3,106740.3957490629,1,1,1,97564.82646421374,0
1632,582,Spain,Female,37,10,162218.7445054481,2,0,0,39413.46754455003,0
1633,598,France,Female,46,5,72981.18402698245,1,1,0,145382.2366838203,1
1634,732,Spain,Female,46,9,174404.59346010137,1,1,0,89908.61739089664,1
1635,623,France,Female,34,4,81971.73864414482,1,1,1,82925.89082795286,0
1636,617,France,Male,48,4,123179.18855825708,1,0,1,44514.446579148986,0
1637,573,France,Male,57,4,0.0,1,1,0,17701.757016937092,1
1638,683,Spain,Male,34,7,121804.89751585166,2,1,1,155145.79201743077,0
1639,815,France,Male,44,9,0.0,2,0,1,101547.55493868321,0
1640,564,France,Male,18,7,153132.7499208238,2,0,1,85462.98033374635,0
1641,651,France,Female,25,9,94032.86369671213,2,1,1,79701.46874247733,0
1642,762,France,Male,38,3,198035.5672082745,1,1,0,105817.26862351163,0
1643,643,France,Female,27,8,90062.8388579548,1,1,0,151007.4452911952,0
1644,686,France,Male,58,7,0.0,2,1,0,92500.79905140845,0
1645,565,Spain,Male,43,5,77337.81556004238,2,1,1,28116.170165801097,0
1646,684,France,Male,47,1,98359.2224653212,2,1,1,59130.35240316335,0
1647,635,Germany,Male,37,8,25972.705454437877,1,1,1,35319.86869228755,0
1648,728,Spain,Male,27,5,157671.69335521208,2,1,1,46113.0399471795,0
1649,744,France,Female,32,7,137702.39313399096,1,1,0,176170.1436982765,0
1650,850,France,Male,40,5,56518.02004160413,2,0,0,42685.38420891246,0
1651,696,Germany,Male,31,4,0.0,1,1,0,147949.00145992055,0
1652,676,France,Female,44,6,0.0,1,1,0,67398.48039304429,1
1653,665,France,Female,45,3,110163.07469088929,2,1,1,181252.88277629868,0
1654,621,France,Male,38,9,109125.8357653686,2,0,0,128207.73011858991,0
1655,677,Spain,Male,19,10,0.0,1,1,1,138208.25850994873,0
1656,626,Spain,Male,55,2,115985.02776674632,1,1,0,109805.1484032878,1
1657,663,Germany,Female,35,10,171777.52479471383,1,1,1,186148.8247673927,0
1658,755,Germany,Female,65,6,81748.24091857634,4,1,0,39980.32831308352,1
1659,569,France,Female,44,1,109828.58996474787,2,1,1,64406.6973905056,0
1660,741,France,Male,35,9,101758.15711775988,2,1,1,181864.66790614979,0
1661,755,France,Female,42,2,102586.91772122009,3,0,1,197908.70425576455,1
1662,640,France,Male,18,0,143457.33602046687,2,0,1,156359.72813440417,0
1663,480,France,Male,48,10,138831.64116624862,2,1,0,50378.83664061092,1
1664,601,France,Male,63,0,75748.76595565272,2,0,0,182580.08008064562,1
1665,753,France,Female,18,1,116371.21146661745,1,0,1,41883.61729495687,0
1666,648,France,Female,35,0,125110.13639527671,1,1,0,176235.117039455,0
1667,570,France,Female,36,1,161225.8989070882,2,1,1,82781.89921920552,0
1668,609,Germany,Female,46,0,169714.9162106702,1,0,0,19116.949155034898,1
1669,717,Spain,Male,59,2,132955.61941095185,1,1,1,126242.20594957501,0
1670,693,Germany,Male,41,8,124625.92097118383,2,1,0,80182.98223182796,0
1671,630,France,Female,59,8,133928.58547663366,2,0,0,13654.837337446708,1
1672,620,France,Female,39,7,89850.51588448038,1,1,1,38641.89831327123,0
1673,618,France,Female,42,8,103227.86649686919,1,1,0,96627.90899258383,1
1674,576,France,Male,41,3,91312.87780570742,1,1,1,133933.04575122608,0
1675,779,France,Female,50,7,0.0,1,0,1,16239.727375602974,0
1676,624,Germany,Male,33,10,108962.88951586046,2,0,1,108947.99492216452,0
1677,747,Germany,Female,46,4,112592.32379229774,3,1,1,18943.428280938024,1
1678,771,France,Male,25,3,125488.95444576364,2,0,1,181455.6381730085,0
1679,729,France,Female,35,3,0.0,1,0,1,144331.98384843528,0
1680,615,France,Male,31,1,0.0,1,1,0,25946.548790146793,0
1681,682,France,Female,38,9,0.0,1,0,0,106453.22045539905,0
1682,648,France,Female,34,8,116480.6571880536,2,1,1,149670.63649880805,0
1683,577,France,Male,49,8,156428.52544565918,1,1,0,64713.188117254525,1
1684,675,France,Male,29,0,118133.46227757736,2,0,1,45679.43683522844,0
1685,555,France,Female,20,3,91072.24383011273,4,1,0,138383.24502273212,1
1686,745,France,Male,24,8,54297.352960019954,2,1,0,157988.76242773604,0
1687,612,France,Male,47,3,131066.10453487046,2,1,0,86152.60761743064,0
1688,666,France,Female,28,1,115877.35244049461,2,1,0,55656.31301408294,0
1689,672,Germany,Female,41,1,0.0,2,1,0,188967.35282683247,1
1690,629,France,Male,35,9,113346.81738104478,1,1,1,111890.1230704704,0
1691,696,Germany,Female,46,8,88844.66766402917,2,0,0,103142.82842317947,1
1692,612,Germany,Male,35,10,143040.0281169092,2,1,1,148838.87367946352,0
1693,719,Germany,Female,65,3,0.0,1,1,0,180259.55081975524,1
1694,542,Germany,Female,56,0,145518.4472165401,3,0,0,68089.16381036791,1
1695,660,Spain,Female,34,0,126704.71906944756,3,1,0,164448.9338186622,1
1696,805,Germany,Male,33,0,127181.41663674406,1,1,0,187347.82929605382,0
1697,569,France,Female,69,7,124695.64692566541,2,0,0,192737.88566339022,1
1698,595,France,Male,27,0,102697.82360351027,2,0,1,140674.68908693388,0
1699,691,Germany,Male,37,4,122445.3436386007,2,1,1,156463.1380216142,0
1700,664,Germany,Female,38,8,121738.42394023454,1,1,1,170076.4314813708,0
1701,678,Germany,Male,37,3,169823.51242477636,1,1,1,160550.39635341233,0
1702,689,Germany,Female,20,10,121251.12576391808,2,1,1,45561.30821770651,0
1703,700,Germany,Female,42,8,111531.4517715533,3,1,1,10431.404682584376,1
1704,738,Spain,Male,28,4,152372.09841442632,2,1,1,119023.2199938401,0
1705,682,Germany,Male,52,8,93347.5000240203,2,1,0,128729.29529704653,1
1706,630,Spain,Female,23,1,0.0,2,0,0,52907.88610847023,0
1707,703,Germany,Female,38,7,0.0,2,1,1,45603.63735223791,0
1708,801,Germany,Female,18,6,66186.54078187424,2,0,0,111132.34661715926,0
1709,639,Germany,Female,18,6,154034.86548165735,1,1,1,179703.686603289,0
1710,572,Spain,Male,29,2,109389.81756828619,1,1,1,45682.88748550579,0
1711,738,France,Male,31,9,55383.53769106026,1,1,0,176253.1084168859,0
1712,640,France,Female,52,1,95786.79065483714,1,1,1,173968.7816245732,0
1713,476,Germany,Male,37,10,114484.69422254043,2,1,0,57563.886047226224,1
1714,717,Spain,Female,50,9,190998.19658829295,1,0,0,161565.24448989812,1
1715,607,France,Male,34,0,48103.041289078625,1,1,0,192148.4529025537,0
1716,642,France,Male,44,0,145842.84190103237,2,1,0,39969.004095084005,0
1717,676,Germany,Female,30,6,0.0,2,1,0,113735.16828551654,0
1718,665,Germany,Female,30,8,0.0,1,1,1,163261.84676441786,0
1719,706,Germany,Female,19,0,97786.76013061905,3,0,0,73047.88036699436,1
1720,615,Spain,Female,41,9,150040.1983508035,2,1,1,24462.490128372727,0
1721,691,France,Female,40,3,127586.77014483005,1,1,0,33329.159355002506,0
1722,629,France,Female,45,1,93182.37868999052,1,0,0,73341.59408289337,1
1723,709,France,Female,40,7,0.0,1,0,0,18088.463650930506,0
1724,699,Germany,Female,58,8,162954.25112872763,1,1,1,18654.273601223584,1
1725,575,France,Female,39,2,154390.05667112715,1,1,0,195201.3531536611,1
1726,736,Spain,Male,47,2,192306.5598063255,1,1,1,33396.22266107326,0
1727,607,Spain,Male,34,6,153051.98532455,2,1,1,41035.23702307923,0
1728,714,Spain,Male,28,8,123713.72171794521,1,0,1,122266.40229042212,0
1729,679,Germany,Male,45,6,102413.0939094365,2,1,0,164824.04541353887,1
1730,797,France,Male,37,6,147917.14887179012,1,1,1,40334.80861391786,0
1731,632,Germany,Male,46,1,100149.34464758205,2,1,1,18175.693840034368,0
1732,622,France,Female,41,10,156595.37130543744,1,1,1,51752.36239090632,0
1733,648,France,Female,30,0,114224.76847431762,2,1,1,105747.19771963028,0
1734,625,France,Male,48,1,131235.57490753548,2,1,0,198377.253242476,0
1735,713,France,Male,29,5,0.0,3,1,0,127435.39617483213,0
1736,520,Germany,Female,44,9,112459.07342733644,1,1,0,52138.518654695145,1
1737,565,Spain,Female,50,7,0.0,1,1,1,12099.963265045015,0
1738,564,France,Female,34,7,170592.27212740167,2,1,1,41550.99776937886,0
1739,726,France,Female,49,5,0.0,2,0,1,134674.7367548098,0
1740,786,Spain,Female,41,1,117987.70175931546,2,1,1,70547.96325313851,0
1741,641,Germany,Male,46,8,87825.72189036445,3,1,0,115460.72447270727,1
1742,636,France,Male,29,9,74068.91996683997,2,1,0,121307.4750307893,0
1743,655,Spain,Female,40,3,93905.70139446789,2,0,1,40213.525574964006,0
1744,742,Germany,Male,23,4,0.0,2,1,1,87628.26667171353,0
1745,575,Spain,Female,55,0,0.0,1,0,0,115201.51260440193,1
1746,669,France,Male,18,8,0.0,2,0,1,174771.66371160722,0
1747,728,Spain,Female,34,10,142257.06674232634,1,0,0,161905.20191722948,0
1748,690,Spain,Male,28,10,106206.37672538612,2,1,0,137970.52287396294,0
1749,665,Spain,Male,44,10,137486.54919488772,2,1,0,157665.28494929883,0
1750,730,Spain,Female,57,9,105715.31095553498,2,0,0,192105.39834883309,1
1751,433,Germany,Female,44,0,127276.97965199272,2,0,1,154964.1834327206,1
1752,704,France,Male,67,6,0.0,1,1,1,48756.54030118824,1
1753,597,Germany,Female,24,10,0.0,4,1,1,73856.16561477252,1
1754,503,Spain,Female,24,8,156987.76840825143,1,1,1,79902.86766031887,0
1755,690,Spain,Female,29,2,0.0,1,0,0,93135.63537902427,0
1756,759,France,Female,39,1,84353.43660206825,3,1,1,130378.77565819012,0
1757,639,France,Female,27,9,100501.1810404074,1,1,1,89823.50722914877,0
1758,726,Germany,Male,30,7,109246.7250389681,3,0,1,98386.26332474056,0
1759,778,Spain,Male,44,3,0.0,1,0,0,122696.36473512674,0
1760,755,France,Female,25,0,47023.130551241906,1,0,1,163988.42686260105,0
1761,781,Spain,Female,26,7,85643.28988647698,2,0,1,95209.9984122668,0
1762,709,France,Male,34,5,139957.3218194958,2,1,1,129808.11108640366,0
1763,656,Germany,Female,34,5,0.0,2,1,1,98363.23933961363,0
1764,521,Germany,Male,48,3,128099.69598531943,3,1,1,199537.52452580858,1
1765,630,France,Male,28,5,0.0,1,0,1,189267.24508475608,0
1766,582,Germany,Male,30,1,112752.36830984347,1,1,1,112750.96000855403,0
1767,823,Germany,Male,43,5,97418.35865908144,1,1,1,164922.64597109015,0
1768,635,France,Male,46,1,0.0,2,1,0,174017.47550389174,0
1769,659,Spain,Male,52,5,0.0,2,0,1,15295.386797183339,0
1770,694,France,Female,42,8,0.0,1,0,1,184821.9755823295,0
1771,653,Spain,Male,39,6,0.0,1,1,1,173481.08038821915,0
1772,785,France,Male,43,3,0.0,1,1,1,165589.2137716865,0
1773,600,France,Male,35,0,52180.32230306511,2,1,1,117851.44468975479,0
1774,665,France,Male,35,8,0.0,2,1,1,53277.71750091468,0
1775,590,France,Male,20,0,0.0,1,0,1,105288.85557643027,0
1776,544,Germany,Male,46,4,135295.75070098054,2,0,1,161876.20116216192,0
1777,601,France,Male,40,6,102774.41050089878,1,1,1,95816.45782588572,0
1778,647,France,Female,45,9,0.0,2,1,1,197595.99170600105,0
1779,615,Germany,Male,18,9,114302.64846457659,1,0,0,53067.18477507259,0
1780,594,France,Male,37,5,125260.71487873836,2,1,1,183047.63044682489,0
1781,537,Spain,Male,29,2,132104.27710136445,1,1,0,71330.17312939298,0
1782,643,Germany,Male,53,10,124033.59042552544,1,0,0,169341.3027142029,1
1783,529,Germany,Female,44,7,125364.81965663347,2,1,0,92555.009699232,1
1784,710,France,Male,40,10,0.0,2,1,0,168196.6829941382,0
1785,656,France,Male,33,6,0.0,1,0,1,121953.44239157195,0
1786,533,Germany,Male,41,8,111330.6670279036,2,1,1,182358.68971233242,0
1787,625,France,Female,28,0,151013.56478072875,2,1,1,100924.14466107982,0
1788,589,France,Male,37,7,0.0,2,1,0,187303.03951626364,0
1789,675,France,Female,32,3,95623.0715551118,1,0,1,34206.683104388285,0
1790,757,France,Male,60,6,68518.27865040384,1,1,0,163701.14888042156,1
1791,499,Spain,Male,52,6,69157.45972351544,2,1,1,51950.603988231174,0
1792,659,Germany,Female,48,3,90147.99254434777,1,1,0,53696.36321164438,1
1793,637,Germany,Female,23,7,113233.04903890051,2,1,1,22468.53304549501,0
1794,703,Germany,Female,46,0,0.0,2,0,1,149043.3992387171,0
1795,667,France,Male,39,4,131438.35777028825,1,1,1,132326.25564557634,0
1796,589,France,Male,50,3,0.0,1,0,1,73667.19999170266,0
1797,624,Germany,Male,41,3,101189.1158028215,1,1,1,195399.7570198272,0
1798,586,France,Female,37,2,178101.92290781112,2,0,1,21043.434162336333,0
1799,736,France,Female,40,0,119003.70726866007,2,1,0,156273.6624871031,0
1800,651,Germany,Male,19,4,0.0,3,0,1,60143.594583891616,0
1801,802,Spain,Female,30,7,107561.91829966547,1,1,0,22732.399431707752,0
1802,645,France,Female,41,9,99347.95851663346,3,1,0,130982.05932635195,1
1803,593,Germany,Male,49,5,128428.87834630853,2,1,0,72528.89362456118,1
1804,528,Germany,Female,32,0,81548.15754351084,2,1,0,95596.8291204828,1
1805,505,France,Female,37,4,81181.09951706076,1,1,1,99828.8075862428,0
1806,523,Germany,Male,21,5,156769.92592541108,1,0,1,17729.529648307092,0
1807,671,France,Female,52,8,123164.31384253965,2,1,1,111039.18564763622,0
1808,690,Spain,Male,49,8,110820.59695691665,1,1,0,17471.23053888597,1
1809,523,Germany,Female,44,4,160374.44127640728,1,1,1,44763.08463534491,1
1810,721,Germany,Female,42,2,0.0,2,1,1,146183.20706354466,0
1811,611,France,Male,53,5,199203.275592534,1,1,0,147485.21814814885,1
1812,661,France,Male,29,10,115021.48556704976,1,1,1,10532.757512834281,0
1813,778,France,Female,28,7,97062.45043218345,2,1,0,171286.83003142057,0
1814,721,Spain,Male,48,10,150270.02728811902,2,1,0,11652.092073089205,0
1815,628,France,Male,47,4,98559.15281388831,2,1,0,194101.02517517196,0
1816,578,France,Male,26,7,122088.17191753778,1,1,1,116483.49033077848,0
1817,477,France,Female,32,0,0.0,2,1,0,79954.18833492916,0
1818,592,France,Female,54,7,109654.6656865943,2,0,0,125346.61505052501,1
1819,633,France,Male,42,1,119975.96361083302,2,0,0,38221.263035562166,0
1820,571,Germany,Female,45,6,125713.75825600816,1,1,0,100676.08651616637,1
1821,639,France,Male,26,1,156412.4932213722,1,1,1,140871.2085947691,0
1822,656,France,Female,44,2,0.0,2,1,1,134342.76061243456,0
1823,632,Germany,Female,23,4,168161.9981880716,2,1,1,182445.26969426477,0
1824,597,Spain,Male,18,9,112927.21860225702,1,0,0,64030.25508262767,0
1825,663,France,Male,45,6,0.0,2,1,0,23399.049175142445,0
1826,685,France,Male,52,8,103134.442759542,1,1,1,80779.10741273861,0
1827,562,Spain,Male,35,4,125865.98266314664,2,1,1,35232.32309949766,0
1828,762,France,Female,32,10,136933.3771049592,2,1,0,179721.03386806403,0
1829,642,Germany,Male,55,0,119969.5159732796,1,0,1,196452.06915399808,1
1830,651,France,Female,36,10,0.0,2,1,0,130556.46809831058,0
1831,706,France,Female,37,2,108985.18989232351,1,1,0,160811.11386155421,0
1832,668,France,Female,54,4,148696.45736269408,1,1,1,142372.3681292025,0
1833,726,Spain,Male,34,2,0.0,1,0,0,114113.38507242138,0
1834,672,Germany,Female,31,7,182581.6244450105,1,1,0,167368.1363226465,1
1835,601,France,Female,46,7,124406.35811324933,2,1,1,179719.03912141104,0
1836,678,Spain,Female,30,10,124407.54050657948,4,1,1,107405.6693604632,1
1837,558,France,Female,36,0,129262.44943090322,2,1,1,164116.61810160286,0
1838,658,France,Male,24,7,124208.22947598249,2,1,0,84123.31718328735,0
1839,647,Germany,Male,39,3,171325.1704079811,1,1,0,54329.06472594196,1
1840,633,France,Female,38,10,109674.3923960149,1,0,0,97967.14775450481,0
1841,639,Germany,Female,47,5,133189.90556144287,1,1,0,57005.42495788702,1
1842,499,Spain,Female,46,9,152166.96991930058,2,1,0,84450.54232865255,1
1843,606,Germany,Male,43,7,170391.85390851897,2,1,0,131723.97722314287,1
1844,657,Germany,Female,41,1,131535.97929988598,1,1,1,42669.11187708246,0
1845,662,France,Male,37,7,80894.21705170195,1,0,1,147622.01663141995,0
1846,567,France,Male,44,6,77402.88468254163,2,0,1,180283.9391042593,0
1847,751,France,Male,26,3,0.0,3,0,0,82680.61640427659,0
1848,580,France,Male,18,4,135255.6213236797,2,1,0,195167.97932206743,0
1849,727,France,Male,49,5,123525.43110578346,1,1,0,140911.4803479155,0
1850,684,France,Female,44,2,0.0,1,0,0,119319.3600608937,1
1851,598,Germany,Female,36,1,118249.55562237075,3,0,0,67749.20150310779,1
1852,792,France,Female,48,1,117544.42932052365,1,1,0,13128.974809652935,0
1853,554,Germany,Female,30,3,116376.25546886053,2,0,1,88534.47502013826,0
1854,723,Germany,Male,30,6,132045.39568781713,1,1,1,183225.93947991412,0
1855,730,Germany,Female,29,0,0.0,2,1,1,162774.91152962984,0
1856,596,France,Female,43,0,99286.88391316237,1,1,0,196733.94493613264,1
1857,761,France,Female,22,3,109654.28862285416,1,0,0,163445.25952289838,0
1858,629,France,Female,30,8,78771.15730496176,1,0,1,148609.58693333398,0
1859,673,France,Male,40,4,56701.680055981764,2,1,1,26507.9873914602,0
1860,670,France,Male,25,0,121597.85879975045,2,1,0,196141.05808766233,0
1861,639,Germany,Male,31,2,0.0,2,1,0,65476.07997241132,0
1862,714,France,Female,18,10,85659.38183167865,1,1,1,56324.010071068624,0
1863,713,Spain,Male,44,5,134539.8224280103,1,0,1,15575.82877838539,0
1864,510,Germany,Female,31,2,0.0,2,0,1,86295.22035882932,0
1865,754,France,Male,27,10,99896.84097979135,3,1,0,179988.762633157,0
1866,517,France,Female,25,5,117268.24771702875,1,1,1,156200.04710695404,0
1867,732,Germany,Male,33,5,80314.48379788743,1,1,1,121379.92602389593,0
1868,740,France,Male,22,4,0.0,1,1,1,151886.92250945233,0
1869,562,Spain,Male,57,9,0.0,2,0,1,20033.799565178786,0
1870,617,France,Female,18,4,114368.86639487691,2,1,0,45726.41915578634,0
1871,561,Germany,Male,33,8,157700.17358004107,2,1,0,98942.65440952453,0
1872,632,France,Female,39,2,118848.44028910366,2,1,0,137116.36716775934,0
1873,625,France,Male,30,10,105113.64456183233,1,0,0,118100.447819059,0
1874,712,Spain,Female,40,9,0.0,1,1,1,39200.28352870676,0
1875,754,France,Male,30,6,184236.5944828093,1,1,0,166116.3942666991,0
1876,761,France,Female,53,3,80219.88142972055,2,1,0,35785.087620258855,0
1877,605,France,Male,26,1,157290.11545408808,2,1,1,57701.50433388569,0
1878,633,France,Female,18,9,107684.03006303056,4,1,1,189913.08069282369,1
1879,515,Spain,Male,25,2,125269.25896037044,1,1,0,188194.360679072,0
1880,585,Spain,Female,41,2,0.0,2,1,1,41431.6441942589,0
1881,727,Spain,Female,36,2,83402.75983634926,2,1,0,53502.11692873164,0
1882,779,Spain,Male,45,2,96088.16308341388,2,0,0,132244.74674563383,0
1883,551,France,Male,43,9,158177.54570537969,2,1,1,169308.7028819592,0
1884,602,France,Female,31,5,55585.42306587071,1,1,0,115943.02785973012,0
1885,647,Germany,Female,33,5,114888.43344529707,2,1,1,63266.85681144056,0
1886,672,Germany,Male,34,10,0.0,3,1,0,64096.124080754664,1
1887,585,France,Male,56,8,133751.25908090663,2,0,0,16859.79313159053,1
1888,683,France,Male,44,7,133719.33634210637,1,1,1,11062.551999117142,0
1889,612,France,Male,56,9,134665.06544465106,1,1,1,34361.86159975967,0
1890,648,Spain,Male,46,6,0.0,2,1,1,198669.01678508893,0
1891,693,Spain,Female,37,1,107338.49344173541,1,1,1,47284.01386312858,0
1892,650,France,Male,27,9,154955.1677143055,1,0,0,114359.33969306553,0
1893,615,Spain,Female,40,1,85131.25731854915,2,0,0,42671.5471469356,0
1894,641,France,Female,37,0,135353.66260531152,2,0,1,174589.63990003266,0
1895,642,France,Male,37,6,92386.89715445622,2,1,0,135732.24629543422,0
1896,620,Germany,Female,35,6,0.0,1,0,0,150985.82184751326,1
1897,629,France,Female,18,0,154543.73140962332,1,1,1,165041.3353097039,0
1898,777,France,Male,50,5,110511.0913721942,1,1,0,164099.0326722192,0
1899,694,Germany,Male,37,10,0.0,1,0,1,11372.90388338084,0
1900,626,Germany,Female,23,6,170460.46928569564,2,0,1,137659.57494131767,0
1901,705,Germany,Female,42,0,89925.89767615468,1,1,1,166281.7229937496,0
1902,623,France,Male,29,5,178666.21498121042,4,1,0,20478.969253671214,1
1903,743,France,Male,43,9,127352.48915378835,1,1,0,111194.86287133716,0
1904,679,Germany,Male,46,8,0.0,1,0,1,42674.33646285835,0
1905,641,Spain,Male,48,0,97267.92033004973,1,0,0,50429.615586605614,1
1906,685,Germany,Male,36,1,0.0,1,1,1,170004.77797505993,0
1907,524,France,Female,33,1,146691.99814133515,1,1,0,97375.87366084443,0
1908,559,France,Female,31,9,102761.31480693081,2,0,0,45067.64095705191,0
1909,554,Germany,Male,30,2,108519.85087325264,1,1,1,151761.12096450024,0
1910,661,Spain,Female,37,3,74373.13358239838,1,0,0,179375.55415974135,0
1911,788,France,Male,35,6,87722.34303564328,3,1,1,138986.80442096567,0
1912,828,France,Male,29,2,0.0,1,0,1,184955.32470350483,0
1913,701,France,Male,26,6,115148.50124686965,2,0,0,64432.0274949648,0
1914,690,France,Male,36,4,79497.2063970015,1,1,0,92222.40983234571,0
1915,505,France,Male,33,4,0.0,2,1,0,30014.72920368041,0
1916,606,France,Female,26,6,160753.57349956367,1,1,1,23940.417387973503,0
1917,586,Germany,Male,46,6,0.0,2,1,1,86606.76684776513,0
1918,600,France,Female,55,6,0.0,1,1,1,139608.76122809248,1
1919,636,Germany,Male,47,8,62578.11435975585,1,1,0,153315.29125095723,1
1920,612,France,Male,30,0,133857.6630225305,2,0,1,38661.53565024078,0
1921,491,Spain,Female,37,0,0.0,1,1,1,126610.73155176565,0
1922,709,France,Female,53,2,0.0,1,1,0,109744.232329998,1
1923,564,Spain,Male,26,5,0.0,1,1,0,163499.55724179812,0
1924,669,Germany,Female,45,1,131359.75485619612,1,1,0,148451.75299133014,1
1925,815,Germany,Female,23,8,160587.19060053234,2,1,1,105002.36484547288,0
1926,576,Spain,Female,54,0,115046.70474274507,1,0,0,56788.55902566419,1
1927,447,France,Male,33,4,0.0,2,1,0,176643.56604738304,0
1928,627,Germany,Female,60,6,0.0,1,0,1,41775.36191546045,1
1929,738,Germany,Male,55,9,0.0,1,0,1,59406.6846186069,1
1930,806,Germany,Female,36,2,149036.95630918338,2,1,0,138109.213457208,0
1931,551,France,Male,30,1,119846.6829799474,2,1,0,110386.71017514353,0
1932,689,Germany,Male,39,2,127945.06099444217,1,0,1,29832.67292543202,0
1933,612,France,Female,36,6,153310.16321419645,2,1,0,102091.2203803219,0
1934,641,France,Male,33,0,190017.72700902872,2,1,1,32409.23264199378,0
1935,850,France,Male,21,7,109704.85642614956,1,0,1,30692.485779432674,0
1936,529,France,Female,32,2,138016.00730933575,1,1,0,58647.5795341943,0
1937,670,Germany,Female,26,4,116656.7523043543,1,0,1,42645.35026402275,0
1938,687,Germany,Male,43,9,99622.29155074187,1,0,1,198437.36780229563,0
1939,736,Germany,Male,47,10,116469.70492339741,1,1,0,191989.26292521108,1
1940,657,Spain,Male,45,4,144334.28155511752,1,1,1,147614.24485219727,0
1941,674,Spain,Male,41,5,143348.58204552392,1,1,0,169507.99767375115,0
1942,618,Spain,Female,29,6,0.0,2,0,1,180661.00502017222,0
1943,671,France,Female,40,10,112048.3011586025,1,1,1,110639.35261290494,0
1944,622,Germany,Male,45,0,170718.06901933317,1,0,0,163571.97125439005,1
1945,699,Spain,Male,32,5,74715.10455772685,1,0,0,181486.2231195725,0
1946,620,Spain,Female,39,1,0.0,2,1,0,19584.171786512172,0
1947,680,Spain,Female,36,9,154701.81029971543,2,1,0,163177.9382558234,0
1948,647,Germany,Female,54,2,112031.44814269352,1,1,1,25756.648601953548,1
1949,740,France,Male,46,4,60671.078356142476,2,1,0,189388.0350910275,0
1950,645,France,Male,44,0,114426.59451560477,2,1,1,137784.38352369194,0
1951,508,Germany,Male,20,6,102672.521820108,2,1,0,199684.01123229673,0
1952,750,France,Male,39,0,94677.60096690914,2,0,0,86512.19251913662,0
1953,577,Germany,Male,36,7,0.0,2,1,0,173312.43604510254,0
1954,597,France,Female,36,10,66419.95349654995,2,1,1,191690.36578517733,0
1955,602,France,Male,22,5,100390.31177083295,2,1,0,65854.06229904735,0
1956,759,Germany,Female,27,10,125558.2196039048,2,1,0,173608.8409506726,0
1957,479,France,Male,37,0,72643.75981978097,2,0,1,81082.3697118069,0
1958,850,Spain,Male,49,6,0.0,2,1,1,89483.14672530557,0
1959,734,France,Male,32,9,95201.98128136675,2,1,0,175554.77061920383,0
1960,667,France,Male,34,2,84326.61632989618,2,0,1,112478.03247718613,0
1961,645,Spain,Female,55,6,0.0,2,0,0,86881.28735242745,1
1962,672,France,Male,35,10,0.0,2,0,1,38857.40665067252,0
1963,691,Germany,Male,36,7,0.0,2,1,1,93057.36306506701,0
1964,701,Germany,Female,36,9,91072.13040911769,2,1,0,148766.5780562135,0
1965,694,France,Male,24,2,0.0,2,0,1,141066.98514903907,0
1966,657,Spain,Male,43,4,0.0,2,1,1,158677.4875797,0
1967,634,Spain,Male,31,9,94224.15891808561,1,0,1,153554.22849156617,0
1968,637,France,Male,37,1,0.0,2,1,1,78561.48532484185,0
1969,634,France,Male,42,1,174698.8268793996,1,1,1,169332.79378125427,0
1970,740,France,Male,57,0,79196.8065561833,2,0,0,17370.83802225942,0
1971,697,Spain,Female,24,2,169581.97505571035,1,1,1,15410.227613829931,0
1972,414,Spain,Female,46,3,0.0,1,1,1,191660.97093676985,1
1973,702,Spain,Male,46,2,78234.6025591018,1,0,1,176528.4404528984,0
1974,665,Germany,Male,31,10,134613.44267522992,2,1,0,86501.63242278539,0
1975,648,Germany,Male,43,7,0.0,2,1,0,170180.2624821594,1
1976,618,Spain,Female,54,0,132450.842541671,1,1,0,133514.33669996492,1
1977,739,Germany,Male,30,4,147540.59439136344,1,1,1,42305.2982284621,0
1978,725,France,Female,40,6,140125.3628647399,1,0,0,96666.94111625633,0
1979,588,Germany,Female,42,8,98203.23185489178,2,1,0,22030.850409686267,1
1980,682,Spain,Male,43,0,172483.11508564116,1,1,0,73636.83706114734,0
1981,572,Germany,Female,45,8,0.0,2,1,1,49326.55715295442,0
1982,539,Spain,Male,39,10,143509.15310218098,2,1,1,166068.38207423766,0
1983,599,France,Male,43,8,142225.77250456027,2,1,0,150098.99498930477,0
1984,718,Spain,Male,28,3,131009.58746930708,3,0,1,21604.998503079027,0
1985,726,France,Male,39,9,0.0,2,1,0,112209.19918939829,0
1986,691,Spain,Female,33,4,90830.84916913527,1,1,0,147933.7972058444,0
1987,708,France,Female,25,5,109520.35432871488,1,1,1,128420.53537397458,0
1988,691,Germany,Male,32,3,89506.76160921683,1,1,0,20256.026632858662,0
1989,598,Spain,Female,40,5,0.0,1,0,1,47497.570177361136,0
1990,684,Spain,Male,42,4,105303.88577548868,2,1,0,83032.5528315181,0
1991,714,France,Male,25,2,107687.65414987749,1,1,1,34318.90074547514,0
1992,710,Germany,Male,28,2,0.0,1,1,1,37828.53707687021,0
1993,745,Germany,Female,45,8,104984.3773427195,2,1,0,83401.1110424201,1
1994,706,Germany,Female,43,4,115678.29542901267,1,0,0,103211.21250067714,1
1995,678,France,Female,46,10,109043.03392654697,2,1,0,22704.58224433587,0
1996,735,Spain,Female,51,2,125582.35304734402,2,1,1,148633.4162989746,0
1997,647,France,Male,43,7,114173.81216504147,2,1,0,113176.92154647311,0
1998,579,Spain,Male,33,7,79721.46558673389,2,1,0,192625.80243764265,0
1999,636,France,Male,39,2,0.0,2,1,1,63311.46954903959,0
2000,590,Spain,Female,54,6,128417.98669035338,2,0,0,59544.84753910963,1
2001,595,Spain,Male,65,8,0.0,2,1,0,74468.37599716894,1
2002,638,France,Female,42,2,121349.17825227413,1,1,0,113371.07363138661,1
2003,586,France,Male,43,7,134086.05879571202,1,0,0,68030.11316098439,0
2004,625,Germany,Male,45,0,0.0,3,1,0,67669.3804366409,1
2005,498,France,Male,38,2,106384.53940205462,1,1,0,173306.9748925748,0
2006,667,Germany,Female,49,3,137596.07073858136,1,1,0,28460.015710563883,1
2007,650,France,Male,48,2,0.0,2,1,0,104965.41452275697,0
2008,584,France,Male,41,8,0.0,2,1,0,153299.5444374997,0
2009,702,France,Male,34,9,0.0,1,1,1,191795.38369307297,0
2010,725,Germany,Female,22,4,128242.85110142676,2,1,1,177520.8771513445,0
2011,521,France,Female,45,2,0.0,2,1,1,50314.24675909104,0
2012,588,Germany,Female,40,2,0.0,1,1,1,97524.01771909175,1
2013,588,Spain,Male,30,10,0.0,3,1,0,120472.08540343701,1
2014,574,France,Female,26,1,130600.56252664297,1,1,0,71733.11665019408,0
2015,716,Spain,Female,44,9,150683.5563655081,2,1,1,70485.23747906233,0
2016,634,France,Male,21,5,0.0,1,1,0,45190.70605976862,0
2017,628,Germany,Male,40,8,0.0,1,1,0,19577.011891693313,1
2018,489,France,Male,46,6,148669.23783349362,1,1,0,157947.42850045816,1
2019,700,France,Male,43,1,115431.70503043114,1,1,0,95102.55506670545,0
2020,550,Germany,Female,34,8,0.0,2,1,0,175645.50156013336,1
2021,654,Germany,Female,25,2,60863.29286210177,4,0,1,46472.82265566023,1
2022,672,France,Female,43,6,0.0,1,0,0,80553.79018527432,1
2023,758,Germany,Male,50,9,104959.21638179394,2,0,0,77515.32626644094,1
2024,545,France,Female,32,6,157421.89701654628,1,0,1,125014.66011607082,0
2025,408,Germany,Male,43,3,0.0,1,0,0,102724.65571982256,1
2026,664,Spain,Male,53,3,91291.10837158568,2,1,0,125395.85081408541,0
2027,794,France,Female,41,1,0.0,1,1,0,77391.23428352989,0
2028,749,France,Male,34,1,138369.91937782784,2,1,0,188883.27118473296,0
2029,666,France,Female,48,1,123198.40358636306,2,1,0,187321.2552439226,0
2030,610,France,Female,30,10,132101.7205962145,1,1,1,157830.26247829036,0
2031,714,France,Female,25,4,106981.02088331652,1,0,0,199187.04547096253,0
2032,572,Spain,Male,46,2,0.0,1,1,0,49633.8383487306,1
2033,688,Germany,Female,33,9,118636.71417429944,2,1,1,92197.84122861322,0
2034,690,France,Female,34,6,0.0,2,1,1,129978.04522108808,0
2035,734,Spain,Female,31,6,97201.75219769738,1,1,0,84025.04623499226,0
2036,850,Spain,Female,33,5,65727.42783259114,1,0,0,53288.88190638335,0
2037,681,Germany,Female,52,7,0.0,2,1,1,18216.314526462753,0
2038,609,Spain,Male,54,10,84227.64740866289,1,1,1,189657.43952323063,0
2039,647,Spain,Female,55,3,99941.8151105431,1,1,1,53800.13820506614,0
2040,508,France,Female,48,8,0.0,1,0,1,99547.70535214282,0
2041,594,France,Female,42,9,0.0,1,1,0,14217.679273707778,1
2042,617,France,Female,23,9,112114.88178421979,1,1,0,112179.86969804448,0
2043,608,France,Male,36,4,122405.29225749115,1,1,1,169084.91968554034,0
2044,662,France,Male,59,3,107963.76361063358,1,1,1,97031.58476542472,0
2045,584,Spain,Female,33,2,124362.04390697586,1,1,0,183205.89050141833,0
2046,739,France,Male,53,8,116769.0374128096,1,1,1,50652.93864246997,0
2047,650,Spain,Male,38,3,0.0,2,1,0,48503.00123741711,0
2048,649,France,Male,18,8,113979.25828087686,2,1,1,123734.12116910794,0
2049,623,Germany,Male,44,10,116585.18533678223,1,0,0,163940.33693304897,1
2050,662,Germany,Female,50,0,128501.34997341246,1,1,1,10927.679124427812,1
2051,716,France,Female,37,4,0.0,1,0,0,58195.47709822034,0
2052,580,France,Male,50,0,0.0,1,1,1,57221.82970441045,0
2053,597,Spain,Male,21,8,141420.8584310042,1,1,0,107257.86098521079,0
2054,625,France,Male,24,6,97160.03077137153,1,0,1,127231.5802320251,0
2055,542,France,Male,40,9,101912.22401132734,1,1,0,113114.02504909594,0
2056,584,France,Male,42,8,161430.13421887826,1,1,0,56382.40125854388,0
2057,611,Germany,Female,51,4,0.0,2,1,0,175455.23462891937,1
2058,719,Germany,Male,44,9,65400.947412782254,1,0,1,157123.3794874945,0
2059,671,Spain,Female,26,8,145416.70494117355,1,0,0,130800.4212035499,0
2060,665,Spain,Female,40,3,0.0,1,1,0,80689.94936136143,0
2061,718,Germany,Female,44,2,113340.04801285345,2,0,1,72337.65234161346,0
2062,639,Germany,Male,19,1,0.0,1,1,0,150966.03518155505,0
2063,681,Germany,Male,37,3,0.0,1,1,0,33378.35813401488,1
2064,641,France,Male,34,2,136879.26004702353,2,0,1,16431.178652348462,0
2065,671,France,Male,31,8,0.0,2,1,1,193904.48109469106,0
2066,603,Spain,Male,42,7,166013.38315269636,2,1,0,190383.09513759855,0
2067,454,Spain,Female,26,0,0.0,2,1,1,189128.49361657287,0
2068,639,France,Male,42,1,94190.15467555971,3,0,1,114031.44354664414,1
2069,763,France,Male,43,2,147678.8511852942,2,0,1,28382.212201279817,0
2070,724,Germany,Male,48,5,91288.09767962001,1,1,0,105036.1659370124,1
2071,727,Germany,Female,26,4,130716.74650326504,2,0,1,78411.11737497002,0
2072,748,France,Female,22,10,108575.72397990835,2,1,0,120042.65828814145,0
2073,657,Germany,Male,40,4,108751.48317796199,3,1,0,180940.53893977523,1
2074,665,Spain,Male,35,5,192237.02055890643,2,1,0,98752.65683704507,0
2075,600,Germany,Male,67,7,0.0,2,1,0,165270.06454055294,1
2076,624,France,Female,42,0,52395.66498463681,2,0,1,103160.66739643886,0
2077,699,France,Female,38,4,72888.96563178921,2,1,1,190783.37652348465,0
2078,746,France,Female,36,5,0.0,2,1,1,99631.28840344008,0
2079,638,France,Male,25,10,76840.22696646886,1,1,0,145135.0857012023,0
2080,613,Spain,Female,43,9,100839.23240391309,1,1,0,96908.1648845092,1
2081,650,France,Female,37,10,144056.10815251552,2,1,1,86561.18221281326,0
2082,698,Germany,Female,37,5,114572.70746423781,2,1,0,152244.96581463702,0
2083,534,France,Female,38,8,141229.5377929157,2,1,1,151566.57876474553,0
2084,466,France,Male,40,9,156856.3335567113,1,1,1,51277.03874270703,0
2085,605,Spain,Male,20,6,140652.12394264943,1,0,1,87770.0256116857,0
2086,552,Spain,Male,46,3,0.0,1,1,1,11629.414225436727,0
2087,609,France,Female,29,6,144541.2013276118,2,1,1,13501.481969644412,0
2088,638,Germany,Female,36,6,143744.05073696835,2,1,0,37535.4336640862,1
2089,613,Spain,Male,50,10,118108.14642879127,2,1,0,154948.6899547379,0
2090,766,Spain,Male,55,10,92516.93136667254,1,1,1,24321.701509100934,0
2091,676,Spain,Male,20,5,120704.22507468895,1,1,1,188714.3391066892,0
2092,674,France,Female,38,7,124191.29056837471,2,1,0,46775.1005103915,0
2093,699,Spain,Male,40,7,84567.43046550619,2,0,0,178418.75854546274,0
2094,558,Germany,Male,22,9,145929.6533032017,1,1,1,190585.5140504728,0
2095,733,France,Male,46,5,108190.71880102849,2,1,0,91206.92276649157,0
2096,643,France,Male,39,10,118972.78060798834,1,0,1,109317.66111961933,0
2097,703,Germany,Female,39,1,130986.71475350058,2,1,0,70931.63915126414,0
2098,564,France,Female,28,4,125668.32106980748,1,0,0,180915.22343957066,0
2099,525,France,Male,42,0,116515.59244253805,1,1,1,106889.28552060048,0
2100,715,Germany,Female,46,9,90377.71814919943,2,1,1,196495.53457450232,0
2101,680,France,Male,39,9,0.0,1,1,1,194099.47767441632,0
2102,577,France,Female,32,9,161269.06841943794,1,1,0,190910.95895180886,0
2103,580,Germany,Male,33,10,0.0,1,0,0,77689.36468634207,1
2104,740,Germany,Male,40,8,120032.25878147804,3,1,0,25648.37653552887,1
2105,554,France,Male,38,3,0.0,2,0,1,137129.95433834288,0
2106,781,Spain,Male,47,0,0.0,1,0,1,175944.09532044208,0
2107,577,Germany,Male,33,2,119050.21122682179,2,1,1,77366.0229606419,0
2108,701,Spain,Female,25,9,0.0,2,1,0,192917.29531836818,0
2109,623,France,Female,41,1,102138.01087420882,1,1,0,183042.24857453213,1
2110,698,France,Male,33,8,136278.7411538443,2,0,1,129630.66237531812,0
2111,606,France,Female,45,6,149962.57446160857,1,1,1,32174.312359400363,0
2112,636,Germany,Male,38,9,91803.39863312754,1,1,0,179593.52099515338,1
2113,653,Germany,Female,44,9,95897.59244933381,1,0,1,33333.73136299964,1
2114,569,Germany,Female,27,5,0.0,2,0,1,109368.51752384442,0
2115,709,Germany,Female,39,3,65575.6713148704,2,1,1,13654.43209671822,0
2116,608,Spain,Male,31,10,163057.09680139355,1,0,0,39370.14611803969,0
2117,631,France,Male,25,3,0.0,2,0,1,117109.07685225154,0
2118,570,Germany,Male,29,6,114755.3862077088,2,1,1,10287.000899860666,0
2119,445,Spain,Male,32,7,139453.69264871205,1,0,1,38762.620482362676,0
2120,634,Spain,Female,50,3,113142.85710898593,2,1,1,51931.430672308794,0
2121,843,France,Male,32,6,0.0,1,1,1,18122.937296995024,0
2122,712,Germany,Male,25,2,133598.79241870323,2,1,0,120137.96959254042,0
2123,648,France,Male,39,8,0.0,2,0,0,155144.32232156603,0
2124,628,France,Male,38,2,128001.97244966526,2,0,0,17132.644570164644,0
2125,651,Spain,Female,33,2,118685.52004298751,2,0,0,89089.04153133386,0
2126,693,Spain,Male,36,9,82839.96022879597,1,0,1,113118.49547436711,0
2127,555,France,Female,47,1,156827.64414661948,1,1,1,109243.25547833434,0
2128,739,Germany,Male,44,2,108363.06582611064,1,1,0,102133.75907330711,1
2129,707,France,Female,43,7,133290.98029466067,1,1,1,28155.9334152968,0
2130,707,France,Female,26,1,94806.82101434126,2,1,0,57276.75216338984,0
2131,685,France,Female,66,0,0.0,2,1,1,186271.86085770585,0
2132,651,Spain,Female,48,4,151717.65793648598,3,1,0,44806.684698364035,1
2133,703,Germany,Male,43,7,0.0,1,1,0,158986.45370260492,1
2134,697,Germany,Female,26,5,0.0,1,1,1,37930.96341429863,0
2135,621,Germany,Female,47,1,121084.64658646287,2,1,1,150873.3281003227,0
2136,604,France,Female,32,8,183105.11253769748,2,1,1,138977.88411814178,0
2137,658,France,Female,36,3,0.0,1,1,0,198519.05314440306,0
2138,773,Spain,Female,21,2,138902.01768391553,1,1,1,39209.80304327974,0
2139,550,France,Female,25,3,102208.49737443759,2,0,0,62436.26937257024,0
2140,532,Germany,Male,42,2,114404.961134932,1,1,0,170108.24625698384,1
2141,663,Spain,Male,48,7,119884.76232931508,2,1,0,115840.98767308601,0
2142,654,Germany,Female,44,0,137988.85926164084,2,1,1,72614.20440351554,0
2143,663,France,Male,44,0,111199.4585250927,1,0,1,38593.1058707756,0
2144,669,France,Female,37,8,109322.50847390549,1,0,0,115928.97938353139,0
2145,632,Spain,Male,33,6,143837.1317160286,2,1,1,101697.84898520587,0
2146,769,France,Male,40,8,167461.54901030686,2,0,0,56819.979112168345,0
2147,521,Spain,Female,46,2,54620.49591936116,1,1,1,129465.82321992163,0
2148,583,France,Female,38,2,145543.09530925896,2,1,0,139699.53486114036,0
2149,641,France,Female,50,1,111747.92898839776,1,0,1,115309.77859152277,0
2150,518,France,Male,35,1,137859.77948880492,1,0,0,136499.5300372847,0
2151,635,France,Male,28,10,115313.9270500048,1,0,0,58557.84053229611,0
2152,782,Spain,Male,37,8,0.0,1,1,1,181868.50905542183,0
2153,651,France,Male,39,1,122517.69582525753,2,1,0,20067.611864397906,0
2154,668,France,Male,37,3,77082.33759463046,1,0,1,42374.333467614386,0
2155,549,France,Female,50,10,88823.12653722276,1,1,0,52276.085186728604,1
2156,600,France,Male,46,3,0.0,2,1,1,191137.56749976007,0
2157,619,France,Female,23,8,120848.12762068232,1,0,0,64480.10620396723,0
2158,624,France,Male,53,2,0.0,2,1,1,187050.23717044495,0
2159,752,Spain,Male,18,9,143358.2135568153,1,1,1,100602.23645976087,0
2160,694,Spain,Male,59,1,0.0,1,1,0,146412.34981123227,1
2161,561,Spain,Female,35,2,85757.94564572503,1,1,1,62791.089281030676,0
2162,669,Germany,Male,36,8,120759.10186239117,1,1,0,143616.0849536972,1
2163,689,France,Male,37,4,133529.5052488912,1,0,0,175367.67601205222,0
2164,741,Spain,Female,41,4,0.0,1,1,0,119673.59502112019,0
2165,776,Germany,Female,37,6,111663.69849862,2,0,0,183438.06285711346,0
2166,568,France,Female,36,0,155035.37018091543,4,1,1,83887.81941469267,1
2167,585,Spain,Female,51,9,124707.45754630702,2,1,1,127840.4496757151,0
2168,549,France,Male,43,4,0.0,2,0,1,62904.73484561729,0
2169,631,France,Female,28,8,118471.30128325659,1,1,0,38206.65861154691,0
2170,687,Germany,Female,45,5,159019.12206808157,2,0,0,40821.93556932871,1
2171,728,France,Female,43,7,63325.36149101721,2,1,1,94366.73060015553,0
2172,643,France,Female,32,9,0.0,2,1,1,188085.6970010417,0
2173,624,France,Male,45,7,63664.62117716348,1,1,1,66465.05789483702,0
2174,662,France,Male,36,0,105465.25912212797,1,1,1,27782.969324065667,0
2175,583,France,Female,35,7,68809.30731543741,3,1,1,94839.94790666882,1
2176,817,Spain,Female,35,5,131510.25087628048,2,1,1,37032.889392098106,0
2177,521,Germany,Male,18,3,0.0,1,0,0,49928.708992279666,0
2178,664,Germany,Male,32,2,0.0,2,0,1,183206.7764859196,0
2179,811,France,Female,45,4,118166.10078605023,2,0,0,132113.454660461,0
2180,650,Germany,Male,37,4,120438.13160349819,1,1,0,108861.77150364731,1
2181,634,Spain,Male,25,6,167003.36585043074,1,0,1,52684.259478622975,0
2182,621,France,Male,47,8,169849.10871673838,2,1,1,27752.498048913723,0
2183,635,Germany,Female,35,10,77321.46671307963,2,0,0,189031.4251424241,0
2184,759,Spain,Female,25,0,0.0,2,0,0,111784.3965595515,0
2185,473,Spain,Male,60,8,0.0,3,1,0,34711.805202138785,1
2186,772,France,Female,27,2,149524.9343968076,1,1,1,97737.59998087925,0
2187,536,France,Male,46,5,0.0,1,1,1,126792.01802025842,0
2188,628,Germany,Male,30,5,0.0,2,1,0,140632.31910033338,0
2189,615,Spain,Female,39,3,143748.54968814531,2,0,0,27327.63940714014,0
2190,697,Spain,Male,28,1,0.0,1,1,1,144177.73283549646,0
2191,522,Spain,Male,25,4,166660.63236615574,3,1,1,157475.61143316535,0
2192,686,Germany,Female,43,2,0.0,2,1,1,79846.33278924722,0
2193,811,France,Male,42,3,144102.43190663983,1,0,1,137182.6251175563,0
2194,540,Spain,Male,49,5,0.0,2,1,0,28750.117565028257,0
2195,665,France,Female,37,10,89621.93886151629,1,0,0,198860.94721482467,0
2196,597,Spain,Female,60,6,57178.84334148018,1,1,0,23710.16609399805,1
2197,684,Spain,Male,40,1,0.0,1,1,1,48565.34491327785,0
2198,651,France,Male,43,10,0.0,1,1,0,154174.34790576927,0
2199,598,Spain,Female,24,2,88073.23766837837,2,1,0,192381.28410038832,0
2200,689,France,Female,31,6,41874.47488731377,1,1,0,58411.889814036804,0
2201,794,France,Male,43,4,162640.4905934527,2,1,0,28717.026599372984,0
2202,634,France,Female,37,3,126233.35992083453,2,1,0,36850.60369300128,0
2203,707,France,Female,39,3,156211.99723214755,2,1,1,139814.7065630881,0
2204,546,France,Female,29,8,133144.86695923196,2,1,1,106923.46801546,0
2205,573,France,Male,39,8,100560.61498512575,1,1,1,177805.6548042839,0
2206,687,Spain,Male,39,9,0.0,1,1,0,29159.58447437281,0
2207,768,Germany,Male,26,6,117362.04245461954,2,1,0,105270.84254503378,0
2208,678,Spain,Male,44,0,117779.38459613816,2,1,0,126381.99600863445,0
2209,624,France,Female,20,0,88154.62564902013,1,0,1,173894.07906076784,0
2210,649,Germany,Male,39,2,116049.16694302346,1,0,1,115209.1318298975,0
2211,549,Spain,Female,55,2,144246.8129966419,2,0,1,44681.54897031034,0
2212,698,France,Male,44,6,120192.25452067843,1,0,0,178874.7230592658,0
2213,720,Germany,Female,44,1,0.0,2,0,1,174495.13471581254,0
2214,613,France,Male,29,7,129513.15454036073,1,1,1,175911.99878017665,0
2215,612,Spain,Male,55,0,155251.48516044716,2,0,1,121514.30066058142,0
2216,671,France,Male,51,10,134275.9860720685,2,1,1,193031.37823834489,0
2217,615,France,Female,29,7,91612.65217437693,1,0,1,115562.40594640214,0
2218,644,Germany,Male,33,8,76296.9239646329,1,0,0,38247.31372768452,1
2219,817,France,Male,50,4,175228.9400622567,1,1,0,85900.25360746133,0
2220,630,France,Male,55,10,91271.6676660583,1,0,1,166730.14030395722,0
2221,621,Germany,Female,25,3,112105.50761635223,2,1,1,195893.18980942125,0
2222,598,Germany,Female,27,5,118226.87953327755,1,1,0,167873.98703027112,1
2223,709,Spain,Female,36,5,101406.38895744593,2,1,1,79014.68342884269,0
2224,635,France,Female,18,7,153061.07563889324,1,1,0,11860.175818288897,0
2225,598,France,Male,38,7,120955.43751387227,2,1,1,43857.58653139283,0
2226,755,Germany,Female,49,0,73249.56454052098,1,1,0,17026.30358402712,1
2227,763,France,Male,23,8,128976.69172340263,2,1,0,166146.57399338591,0
2228,601,France,Male,39,9,114932.4565595459,3,1,1,68238.14470500778,0
2229,500,Spain,Female,32,0,135823.2337103322,3,1,0,142065.85671053876,1
2230,730,France,Female,54,2,177816.12193301454,1,1,0,87629.57932217824,1
2231,595,France,Male,32,6,97565.37569095753,1,1,0,61837.08161504586,0
2232,713,France,Male,53,4,0.0,1,0,0,109668.07016055332,1
2233,492,France,Female,32,5,207655.65790872584,1,0,1,102952.20490245239,0
2234,721,France,Female,45,7,85416.47620813374,2,1,1,166380.71678430124,0
2235,553,France,Male,40,3,176673.40799535014,1,1,1,142282.70939780105,0
2236,708,France,Male,36,3,181300.22881728015,2,1,0,68980.99887573128,0
2237,651,Spain,Female,30,7,0.0,1,0,1,163161.73105933086,0
2238,573,Germany,Female,41,2,155531.42576445622,2,0,1,123637.61544603357,0
2239,617,France,Female,33,5,0.0,2,1,0,74519.77342025601,0
2240,704,Spain,Male,31,3,136571.2982328858,1,1,1,163993.4646290201,0
2241,658,France,Male,52,5,148875.28209820975,1,1,1,80327.37785640924,0
2242,696,France,Male,43,3,88812.69088051122,2,1,1,20041.73982432182,0
2243,808,France,Female,44,1,158347.89276072275,2,0,1,176986.51973506634,0
2244,524,Spain,Male,34,9,148314.30484000323,4,1,0,94485.34266610509,1
2245,779,Spain,Male,36,10,0.0,2,1,1,71288.34381575536,0
2246,658,Spain,Male,35,10,126825.92747306873,2,0,1,183576.6236383798,0
2247,578,France,Female,41,2,49310.845785578786,1,1,1,57850.906705852634,0
2248,543,France,Male,44,10,0.0,1,1,0,194331.58008294585,1
2249,634,Germany,Female,37,7,116079.62251481994,2,1,1,15423.037624332626,0
2250,723,France,Female,30,0,0.0,1,1,0,137244.85613485717,0
2251,639,Spain,Female,45,10,82399.4905684405,1,1,0,21339.656089353994,1
2252,770,Spain,Male,38,9,193103.3988925597,1,0,0,27267.54741073872,0
2253,533,Spain,Female,23,5,126558.18201966952,2,1,1,192545.6078472249,0
2254,649,Germany,Male,18,8,165448.72501174206,1,1,1,184866.05758138487,0
2255,549,Germany,Male,40,0,0.0,1,0,0,170324.12416764014,1
2256,679,Spain,Female,29,3,113910.86015619754,1,1,1,139002.66729897226,0
2257,720,Spain,Male,42,6,176684.94520572692,2,1,0,98680.78950520477,0
2258,616,France,Female,30,5,95686.87360362551,2,1,1,138840.75740429538,0
2259,441,Germany,Male,39,5,80479.87170477274,1,1,0,115887.29964410278,1
2260,665,France,Male,34,8,0.0,1,1,0,171916.93504141274,0
2261,684,France,Female,55,7,0.0,2,1,0,151261.99241785827,1
2262,682,France,Male,47,4,0.0,1,1,0,139387.9030670859,0
2263,748,France,Female,51,10,0.0,2,1,1,46716.21108857565,0
2264,564,Spain,Female,38,10,0.0,1,1,1,135199.54665500438,0
2265,704,Spain,Male,46,1,0.0,2,1,1,102428.52467869027,0
2266,745,France,Male,38,2,137456.4635697983,2,1,1,157818.40865874244,0
2267,507,France,Male,52,9,0.0,2,1,1,96386.50924736784,0
2268,675,Germany,Female,37,2,83530.25926615676,1,1,0,104583.15824788784,1
2269,609,Germany,Female,24,3,131102.88161704072,1,1,1,88872.4408482601,0
2270,643,Germany,Female,18,1,103095.72820123512,1,1,1,196994.4091980517,0
2271,677,France,Male,54,7,0.0,3,1,1,122805.98496353913,1
2272,611,Germany,Male,42,7,0.0,1,1,1,183164.55096994512,0
2273,595,France,Male,43,7,0.0,1,1,1,175645.2777436385,0
2274,652,France,Male,52,9,137298.25378252578,2,1,1,153025.79997638962,0
2275,563,France,Male,21,4,106695.09090653466,2,1,1,105856.46941025631,0
2276,563,France,Female,34,9,118579.31550805287,1,1,1,112307.07513266255,0
2277,704,France,Male,35,5,122383.01639976165,1,0,1,187513.80372632874,0
2278,558,Germany,Female,45,5,90058.28414029015,1,0,1,53832.21577706641,1
2279,703,France,Male,31,6,0.0,3,0,0,158919.88028964258,1
2280,687,France,Female,25,0,106404.09445150476,1,1,0,66509.67296240552,0
2281,511,France,Male,25,9,92968.75792109195,1,1,1,21081.780935380877,0
2282,595,France,Female,49,2,124254.46825443167,1,1,1,85029.27768657776,0
2283,745,Spain,Male,30,10,0.0,1,1,0,109255.46946188308,0
2284,571,France,Female,32,2,117358.16682585346,1,1,0,35054.708984376906,0
2285,612,Germany,Male,44,10,115282.61182181057,2,1,0,151962.0530456813,1
2286,686,France,Male,31,6,125129.00801738435,2,1,0,151028.8443829448,0
2287,712,Spain,Male,20,5,112970.33842146157,2,1,1,148827.96882928401,0
2288,629,Spain,Male,22,8,95136.961013508,2,1,1,70987.33867073746,0
2289,602,Germany,Female,37,8,123957.48860571242,2,1,0,104581.43828643415,1
2290,763,Germany,Female,42,8,112403.81962857876,2,0,0,43039.75041335334,0
2291,789,Spain,Female,35,3,78619.51666790256,2,0,1,93214.633922415,0
2292,728,France,Female,42,2,0.0,1,0,0,191508.65025574216,0
2293,656,Spain,Male,21,3,111150.96457559305,1,0,0,67473.66077980064,0
2294,585,Germany,Female,22,2,0.0,1,0,0,19296.801835977112,0
2295,583,Germany,Male,60,6,83894.5380180658,2,1,0,69353.48049253674,1
2296,691,France,Female,50,10,138487.56969675844,2,0,1,168672.0894127387,0
2297,683,France,Male,45,2,154219.45799607947,2,1,1,182293.4945018808,0
2298,762,Germany,Female,31,0,0.0,1,1,0,11812.824114422669,0
2299,702,France,Male,35,7,0.0,2,1,0,101257.93985935995,0
2300,529,France,Male,37,5,0.0,2,0,0,190142.16287666187,0
2301,734,France,Male,51,4,127752.59480017827,1,1,0,33881.32719172322,1
2302,570,Spain,Male,42,7,0.0,1,1,1,21898.61481175075,0
2303,619,Germany,Male,43,10,139315.51446189368,2,1,1,154035.0887049492,0
2304,670,France,Male,36,7,100118.82255048511,1,1,0,131606.22930551623,0
2305,809,France,Female,45,2,85025.00090861187,1,0,1,147025.7953640131,0
2306,850,France,Male,41,2,0.0,1,1,0,61647.46958744117,0
2307,698,France,Female,38,9,125876.61128193642,2,1,1,86634.120842286,0
2308,635,Spain,Male,30,6,112924.31149008294,1,1,0,118988.95477544477,0
2309,692,Spain,Male,36,2,141214.31393705448,1,1,1,154616.6632880696,0
2310,721,France,Female,27,8,117708.60304747039,2,1,0,70550.4185039236,0
2311,624,Spain,Male,37,7,158145.75973417476,1,0,1,87039.78674023038,0
2312,793,Spain,Male,38,7,146860.75109817612,1,1,1,111921.70917238806,0
2313,668,France,Female,18,8,72360.45093658134,2,0,1,11193.475291971039,0
2314,689,France,Male,35,7,106244.53304983179,1,1,1,170923.23331924985,0
2315,703,Germany,Female,26,3,95358.56780979002,2,0,0,128558.03173102037,0
2316,683,France,Male,42,6,136282.32665759698,1,1,1,25653.484707199386,0
2317,717,Germany,Male,44,5,0.0,1,0,0,77151.77731237997,1
2318,600,France,Female,33,0,140205.61561494664,1,1,0,44029.217253601695,0
2319,605,Germany,Female,43,4,0.0,1,0,0,17550.49134402658,1
2320,561,Germany,Male,43,1,112218.37458449342,1,1,0,69102.85829092383,1
2321,685,Spain,Female,35,8,149988.25887228423,2,0,0,175876.6331482646,0
2322,712,Germany,Female,53,10,0.0,2,1,1,22799.448711130877,0
2323,686,Germany,Male,30,2,0.0,1,0,1,176689.13318313754,0
2324,783,Spain,Male,52,6,0.0,2,1,0,51455.3227419379,0
2325,649,France,Female,35,1,120927.2750848928,2,1,1,191511.83000270047,0
2326,703,France,Male,29,6,131873.49936274486,1,1,0,51739.15707712509,0
2327,562,Germany,Male,34,3,120070.30218325811,2,1,0,172639.18822551868,0
2328,619,Spain,Male,27,10,104026.48042023508,2,1,0,184353.6868122522,0
2329,705,France,Female,45,5,66692.29232829547,2,1,1,185200.14006440088,0
2330,717,France,Female,21,8,0.0,2,1,1,33512.89845679104,0
2331,626,Spain,Female,51,7,0.0,2,1,1,137505.88088766264,0
2332,644,France,Female,28,8,113971.57509196574,2,1,0,166442.63741363148,0
2333,528,France,Male,46,4,131189.41986046216,1,1,0,149828.42174496144,1
2334,621,Spain,Male,38,4,104472.49628277634,1,0,0,99962.02939592864,0
2335,721,Spain,Female,40,3,112188.78258941731,1,1,0,188858.4347170047,0
2336,696,France,Female,32,8,0.0,2,0,0,44165.70846977339,0
2337,690,France,Male,41,9,114380.39261128721,2,0,1,176741.89743243178,0
2338,653,France,Male,39,7,107377.32023328739,2,0,1,55808.861910963955,0
2339,650,France,Male,23,5,0.0,1,1,1,95602.77911476935,0
2340,597,Spain,Male,28,9,0.0,2,1,1,97882.73946273526,0
2341,705,Spain,Male,32,5,0.0,2,1,1,64989.06361999133,0
2342,683,France,Male,30,5,0.0,1,1,1,63982.32344618573,0
2343,689,France,Female,50,5,108051.81298141328,2,1,1,80976.08864859925,0
2344,607,France,Male,38,6,0.0,1,1,1,12459.00284075661,0
2345,477,Germany,Female,30,5,0.0,1,0,0,55971.99827508673,1
2346,737,France,Male,33,7,99591.12156899847,1,1,1,190733.95377647615,0
2347,611,Germany,Male,32,6,0.0,3,0,1,146633.99856322657,1
2348,580,Germany,Female,35,1,0.0,2,1,0,94488.23816891575,1
2349,705,Spain,Female,27,9,156107.31720120218,2,1,0,10186.088945278892,0
2350,618,Spain,Male,29,3,158439.28106538503,2,1,0,144538.11653395212,0
2351,734,France,Female,45,10,134842.09946214032,2,1,0,103654.93302019942,0
2352,699,Spain,Female,39,6,143507.35719722154,1,1,0,134695.83747171858,0
2353,704,France,Male,36,1,0.0,2,1,0,84922.39592870549,0
2354,540,Germany,Male,38,3,156651.6982726542,1,0,0,10147.709786976044,1
2355,746,France,Female,37,1,140723.76697471223,1,0,1,120891.56553011156,0
2356,670,Germany,Male,35,1,99651.53272490298,1,1,0,159784.57501126194,1
2357,620,France,Male,43,6,101825.16722223745,1,0,1,51159.43122482669,0
2358,661,Germany,Male,42,10,115280.2019511779,1,1,1,135913.00847060123,0
2359,507,France,Male,22,1,183722.4326175833,1,1,0,76787.57159929708,0
2360,682,Spain,Female,36,3,0.0,1,1,0,168300.5292984817,0
2361,567,France,Male,22,6,98873.6923495681,2,1,1,93194.39069012384,0
2362,541,France,Male,44,5,99050.6645245699,1,1,1,21910.895620258227,0
2363,528,Spain,Male,45,3,0.0,2,0,1,110553.17820829374,0
2364,739,Germany,Female,31,8,142195.73642703227,1,1,1,125452.06365110957,0
2365,599,France,Female,36,4,0.0,2,1,1,70734.22509514826,0
2366,772,Germany,Female,18,1,0.0,1,1,1,24745.790828727746,0
2367,607,Spain,Female,47,6,0.0,2,1,1,153096.81273431485,0
2368,513,Germany,Female,45,9,114484.56804577207,2,0,0,112768.10123612263,1
2369,560,France,Male,49,1,100966.21160530856,3,1,1,49849.3171467922,1
2370,748,France,Male,52,7,0.0,1,1,0,45604.0545787787,1
2371,637,Germany,Female,25,6,80971.27530341629,2,1,1,113731.47386364194,0
2372,606,France,Female,46,8,0.0,1,0,0,68830.40447942508,1
2373,662,Spain,Female,52,5,147639.3406777127,1,1,1,141333.04659103928,0
2374,690,France,Female,23,6,88025.69710399653,2,0,0,76266.16377084445,0
2375,739,France,Male,36,9,64067.5781088037,1,1,1,99389.24701013746,0
2376,765,Spain,Male,34,8,112485.67816386692,2,1,0,21346.947719875418,0
2377,621,Spain,Male,46,6,0.0,2,1,0,97582.26554663901,0
2378,543,Spain,Male,18,8,122281.15260354608,1,0,1,11924.541240896753,0
2379,616,France,Male,56,7,147965.77159479746,2,1,0,78528.993555655,1
2380,670,France,Male,36,4,89343.02994569889,1,1,1,68944.71096857601,0
2381,572,France,Male,47,6,0.0,2,1,1,153683.08216168627,0
2382,573,France,Female,37,6,154594.4409342306,1,0,0,156067.14350507426,0
2383,677,Germany,Male,42,0,124853.12886055915,2,1,1,89562.83685856004,0
2384,646,Germany,Female,18,3,134107.3210772682,1,0,0,195416.3966650339,0
2385,652,France,Male,34,4,97472.59615179643,2,1,0,57515.26477849343,0
2386,589,Germany,Male,46,5,158963.2690641719,2,0,1,41494.35900345251,0
2387,631,France,Female,40,6,134462.20142228284,2,1,0,164719.96838744672,0
2388,576,Spain,Male,21,4,89758.59593010132,1,1,0,106920.82569374259,0
2389,721,France,Female,38,1,173568.59252801348,2,0,0,47110.655771129976,0
2390,732,Spain,Male,29,4,52608.411099882636,2,1,1,73257.41576365582,0
2391,502,France,Male,28,4,153141.4682774332,2,1,1,27983.741017796092,0
2392,575,France,Male,22,6,0.0,2,1,0,142281.51541598735,0
2393,530,France,Male,44,2,121442.94427855594,1,0,0,104390.29820908199,1
2394,597,France,Male,49,0,156248.32040980837,1,1,1,117209.60793827103,0
2395,643,France,Female,59,5,79207.03282547405,1,1,1,24124.86885025877,1
2396,534,France,Male,23,6,0.0,1,1,1,142870.1421191346,0
2397,576,France,Female,45,10,60673.95735048965,2,1,1,65826.94712767776,0
2398,569,Spain,Male,46,9,0.0,1,0,0,40402.542557247405,1
2399,666,France,Male,32,7,163076.8137131547,2,0,0,90688.99659371038,0
2400,655,Spain,Female,28,6,113706.83050005596,3,0,0,172367.12158061576,1
2401,592,France,Female,27,6,147786.9115704502,2,1,1,80590.89346211094,0
2402,664,Germany,Male,32,6,144528.51296202838,2,0,1,30715.4954281608,0
2403,606,Germany,Male,40,0,81283.1768479941,1,1,0,189013.92199242447,1
2404,628,France,Male,51,8,75483.40295387738,3,1,1,131449.42986137173,1
2405,783,Spain,Female,49,8,139460.2609528148,1,0,0,67301.01553738449,1
2406,757,France,Male,21,6,132692.2153980581,2,1,1,120759.0622975171,0
2407,546,Germany,Female,30,8,0.0,1,0,1,27160.795623128815,0
2408,716,Spain,Male,50,10,0.0,1,1,0,117211.21245908289,1
2409,714,France,Female,30,3,0.0,2,1,1,165672.33735586313,0
2410,558,France,Male,37,6,0.0,1,0,0,36290.71648811102,0
2411,715,France,Male,20,1,148015.4373339167,1,1,0,168577.58996241423,0
2412,773,France,Female,49,5,119859.11354129603,1,1,0,115050.7500654598,1
2413,560,Spain,Female,18,1,113976.62883326442,2,1,0,46550.34620881967,0
2414,576,France,Female,21,9,0.0,2,1,1,50145.52186295048,0
2415,731,France,Female,48,2,134130.7797052547,2,1,1,177794.6242997443,0
2416,671,France,Female,57,10,116635.03017235061,2,1,1,100393.62651023615,0
2417,694,France,Female,35,10,63593.43255832192,1,1,0,63741.05581387939,0
2418,677,France,Female,37,0,174163.9722884547,1,1,1,57970.2435100639,0
2419,681,Germany,Female,47,6,0.0,2,1,0,86024.4973035737,1
2420,543,France,Male,40,1,161884.93485374254,1,1,1,157765.38179717684,0
2421,733,Spain,Female,34,2,93778.07178462998,1,1,0,15079.7683025324,0
2422,743,France,Male,33,0,102887.56704558535,1,1,0,30461.04447932257,0
2423,631,France,Female,22,2,176074.81019609942,1,0,0,94489.35466234009,0
2424,646,Spain,Female,40,10,0.0,1,1,1,182469.39969840366,0
2425,527,France,Male,37,3,116725.06805840995,1,0,1,177884.10615319,0
2426,691,France,Male,33,6,159565.38762803838,1,1,0,158434.30939652244,0
2427,695,Spain,Male,27,5,101476.477194771,2,1,1,195979.63715278837,0
2428,645,France,Male,28,0,0.0,1,1,1,30437.482721374,0
2429,739,France,Male,44,10,154360.53568628684,2,1,0,177853.39167094958,0
2430,623,Spain,Female,46,3,116268.83073976445,4,1,1,13801.98749738696,1
2431,695,Spain,Female,34,8,161351.53194068698,1,1,0,88862.02675212316,0
2432,568,France,Female,33,2,118887.72098572161,1,1,0,52850.03407868833,0
2433,648,France,Male,29,5,103041.32912218779,1,1,1,78944.35213589875,0
2434,636,France,Female,47,10,133754.91483560513,1,1,1,195053.88980960893,0
2435,668,France,Female,38,1,154349.83458227455,2,1,0,72515.90233297963,0
2436,620,Spain,Male,41,4,0.0,2,0,1,129614.46248773974,0
2437,639,Germany,Female,41,8,112065.7048347106,2,1,0,140788.2989972327,1
2438,716,Germany,Female,34,1,84976.3955011772,1,1,0,114415.4327907341,1
2439,615,France,Male,26,2,0.0,2,0,0,27288.074044923967,0
2440,521,France,Female,28,1,104051.92502938645,2,0,0,172643.3373175305,0
2441,789,Spain,Female,49,1,127673.42318311358,2,1,1,159588.4219136114,0
2442,760,France,Male,30,5,65646.50745380219,1,1,0,152407.83936876358,0
2443,546,Germany,Female,33,5,113643.16020355136,2,1,1,182988.86090361266,0
2444,705,Spain,Male,26,4,0.0,2,1,0,76001.10833520656,0
2445,609,Germany,Male,25,1,0.0,2,1,1,119453.1755678063,0
2446,671,France,Female,30,0,0.0,1,0,0,158822.8791529028,0
2447,673,France,Male,54,2,141059.50248969186,1,0,0,94443.8688555932,1
2448,631,Germany,Female,44,2,142525.07296742243,2,1,0,192977.52998413573,1
2449,587,Spain,Male,32,8,0.0,1,1,1,171250.45825396426,0
2450,594,Germany,Male,48,3,96766.03159684199,1,1,1,110818.70908259273,1
2451,576,France,Male,36,8,145080.45698805866,2,1,0,37991.80674399318,0
2452,583,Spain,Male,51,10,58098.597503216595,1,0,0,105699.32270088971,1
2453,644,Spain,Male,60,0,0.0,1,1,0,49320.167696857745,1
2454,592,France,Female,48,2,110596.39992875201,2,1,1,87250.00544472157,0
2455,704,Spain,Female,38,0,118015.68283477123,2,0,1,60451.873686404615,0
2456,768,Spain,Female,44,5,0.0,2,0,1,164458.32678714895,0
2457,603,France,Male,38,0,63948.93857262387,1,0,0,59286.421427896894,0
2458,669,France,Female,19,1,153939.42962763694,2,1,1,122378.8183573174,0
2459,689,Spain,Female,31,8,0.0,2,1,0,19912.21571734087,0
2460,687,France,Male,28,10,76325.6766796065,1,0,1,153247.94114790496,0
2461,656,Germany,Male,31,0,0.0,2,1,0,95289.10385151088,0
2462,709,France,Male,55,3,145264.8276015324,2,1,1,89031.24178965307,0
2463,688,France,Male,49,5,0.0,1,1,1,92696.72766592058,0
2464,550,Germany,Female,42,1,93258.85144435857,2,1,0,145429.28467692705,1
2465,719,Germany,Female,46,0,144821.24887039498,1,0,0,91921.22871682968,1
2466,720,France,Female,19,3,137090.61489160437,1,1,0,150116.93351298734,0
2467,588,Germany,Male,45,2,124232.5628738131,1,0,0,63760.36383312271,1
2468,653,France,Male,47,6,0.0,2,0,1,192506.33835307712,0
2469,704,France,Male,18,6,106993.05268827557,2,1,1,106990.40076384865,0
2470,633,France,Female,45,9,0.0,1,1,0,120881.19300247518,1
2471,735,France,Male,23,10,65182.040890333694,1,1,1,142053.59370811243,0
2472,839,Germany,Female,18,6,108413.90285880899,1,1,1,121085.21956980627,0
2473,587,Spain,Male,51,8,75109.64226795007,2,1,0,117179.21265174611,0
2474,539,Germany,Female,27,8,128174.85225297601,1,1,0,10459.573604631903,1
2475,674,Spain,Female,30,3,145797.83103941014,2,0,0,97319.1774202113,0
2476,707,France,Female,47,8,121228.50777784715,2,1,0,174689.77254328554,0
2477,631,Spain,Male,34,10,112855.12892068684,2,1,1,185528.2378121004,0
2478,766,Germany,Male,36,6,74426.5759050395,1,1,1,64766.305321098196,0
2479,542,Spain,Male,35,5,0.0,2,1,1,144574.38808711845,0
2480,705,Germany,Female,41,10,145052.63887298643,1,1,1,173116.12304074093,0
2481,601,Germany,Male,35,8,116219.32724882603,1,1,0,93660.80104016939,1
2482,787,France,Male,39,3,101871.77400663937,1,1,0,123594.15799603186,0
2483,809,Spain,Male,32,0,0.0,1,0,0,131583.5306737842,0
2484,588,Germany,Male,41,5,155171.5777996727,2,0,1,190311.64584278737,0
2485,606,Germany,Female,41,0,0.0,1,1,1,101585.3508471673,1
2486,718,France,Female,56,9,118043.55648812155,2,1,1,157874.46217802903,0
2487,619,Spain,Male,34,8,117772.83127347569,2,1,0,45516.33982647913,0
2488,646,Spain,Female,36,4,126209.1360631595,1,1,1,121292.84440250367,0
2489,652,France,Female,40,1,145723.07755899793,1,1,0,96588.48067632584,0
2490,496,Spain,Male,47,7,145408.4821303774,2,0,1,53647.0812064532,0
2491,648,France,Female,27,9,0.0,1,1,1,12584.663403508772,0
2492,594,France,Female,39,10,0.0,2,1,0,122314.92819011482,0
2493,610,France,Male,18,5,186880.12159440032,2,1,1,163743.20249198296,0
2494,765,Spain,Female,35,2,139323.87715345525,2,1,1,163359.95893023044,0
2495,549,France,Male,48,10,117364.5849845415,2,1,1,84011.64372489032,0
2496,715,France,Male,30,1,157444.34629634302,1,0,0,44357.381840490234,0
2497,627,France,Female,39,9,195468.16087032837,1,1,1,189232.3527202214,0
2498,627,France,Female,32,10,0.0,1,1,0,82525.64688098001,0
2499,713,France,Female,29,3,110891.64666244944,3,1,0,76078.65951735796,1
2500,677,France,Male,47,0,127431.89081789955,2,1,0,126819.27716433298,0
2501,695,Spain,Female,27,0,97525.80444158557,1,1,0,93615.2226150543,0
2502,727,Germany,Male,40,4,149698.68060907553,2,1,0,75332.06072722634,0
2503,623,France,Male,41,9,0.0,2,1,1,71741.36631823418,0
2504,601,France,Male,29,8,0.0,2,1,0,84527.07001392453,0
2505,563,Spain,Male,39,4,136416.65919336927,1,1,1,140212.60344087007,0
2506,583,France,Male,28,5,0.0,1,1,1,12187.366171325459,0
2507,850,Germany,Female,43,9,86279.01550515748,2,1,1,48552.669810359934,0
2508,749,Spain,Female,24,8,84315.659371062,1,1,0,58571.139893905005,0
2509,541,France,Female,34,2,122676.01484523837,2,1,1,199916.59191456818,0
2510,544,France,Female,35,3,75908.79623538398,2,1,1,177973.1378548159,0
2511,688,Spain,Male,49,1,101203.06152344504,1,0,0,90026.89308317179,1
2512,693,France,Female,39,3,0.0,1,1,1,143232.50875206743,0
2513,693,France,Female,47,7,149343.78862869734,2,1,1,54788.05951745691,0
2514,629,France,Male,43,1,80247.0057142161,1,1,1,188426.3256013326,0
2515,639,Germany,Female,43,3,0.0,1,0,0,186327.09398059247,1
2516,676,Spain,Male,34,7,98489.50221614023,4,0,0,40771.4775962436,1
2517,656,France,Male,48,6,92640.91439748759,2,1,1,186394.8904650431,0
2518,472,Spain,Male,34,8,125247.01614222668,1,1,0,87983.76913857339,0
2519,631,France,Female,20,1,0.0,1,0,0,103536.89245143082,0
2520,581,Spain,Female,35,3,116214.62736964833,1,0,1,141568.54329349537,0
2521,664,France,Male,42,8,131900.11734919078,2,0,1,100941.32422972805,0
2522,850,Spain,Female,21,5,86949.43795437785,2,0,1,118855.33415069031,0
2523,679,Germany,Female,29,8,134736.78762212655,1,0,1,95037.34646435568,0
2524,624,France,Female,25,8,138115.79450097994,1,0,0,22768.96214223155,0
2525,723,France,Male,45,6,139142.91932673866,1,1,1,114590.37101146525,0
2526,688,France,Male,54,6,56900.995672740304,1,1,1,19356.209976156373,0
2527,683,France,Female,35,7,141255.6597072464,2,1,0,29090.882461771438,0
2528,698,France,Male,43,1,0.0,1,1,1,140572.02505832934,0
2529,814,Germany,Male,43,9,156190.91010500042,2,1,1,99211.19616359648,0
2530,559,Germany,Male,53,6,85459.86108033125,2,1,1,112570.95372895141,1
2531,687,France,Female,31,5,0.0,1,1,0,41976.061127627545,0
2532,575,Spain,Female,35,6,0.0,2,1,1,140185.9951308797,0
2533,694,Spain,Male,34,5,0.0,2,1,0,23664.742234661542,0
2534,576,Spain,Male,38,10,122730.42416902128,2,1,0,58131.20703901854,0
2535,616,France,Female,63,2,64452.33369320301,1,1,1,181568.0497830398,1
2536,626,France,Male,38,4,0.0,2,1,0,14877.492125517489,0
2537,728,France,Male,29,2,115247.11487592838,2,1,0,151719.03766088226,0
2538,723,France,Male,26,5,100500.5362300139,2,0,1,40129.51897046739,0
2539,550,Germany,Male,50,2,127068.30257574054,1,0,1,168310.42517050955,1
2540,654,Germany,Male,29,1,77634.3241933335,1,0,1,125480.90066763744,0
2541,593,France,Female,44,10,0.0,1,1,0,16417.674356547446,1
2542,549,France,Female,31,3,170327.08349179535,1,0,0,11614.759415936227,0
2543,632,Germany,Male,25,8,102897.49029277502,1,1,0,119326.73779116248,0
2544,625,Spain,Male,44,0,103559.58219759968,1,1,1,160826.70074788967,0
2545,844,Germany,Male,31,7,94503.44925301317,2,1,1,145676.65711587138,0
2546,684,France,Female,42,4,150784.17696849283,1,0,1,66148.53882277221,0
2547,539,Spain,Male,42,1,0.0,1,1,1,147553.9975624276,0
2548,604,Spain,Male,43,8,88103.8402767874,2,1,0,62805.26936290345,0
2549,731,Germany,Female,35,1,127279.64004088318,1,1,0,104061.33319276942,1
2550,817,France,Female,44,10,0.0,1,1,0,52024.91608222672,0
2551,523,France,Male,28,10,138270.63938410798,2,1,1,31969.984597632334,0
2552,499,France,Male,18,2,145790.56124128518,2,1,0,192444.91341627095,0
2553,799,Germany,Female,45,0,0.0,1,1,0,133168.5754065291,1
2554,681,Germany,Female,39,0,82021.4349236294,1,1,0,52587.247334750406,1
2555,580,Germany,Male,31,1,134840.37436265062,1,0,0,33395.49945291262,1
2556,692,Germany,Female,23,1,96994.21924430526,1,1,0,58914.026914882175,0
2557,439,France,Female,18,5,95639.55643158473,2,0,0,80552.38325231495,0
2558,650,France,Female,38,10,124787.13528387884,1,1,1,174439.1912216561,0
2559,676,France,Male,54,7,88105.26914462975,1,0,1,139654.79060981504,0
2560,723,France,Female,36,3,114664.7315981519,2,1,1,78423.17778861421,0
2561,568,Germany,Female,34,2,0.0,1,1,1,71950.21558754447,0
2562,656,Germany,Male,37,1,143977.274510985,2,1,0,55165.19009653304,0
2563,575,France,Female,59,0,80285.30340439884,1,1,0,31404.042230867577,1
2564,670,Spain,Male,45,7,73126.13207419669,2,1,1,173644.58360806704,0
2565,578,Germany,Male,28,6,112784.36784307945,2,1,1,99619.81967758828,0
2566,617,France,Male,38,10,0.0,1,0,1,189778.3452424266,0
2567,570,France,Female,41,1,136766.34700403782,2,1,0,158168.30496290704,0
2568,702,France,Male,27,6,88419.88435912936,2,1,0,141707.99984037073,0
2569,718,France,Female,45,5,0.0,1,1,0,75768.6057980058,1
2570,631,Spain,Female,29,7,131708.2675356888,2,1,1,99462.2013857118,0
2571,653,France,Male,22,5,0.0,2,1,1,55092.549303549604,0
2572,534,France,Male,38,3,121587.29081478281,1,1,1,161914.04080301517,0
2573,626,Germany,Female,37,7,178407.2309790488,1,0,1,98594.42344786567,0
2574,645,Spain,Female,37,0,0.0,1,0,1,159936.15643441724,0
2575,850,France,Male,30,9,145125.06580506993,2,1,1,25605.1894615974,0
2576,561,Germany,Male,31,0,86246.5454217015,1,0,1,69783.97826242793,0
2577,767,France,Male,49,3,101574.24502060187,1,1,0,26688.76311002828,0
2578,729,France,Male,42,0,0.0,2,1,1,122106.17894135292,0
2579,672,Germany,Male,28,4,148324.79977077353,2,1,0,147505.63540958278,0
2580,790,France,Female,18,10,133778.99460607857,2,1,0,159109.45902519263,0
2581,679,Germany,Male,28,8,144128.35705985062,1,0,0,80375.20627993414,0
2582,681,France,Male,39,8,0.0,3,1,1,35995.59812029998,0
2583,645,France,Female,31,8,0.0,3,1,1,194005.62238491047,0
2584,747,Spain,Female,30,5,134963.2836406225,1,1,1,46091.74940508698,0
2585,737,France,Male,32,0,0.0,1,1,1,71355.76154661625,0
2586,599,Germany,Female,37,9,153506.4662323048,2,1,1,67899.00163469526,0
2587,544,Spain,Male,45,4,136789.3250724733,2,0,0,156296.78387072106,0
2588,633,Germany,Female,37,9,125233.41780486214,1,0,1,168934.77022536893,0
2589,585,Germany,Female,38,1,132762.40064061942,2,1,0,64232.794904263195,1
2590,644,France,Female,35,0,146952.30036107227,1,1,0,63828.78593214518,0
2591,748,Germany,Male,33,4,145436.83843172234,2,1,0,141057.17125176603,0
2592,613,Spain,Female,46,4,0.0,1,0,0,173201.35076217345,1
2593,646,Spain,Male,45,0,77595.68570871028,2,0,1,38753.03004116624,0
2594,654,Germany,Male,58,6,141339.72534375466,1,1,1,196922.62756773466,1
2595,717,Spain,Male,44,2,0.0,1,0,0,139805.54349099606,0
2596,470,France,Female,33,10,0.0,2,1,0,67305.80321578795,0
2597,601,Spain,Female,28,5,0.0,1,1,1,155444.63792885756,0
2598,666,France,Male,47,1,113121.32833023582,1,1,0,18929.018701786037,0
2599,746,France,Female,29,8,132685.51920672125,1,1,0,182902.50299469806,0
2600,610,Spain,Male,46,1,160736.58634586862,2,0,0,100629.38618919846,0
2601,499,France,Male,30,1,133989.5665207037,2,0,1,50385.594118633795,0
2602,699,France,Female,41,0,98399.15078203537,1,1,0,138461.49063844854,0
2603,599,France,Male,27,0,110276.92880084476,1,1,0,27684.40190804255,0
2604,554,Spain,Male,45,3,121906.555164775,2,1,1,100217.15330295099,0
2605,600,France,Male,25,6,139316.5245882241,1,0,1,188391.48544504336,0
2606,635,Germany,Female,40,3,135245.36814948297,1,0,1,131325.0638455774,0
2607,601,France,Male,36,4,0.0,1,1,1,27951.561938111936,0
2608,473,France,Female,39,5,135713.4584851471,1,1,0,176500.41892525073,1
2609,721,France,Male,34,4,221823.6700728976,2,0,1,167591.89617664885,0
2610,751,Spain,Female,33,4,129332.88626060574,3,1,1,150529.21337273184,0
2611,702,France,Male,39,3,103621.06346299953,1,0,1,41044.91397514682,0
2612,558,Germany,Male,27,8,0.0,1,1,0,127372.19590876134,1
2613,633,Germany,Female,27,4,98878.12728228128,1,0,0,159253.30207791924,1
2614,649,Germany,Male,34,8,0.0,2,1,0,145567.774098307,0
2615,697,Germany,Male,34,3,0.0,2,0,0,73384.08335369764,0
2616,703,France,Male,27,8,138159.12562467705,1,0,0,190491.38105554404,0
2617,591,Spain,Male,47,4,0.0,1,1,1,47873.096917855786,0
2618,656,Spain,Male,34,7,133627.24333641547,2,1,0,93235.33861251693,0
2619,686,Spain,Female,35,0,0.0,1,1,1,87908.85835122282,0
2620,766,Germany,Female,24,3,0.0,2,1,0,180317.16855009412,0
2621,706,Spain,Male,58,3,0.0,2,0,0,49647.66038533415,0
2622,713,Germany,Male,62,1,0.0,1,1,1,156507.68123596517,1
2623,656,France,Male,30,2,0.0,3,0,1,111117.16330300014,0
2624,762,Germany,Male,50,7,56850.01215450864,2,1,1,125502.63142326716,0
2625,682,Spain,Female,37,7,0.0,2,1,0,13539.772523513493,0
2626,581,Spain,Female,54,0,47343.535609928396,3,1,0,138304.06518415938,1
2627,762,France,Male,41,1,79720.81033284854,1,1,1,52720.568762704934,0
2628,705,Germany,Male,38,3,110791.36670831825,1,1,0,96220.60084036636,1
2629,614,Germany,Female,18,10,66754.96396400589,4,1,1,100389.08943676637,1
2630,611,France,Male,29,5,96326.99337732335,2,1,0,192784.17974391696,0
2631,673,Spain,Male,38,2,0.0,3,1,1,98440.2335278787,0
2632,687,France,Female,39,6,116898.00617420106,1,1,0,89333.59344122403,0
2633,665,Germany,Female,25,2,91552.05998886657,1,1,1,154464.1106514465,0
2634,674,France,Male,30,7,123671.13200630425,1,1,0,89857.57264539137,0
2635,785,France,Female,43,5,160588.1506678071,1,1,1,176359.11400127906,0
2636,735,France,Male,24,7,116965.51477603044,2,0,0,110560.03276249634,0
2637,665,Spain,Female,39,6,103780.93740632414,1,0,1,175595.5029154786,0
2638,725,France,Male,50,4,131343.4840653411,1,0,1,136531.11927971593,0
2639,567,Spain,Female,41,4,0.0,3,0,0,133696.2629623072,1
2640,681,Germany,Female,41,2,0.0,2,0,0,117409.98352916275,1
2641,794,Germany,Male,18,3,155760.1287684237,1,1,0,104290.61024009742,0
2642,632,France,Female,29,7,177928.7112053046,2,1,0,79073.19140948626,0
2643,582,Germany,Female,58,4,0.0,2,0,1,162176.82821375478,1
2644,597,Spain,Male,32,8,0.0,1,1,1,131564.3828348508,0
2645,562,France,Female,50,2,0.0,1,1,0,28156.341647807807,1
2646,587,France,Female,31,9,72446.98580810626,2,1,1,138630.6018837295,0
2647,620,France,Female,35,2,156265.31621543237,2,1,1,19214.67497267669,0
2648,537,Germany,Male,43,7,0.0,1,1,1,195439.78308342476,1
2649,651,France,Male,39,7,105136.68713825349,1,0,1,70995.82507955428,0
2650,722,France,Male,41,6,0.0,1,1,0,32379.769433460056,0
2651,577,Germany,Male,29,5,114673.117067777,2,0,1,54045.486935487905,0
2652,771,Spain,Male,26,6,154091.09962118787,1,0,1,190577.18204384303,0
2653,690,Germany,Male,29,6,64573.743678347426,2,0,0,103829.44378871865,0
2654,732,Spain,Male,32,5,132326.33007547032,1,0,0,195645.0940028216,0
2655,597,France,Male,35,8,0.0,1,1,1,71914.83716472286,0
2656,718,Germany,Male,48,4,0.0,1,1,0,18203.76558432234,1
2657,562,France,Female,38,4,172355.5479951631,1,1,0,184592.08263619526,1
2658,721,Spain,Female,42,5,156276.32945671535,2,1,1,184410.2477571663,0
2659,663,Spain,Male,39,9,99210.40841199303,2,0,1,77076.0320256204,0
2660,694,France,Male,26,10,0.0,2,1,0,135454.39923481247,0
2661,555,Germany,Male,38,3,91203.67756374067,1,1,1,58868.82185923453,0
2662,578,France,Male,39,9,0.0,1,0,0,128754.0685942736,0
2663,697,France,Male,45,9,0.0,2,1,0,22209.21536489243,0
2664,574,Germany,Female,27,8,121643.11863921394,1,1,0,75786.53268596152,1
2665,687,Spain,Male,18,1,82188.39001172884,1,1,0,83636.48477439,0
2666,540,Spain,Female,39,10,0.0,3,0,0,69158.06751468292,1
2667,717,Spain,Male,41,2,133116.24708778007,1,1,1,103204.15504065527,0
2668,551,Germany,Male,36,8,0.0,1,1,0,135035.11529212503,1
2669,694,France,Female,38,0,0.0,1,0,0,104998.08907210651,0
2670,700,France,Female,46,4,0.0,1,0,0,94936.88039583046,1
2671,594,France,Female,33,2,137170.10481904075,3,1,0,135831.33767335402,1
2672,696,France,Female,35,2,140892.64205280927,1,0,0,170715.81608914345,0
2673,670,Spain,Male,38,0,150786.28423939605,1,1,1,94403.37961766392,0
2674,606,France,Female,25,7,0.0,2,0,1,99868.64490293612,0
2675,569,France,Male,36,2,130610.22537896803,1,1,1,175138.983327684,0
2676,492,France,Female,37,3,115070.25203115695,2,0,1,11551.10595424511,0
2677,677,Spain,Male,54,4,0.0,2,1,1,88338.23382746964,0
2678,524,Germany,Male,35,4,138004.2003032802,3,1,1,14223.805397639597,1
2679,657,France,Female,40,1,0.0,1,1,1,81543.43179756678,0
2680,628,Spain,Male,47,6,0.0,1,1,0,59242.2589311773,1
2681,704,France,Male,29,5,69648.41348176761,1,0,0,115816.33628518503,0
2682,625,Spain,Male,51,10,0.0,1,0,1,98420.75707390344,0
2683,623,France,Female,55,6,0.0,1,1,1,29495.293249414703,0
2684,708,France,Female,37,9,93825.60450629258,1,0,1,111177.05502772935,0
2685,676,Spain,Female,32,9,117621.31349398312,1,1,1,141794.28681432974,0
2686,675,Germany,Female,54,2,116636.22882128708,2,1,1,20644.36686703663,1
2687,687,France,Female,45,7,0.0,1,0,1,16188.498326956465,0
2688,527,Germany,Male,38,5,0.0,1,1,1,178073.16777192397,0
2689,710,Spain,Male,52,6,128740.09970616759,1,1,1,117696.04345087874,0
2690,698,Germany,Female,51,8,135179.44345933947,2,0,0,30653.77935157337,1
2691,568,France,Male,34,7,0.0,1,0,1,146468.46134702678,0
2692,630,France,Male,40,7,0.0,1,1,1,172762.52055840255,0
2693,646,Germany,Male,43,2,0.0,2,0,0,193738.69519027334,1
2694,639,France,Female,38,0,53227.913099438505,2,0,1,167696.30881601176,0
2695,676,France,Male,24,0,121032.42324204925,1,1,1,152525.44840960598,0
2696,764,France,Female,28,9,185910.48665942583,2,0,0,176888.99233294802,0
2697,736,Germany,Female,24,1,105029.82849969076,1,0,0,102627.64360032811,0
2698,545,France,Female,42,7,132674.093912472,3,1,1,102401.94151419205,1
2699,699,Germany,Female,26,9,100224.99244598359,1,1,0,138430.4838116041,0
2700,756,France,Male,39,5,115264.28779908427,1,1,0,176329.15766894896,0
2701,680,France,Female,56,5,154632.78220426268,1,0,0,49660.16206858034,1
2702,737,France,Female,52,0,143099.70622437613,1,1,1,91956.85692514558,0
2703,810,France,Female,19,1,129842.04531751858,1,1,1,153429.57547828124,0
2704,731,Spain,Female,25,4,123619.45440178116,1,1,1,63705.03573532573,0
2705,669,Spain,Male,30,2,115868.1035538588,2,1,1,20565.559611538738,0
2706,733,France,Female,26,1,127777.4108520628,2,0,1,88266.02511300796,0
2707,661,France,Male,21,8,154224.00927877048,1,0,1,194787.22488661803,0
2708,651,Spain,Female,37,9,120243.39163184048,1,0,1,132755.38480138988,0
2709,621,Germany,Female,45,6,129236.72128896599,1,1,1,157773.09019180582,1
2710,775,Spain,Female,47,0,86122.31373831967,1,1,0,29228.10112454595,0
2711,584,Germany,Female,33,10,0.0,3,1,1,110497.16030684096,1
2712,772,France,Male,35,0,161960.24624200928,1,1,1,176578.78992873445,0
2713,689,Germany,Male,41,2,145140.42512630153,2,1,0,177171.80659895058,0
2714,538,France,Female,36,9,0.0,2,1,1,196114.26764676612,0
2715,679,France,Male,46,5,0.0,1,1,0,166695.78196842343,0
2716,481,Germany,Male,42,1,0.0,1,1,1,176066.04964176193,1
2717,700,Germany,Female,34,10,128933.24310479952,2,0,1,49003.71003193144,0
2718,720,Spain,Male,19,7,109487.40102267868,1,1,1,14954.857590661417,0
2719,602,France,Female,52,3,127622.62595174939,1,1,1,134551.29022481467,0
2720,659,France,Male,31,7,0.0,2,1,0,141069.11679950112,0
2721,806,France,Female,41,6,92744.09429375862,1,0,1,184304.4948728049,0
2722,609,Germany,Female,18,1,0.0,1,1,1,115862.58552837695,0
2723,565,France,Male,37,8,168899.84615789767,1,0,1,90576.09793605264,0
2724,768,Germany,Male,39,4,119760.6218919512,2,0,0,187530.91020475677,0
2725,807,France,Male,39,5,130717.09987157035,1,0,1,47801.38493612239,0
2726,650,Germany,Female,68,1,101590.12234967167,1,0,1,99047.85295819638,1
2727,730,Germany,Male,31,2,0.0,1,1,1,18262.901625465165,0
2728,757,France,Male,46,9,0.0,2,1,1,160977.77679829067,0
2729,590,France,Female,43,7,82698.50082749763,2,0,1,128503.0464195878,0
2730,611,Germany,Male,31,10,96054.35802147555,2,1,0,65108.78579944007,0
2731,748,Spain,Female,46,4,0.0,2,1,1,112435.7418782172,0
2732,784,Spain,Female,36,9,126112.59613960703,2,1,1,140564.00621181488,0
2733,695,Spain,Male,46,0,149053.02756047636,1,1,1,160357.97092777546,0
2734,579,France,Female,57,8,0.0,2,0,1,29606.115691994753,0
2735,808,Germany,Male,39,10,134935.36933306433,1,1,1,46588.1552469611,0
2736,607,France,Female,35,0,0.0,2,1,1,109323.95233252832,0
2737,623,Germany,Female,48,8,145821.5876644703,2,1,1,144954.89145614416,0
2738,677,France,Male,51,9,0.0,1,1,1,177200.7991028787,0
2739,774,Spain,Male,29,5,164086.29602685556,2,1,0,113482.58081097977,0
2740,718,France,Female,33,6,108062.49318121136,2,1,0,67886.2079070693,0
2741,683,France,Male,44,0,169773.9663650309,1,1,0,172984.3175754958,0
2742,687,France,Female,36,9,0.0,2,0,1,192556.3297384757,0
2743,653,Spain,Male,28,10,123767.93429687251,1,1,1,57321.41892698356,0
2744,694,Spain,Male,43,0,102929.6817490905,2,1,1,124412.1427859808,0
2745,447,Germany,Female,44,4,134225.73950825096,1,0,0,71082.47165366716,1
2746,626,France,Male,34,1,83020.64940560426,1,0,1,173315.85451213247,0
2747,669,Spain,Female,38,10,0.0,1,0,0,87640.68724545142,0
2748,557,Germany,Male,32,9,0.0,2,1,0,183642.33834333994,0
2749,680,France,Male,27,4,96380.34752700626,2,1,1,100232.75417917642,0
2750,633,France,Female,33,4,111344.58422102983,1,1,0,149091.55127290686,0
2751,790,France,Female,38,5,0.0,1,0,1,75488.88572148033,0
2752,775,France,Female,23,8,133100.5965156713,2,0,0,110097.31272819235,0
2753,612,France,Female,33,5,0.0,2,1,1,141178.67826065925,0
2754,637,Spain,Female,38,9,58742.77421768406,1,1,1,46160.721746953466,0
2755,644,France,Female,49,10,0.0,2,1,1,43111.96290978802,0
2756,613,Spain,Male,34,0,88901.55266857198,2,0,0,26523.447496243447,0
2757,665,Germany,Female,25,4,104533.21658209802,1,1,1,76929.53007523001,0
2758,589,Spain,Male,35,1,119160.38989206059,2,1,1,121965.03982391479,0
2759,559,Spain,Male,32,10,108195.55919782558,2,0,0,30549.549240819306,0
2760,699,France,Male,43,7,0.0,1,0,1,38448.32630245005,0
2761,700,Germany,Male,34,6,99691.94159729312,2,0,0,159538.04400262726,0
2762,585,France,Female,18,10,116270.49483174195,2,0,0,93019.92724488214,0
2763,721,Spain,Male,74,5,109364.61670418955,3,0,0,26938.456415622604,1
2764,599,Germany,Male,39,1,103052.82531320621,1,1,1,70614.61861586917,0
2765,670,Spain,Male,38,2,106593.08368281243,2,0,1,97885.31713632635,0
2766,715,Spain,Male,22,8,135520.9261617915,1,1,1,54936.94783717726,0
2767,647,France,Female,23,8,119065.55099455143,1,1,1,138728.94760302955,0
2768,686,France,Male,37,6,0.0,2,1,1,163326.05668872644,0
2769,608,Germany,Male,41,1,122120.30304659625,2,1,0,157207.76119547672,1
2770,634,France,Male,45,6,149446.85713630842,2,0,1,117867.99229497851,0
2771,633,Spain,Male,40,0,0.0,1,1,1,96639.67988134979,0
2772,590,France,Female,26,8,162681.2905286206,2,0,1,186064.18191109435,0
2773,635,Germany,Male,18,8,70229.60616391315,2,0,1,31755.57099569326,0
2774,526,France,Male,36,5,106933.61210133678,2,1,0,107069.59690157972,0
2775,610,Spain,Male,32,9,177261.49932780553,1,1,1,71006.74415398331,0
2776,627,Spain,Male,25,0,0.0,1,1,0,94619.8740918637,0
2777,629,France,Female,46,7,78598.78151863751,1,1,0,131581.46668801096,1
2778,630,France,Male,22,5,134973.0542224998,2,1,0,119810.34530327133,0
2779,645,France,Female,44,8,113327.39346542455,1,1,0,145568.10476135844,1
2780,688,France,Female,23,8,144549.17277820737,2,0,0,13481.273559326783,0
2781,719,France,Male,39,6,112634.36338610286,2,1,0,101267.25266968206,0
2782,598,France,Female,47,3,147644.41196456336,1,1,0,141405.9475198206,1
2783,553,Spain,Female,34,10,114991.5003980868,2,1,1,160947.71690620756,0
2784,566,France,Female,54,0,128580.44416460078,1,0,1,31660.04201265305,1
2785,611,Germany,Male,57,2,161019.40343502408,2,1,0,70233.78887334524,1
2786,621,Spain,Female,40,5,125664.91304793516,1,0,0,121173.48299336834,0
2787,588,France,Male,43,0,0.0,2,1,0,83211.7924938863,0
2788,546,France,Male,48,3,0.0,2,1,1,84132.53465625335,0
2789,613,Germany,Female,43,7,157359.839531601,2,1,0,40728.387714104814,1
2790,664,France,Female,42,7,0.0,1,0,0,51630.80447891883,0
2791,697,Spain,Male,32,5,97523.45381376724,2,0,1,63374.29469434263,0
2792,605,Spain,Female,21,5,0.0,2,1,1,146321.9707605537,0
2793,616,France,Female,24,2,109477.07008744884,1,1,0,88908.63710724105,0
2794,575,Germany,Male,61,6,0.0,2,1,0,49963.896991224654,1
2795,647,France,Male,41,7,96719.83950191877,1,1,1,21920.547117455902,0
2796,582,France,Male,35,1,133387.43482926907,1,1,1,116671.7612406193,0
2797,695,Germany,Female,50,4,142860.24105486413,1,0,1,49045.917643917,1
2798,507,Spain,Female,30,5,109332.50451848395,2,1,0,122075.40007466411,0
2799,621,Germany,Male,43,0,0.0,2,1,1,113595.22312615682,0
2800,674,Spain,Female,38,4,85842.35318402217,1,1,0,73951.37432086046,0
2801,664,Spain,Female,42,2,104077.29492521491,2,1,0,54524.38586652485,0
2802,850,Germany,Female,34,2,120206.43147391059,2,1,0,92970.36363198496,0
2803,677,France,Male,28,5,178619.38571566442,2,0,0,73777.5478542245,0
2804,569,Germany,Male,29,10,0.0,2,1,0,73395.68803061824,0
2805,642,Spain,Female,30,0,0.0,2,0,1,188995.04549214413,0
2806,507,France,Male,37,4,149068.82299857138,1,0,1,122199.26951533336,0
2807,643,Spain,Male,22,4,110614.04674202151,2,0,0,135459.47717859808,0
2808,583,France,Female,25,4,140127.61282195512,2,1,0,46795.958708649654,0
2809,723,Spain,Male,39,2,152066.06648668207,3,1,1,86049.80227069929,0
2810,606,Spain,Female,36,5,179383.70086975893,3,0,0,59101.57597795781,1
2811,640,Germany,Male,39,10,174395.85649560732,2,1,1,185941.12787851147,0
2812,599,France,Male,37,0,55946.29409204134,2,1,0,97152.20355136282,0
2813,789,Spain,Male,63,9,104710.90822772426,1,1,1,183825.0820591308,0
2814,624,France,Male,39,0,0.0,2,0,1,105438.80653388068,0
2815,796,Spain,Male,34,10,124035.7173852001,3,1,1,195246.79765476036,0
2816,715,Spain,Female,39,1,143673.6658179731,3,0,1,141055.69729668967,0
2817,688,Spain,Male,48,3,128426.2571617156,2,0,1,120467.3430633642,0
2818,679,Germany,Female,37,9,0.0,1,1,1,133516.4613071807,0
2819,681,Germany,Male,44,8,124125.76327823901,3,0,0,29055.228659906195,1
2820,495,France,Male,41,9,131744.61441784503,1,1,1,128869.62820417955,0
2821,627,France,Male,35,7,0.0,1,1,1,67491.59018605473,0
2822,717,Spain,Female,39,10,135669.33054803038,1,1,1,157240.4796208722,0
2823,646,France,Male,53,9,45191.0414135865,1,0,0,86381.98795906655,1
2824,537,France,Male,40,10,84779.84813413827,1,1,0,175700.14294104467,0
2825,645,Spain,Female,28,1,122969.77728948712,1,1,1,79169.98000122001,0
2826,786,France,Male,34,0,0.0,1,1,1,63926.12974193104,0
2827,749,France,Male,18,3,134869.52233680946,1,1,1,105964.30331095337,0
2828,645,Germany,Male,39,4,66628.64764159916,1,0,0,97085.76990167945,1
2829,726,France,Female,51,1,95252.74671198432,3,0,1,20748.49132020541,1
2830,620,France,Male,24,9,128761.152771905,2,0,1,155994.73439783993,0
2831,513,France,Female,39,5,0.0,3,1,1,84273.22999647546,1
2832,576,Germany,Female,47,7,128564.51025863466,1,1,0,97194.7978579232,1
2833,775,Germany,Female,48,10,0.0,2,0,0,145042.9957884786,1
2834,628,Spain,Male,50,4,131320.8931556836,1,0,0,19176.772371166182,1
2835,630,France,Female,19,3,140654.69791398014,2,0,1,57809.61293202854,0
2836,626,Germany,Male,43,6,63718.344994896775,2,0,0,51857.80604909238,1
2837,802,Spain,Female,22,4,0.0,1,0,1,110125.37888478272,0
2838,780,Germany,Male,28,7,134109.91530205373,3,1,1,172509.36687271844,0
2839,827,Germany,Female,46,6,112438.85523258723,1,1,0,100690.28195181991,1
2840,637,France,Male,39,4,121724.9487506057,1,0,0,68353.87166319028,0
2841,673,France,Male,45,10,103076.2133062634,2,1,1,29417.477983986842,0
2842,528,France,Female,28,7,105436.89973215948,2,1,1,10511.635703108373,0
2843,768,France,Male,52,0,125416.12083280987,2,1,1,63725.97991948916,0
2844,556,Germany,Male,44,7,84255.71593861398,2,0,1,98226.60668603385,0
2845,667,Germany,Female,46,2,126496.7263717343,1,1,1,77782.32437945862,1
2846,562,Spain,Female,27,0,98839.66721898364,1,1,1,97242.32649900022,0
2847,602,France,Male,49,8,64188.365785792485,1,1,0,93551.53004865852,1
2848,583,France,Male,34,10,146694.78540448658,1,1,0,95532.1996305699,0
2849,601,France,Female,31,5,168520.28821434666,1,1,0,137464.71179892088,0
2850,606,France,Female,44,10,126355.10405196884,2,1,1,80662.42210762195,0
2851,606,France,Male,43,10,127102.43802800268,4,1,0,165791.36873390182,1
2852,716,Spain,Female,29,7,105982.45121891143,2,1,0,162186.54247470998,0
2853,561,France,Male,58,10,162815.3479443983,1,1,1,53981.858850234625,1
2854,667,Germany,Male,56,9,0.0,2,0,1,31435.873820541958,0
2855,747,France,Male,44,10,126490.49813754836,1,1,1,181924.2306103389,0
2856,608,Germany,Male,42,3,158887.16571498287,2,1,1,42554.482918305264,0
2857,592,Spain,Female,41,1,0.0,1,1,1,133209.50741401862,0
2858,631,France,Male,22,5,119077.95076057054,1,1,1,174508.49207750722,0
2859,744,Germany,Male,39,1,124075.61987161054,2,1,1,10977.513912649243,0
2860,665,Spain,Female,38,0,108870.07823834606,2,1,0,60604.67901910019,0
2861,607,Spain,Male,32,6,174043.07769379378,1,1,0,64782.82375039675,0
2862,688,Spain,Female,34,6,0.0,2,0,0,141107.8504733352,0
2863,561,France,Male,18,5,0.0,2,1,1,132632.79631136445,0
2864,704,Spain,Female,27,1,129878.33720540404,2,1,1,115084.36284179392,0
2865,682,Germany,Male,47,4,124637.83917991923,2,0,0,183441.60556945807,1
2866,625,France,Male,55,0,138499.37495152833,2,1,1,197532.8376597898,0
2867,582,France,Female,28,1,116334.99425500375,1,0,0,22904.60843882111,0
2868,579,Germany,Female,39,4,96637.97569089774,1,0,1,175602.17266177197,1
2869,692,France,Female,48,4,90658.49611126666,2,0,0,50531.06304960037,0
2870,748,Spain,Female,32,6,108266.85805107618,2,1,1,39287.957003480275,0
2871,599,Spain,Male,44,4,0.0,2,0,1,158393.94989879525,0
2872,686,Spain,Male,37,10,138528.26650126805,2,1,0,130277.89779075881,0
2873,483,France,Female,49,5,169981.28478028427,1,1,1,21363.25801294471,1
2874,603,France,Female,25,1,40080.98597094981,1,1,1,50905.504228368845,0
2875,647,France,Female,26,4,170579.75579032215,2,0,0,145279.10233440425,0
2876,577,Spain,Female,40,7,56979.28663432799,2,1,0,12032.846786523618,0
2877,575,Spain,Male,38,0,0.0,2,1,0,64147.61848686946,0
2878,596,Spain,Male,37,10,131074.51464544697,2,1,1,95741.42113790853,0
2879,673,Spain,Male,43,9,90281.23174606814,3,1,1,183394.39514685562,1
2880,635,France,Female,28,6,127331.94459565624,2,0,1,171571.0624861344,0
2881,470,France,Female,24,7,101808.43411268384,2,1,0,51213.1052609213,0
2882,480,Germany,Female,32,10,158749.37877441006,1,1,0,68155.90290632244,1
2883,601,France,Male,34,4,84248.19307164464,2,1,1,108493.11541296238,0
2884,686,France,Male,35,3,135405.4396099028,1,1,0,92881.93286095261,0
2885,430,France,Female,50,0,0.0,1,0,1,156165.0447047685,1
2886,610,France,Female,45,8,70414.6762794863,2,1,0,190736.95966143816,0
2887,607,France,Male,43,1,86717.25108897097,1,1,1,128095.27462729163,0
2888,761,Germany,Female,40,10,96722.59640302365,2,1,1,31306.63857108204,0
2889,619,Germany,Male,33,4,71345.46701562722,2,0,0,93909.9856459944,0
2890,680,Germany,Male,29,6,148945.163274162,2,1,0,113960.9194841425,0
2891,661,Germany,Female,26,7,0.0,1,1,0,191482.6045959009,0
2892,479,Germany,Female,31,10,139153.17316545802,1,1,1,75572.44784047981,0
2893,711,Spain,Female,37,9,143369.42691014364,2,1,0,137212.7737088936,0
2894,667,France,Male,26,3,0.0,2,1,0,12142.389893950829,0
2895,690,Germany,Male,39,9,0.0,2,1,0,92972.95690261164,0
2896,850,France,Male,36,0,109116.52798582245,1,1,0,17691.688430919487,0
2897,483,France,Male,34,6,149972.47971484737,2,1,1,55034.23948109493,0
2898,787,France,Male,49,9,110248.60369649995,1,0,1,99165.31174233637,0
2899,627,Spain,Male,18,10,0.0,2,1,1,120455.82813664908,0
2900,672,France,Male,34,10,149352.10035107506,2,1,0,176566.8157861888,0
2901,646,France,Male,18,8,154899.49928193752,1,1,0,45112.93590109526,0
2902,616,France,Female,40,0,176408.27309119992,2,1,1,68639.25686953592,0
2903,604,Germany,Female,45,0,120759.5748624456,1,1,0,115871.23239548902,1
2904,676,Spain,Female,24,6,0.0,1,0,1,50406.1538492791,0
2905,528,Germany,Male,25,8,118292.00047046167,1,1,0,182428.71807555814,0
2906,710,France,Male,21,4,103866.00542913315,2,1,0,176047.7561771992,0
2907,616,France,Male,38,3,118229.83936500813,2,1,1,178505.13396862135,0
2908,559,Spain,Male,34,5,101985.54846062274,2,0,1,146854.02705990625,0
2909,613,France,Male,35,8,0.0,1,1,1,199287.1870027534,0
2910,750,Spain,Male,34,1,0.0,1,1,1,166977.79680086157,0
2911,607,Germany,Female,28,4,0.0,1,1,1,104237.57301904856,0
2912,678,Germany,Female,49,3,0.0,1,1,1,150363.8100109865,1
2913,591,Germany,Male,40,2,118786.89308775468,1,0,1,28212.698139117954,0
2914,710,France,Female,26,4,147665.24812524067,2,1,1,184429.51130141976,0
2915,704,France,Male,30,6,0.0,2,0,0,196992.26030980883,0
2916,797,Spain,Female,29,10,93064.62908915286,2,1,0,172831.5340247756,0
2917,635,France,Female,52,2,136813.58892397833,2,1,0,16762.70782599534,1
2918,703,France,Female,45,2,0.0,1,1,1,41389.48044033748,0
2919,657,France,Male,36,5,94457.33471252384,2,1,1,30045.56663284298,0
2920,753,France,Male,55,4,116833.5072041921,2,1,1,90873.86492003028,0
2921,592,France,Male,52,2,162545.93190110862,1,1,1,17243.314494604616,0
2922,709,France,Male,35,0,0.0,1,0,1,189236.45860947447,0
2923,634,Spain,Female,33,9,86852.46742170729,1,0,1,121159.36217826295,0
2924,644,Spain,Female,34,1,75140.32592879258,3,1,0,117830.35023686528,1
2925,657,Spain,Female,28,2,131932.02022170537,1,1,0,94741.58394616493,0
2926,670,Spain,Male,55,3,0.0,2,0,1,74193.10158541083,0
2927,640,France,Female,27,4,152844.83622450955,2,1,1,102015.19818266097,0
2928,667,France,Male,46,9,162168.39559252388,2,1,0,108330.717414135,0
2929,776,France,Male,44,8,0.0,2,1,1,142197.93496482045,0
2930,728,Germany,Female,34,3,0.0,1,1,1,41397.52892828638,0
2931,719,Spain,Male,56,8,0.0,2,1,0,119293.46794999758,0
2932,613,France,Male,22,4,137694.89817651524,1,0,0,120034.7478095937,0
2933,578,France,Male,37,2,0.0,1,1,0,79727.98254838352,0
2934,726,Germany,Female,33,6,0.0,2,1,1,193214.9869344692,0
2935,720,Spain,Female,47,7,90857.49496616996,2,1,1,151569.52932559454,0
2936,767,Germany,Male,41,8,11868.122184614345,2,1,0,145045.91815812522,0
2937,601,France,Female,20,8,111670.19610867808,1,0,0,175894.18853257623,0
2938,631,France,Female,50,5,141040.95308495127,2,0,0,74392.94262354323,0
2939,518,Germany,Female,42,8,68537.21727252095,1,1,1,50407.33349566608,1
2940,618,Spain,Female,27,2,0.0,2,0,1,93274.45279218115,0
2941,729,Spain,Female,34,1,136974.3708958228,4,1,1,123534.00795049667,1
2942,612,Spain,Female,25,4,96310.26718847547,2,1,1,115944.1084938181,0
2943,701,Spain,Male,36,6,0.0,2,1,1,51876.986595710325,0
2944,634,Spain,Male,39,10,0.0,2,1,0,61051.85811498989,0
2945,675,France,Male,34,6,74758.00470404625,2,1,1,185890.04179388494,0
2946,558,France,Male,33,10,134161.74159020226,1,0,1,25409.455999799735,0
2947,656,Germany,Male,21,5,150406.6557428893,1,1,0,105769.55534070545,0
2948,410,France,Male,41,2,168545.8627962489,1,1,0,100186.87639648434,1
2949,635,Spain,Male,18,5,0.0,2,1,1,82840.38822869948,0
2950,519,Spain,Male,38,0,0.0,2,1,1,158885.73214064335,0
2951,746,Germany,Male,20,2,104193.91267195767,1,0,1,185290.55505616075,0
2952,712,France,Female,38,1,0.0,1,0,1,199481.96954123426,0
2953,687,France,Female,37,3,171908.85661472924,3,1,0,33320.68583930113,1
2954,771,Germany,Female,42,7,192090.73615234823,1,1,1,18142.617900083707,0
2955,574,Germany,Male,46,2,0.0,2,0,1,62307.04583480166,0
2956,789,Spain,Male,48,5,0.0,2,1,1,139675.47248995822,0
2957,724,France,Male,21,9,91876.82425454375,3,1,0,86860.60923349805,0
2958,631,France,Male,37,0,101621.95508625443,1,1,0,98521.99203607377,0
2959,740,Spain,Female,58,3,107159.69180687233,2,1,0,199890.17260452305,1
2960,561,Germany,Male,39,4,0.0,1,0,1,103353.78413747707,0
2961,584,Germany,Female,29,4,123420.49381607914,2,0,0,183915.83345416575,0
2962,601,France,Female,37,0,76828.85766952943,1,1,1,88217.47122706467,0
2963,607,France,Male,34,8,134656.5888247641,1,1,1,93628.89750235723,0
2964,565,France,Male,26,4,0.0,1,1,1,156579.65112946904,0
2965,747,Germany,Male,46,8,124334.79992711087,2,0,0,181275.3229597092,0
2966,629,Spain,Male,43,6,146770.33016267893,2,0,0,164458.24962585734,0
2967,678,France,Female,24,4,0.0,2,1,0,99574.66717853161,0
2968,604,France,Female,37,8,149080.92704728188,2,1,1,142626.71680820527,0
2969,504,Spain,Female,32,4,98866.11487680074,2,0,1,60117.10992472039,0
2970,671,France,Female,21,9,123673.92836651062,2,0,0,24664.954034422284,0
2971,497,Germany,Male,23,8,94035.08644579025,2,0,1,40023.487955592835,0
2972,644,Germany,Male,25,4,84831.591981609,1,0,1,14573.230160996769,0
2973,540,France,Male,37,0,0.0,2,1,1,94457.54843216867,0
2974,808,France,Male,33,6,0.0,1,1,1,134575.00892739775,0
2975,722,Germany,Male,28,4,124501.38895266574,3,0,1,16350.751818127628,0
2976,658,France,Female,34,4,96063.88450937605,2,1,1,19844.94641354521,0
2977,751,France,Male,45,5,0.0,2,0,1,108955.15605643843,0
2978,582,Germany,Female,41,5,111843.6594086891,1,1,0,188519.80501761558,1
2979,693,Germany,Female,48,6,81691.45790354641,1,0,1,36862.743320941416,1
2980,665,Germany,Male,35,7,0.0,1,1,0,138916.08441665163,1
2981,671,France,Female,54,0,176393.4833826493,2,1,1,134346.31684219826,0
2982,751,France,Male,41,9,133930.65645611554,1,0,1,68129.95182859819,0
2983,708,France,Male,33,10,89368.37393484358,1,1,0,24419.951180771037,0
2984,673,France,Female,38,2,110116.36712523275,1,1,1,125745.309582645,0
2985,517,Germany,Male,25,5,0.0,1,1,0,94218.7983525396,1
2986,573,France,Female,34,0,145048.9637996005,2,1,0,69272.13969613792,0
2987,640,Spain,Female,42,4,181435.26376865886,2,1,1,158221.25408748104,0
2988,657,France,Female,44,4,0.0,1,0,0,86936.7399087996,1
2989,559,France,Female,33,9,142085.59131328634,2,1,1,127245.88371143378,0
2990,842,Germany,Male,65,8,120955.48382794035,1,1,1,58685.4477546922,1
2991,771,France,Male,36,10,105075.90511940848,2,1,0,24878.03417892233,0
2992,698,France,Male,21,1,110574.65763540172,1,0,1,39476.35796199821,0
2993,655,France,Male,50,6,0.0,2,1,0,79849.18244355416,0
2994,633,France,Male,44,8,129183.5995152955,2,1,0,149423.62545215088,0
2995,573,France,Female,40,7,0.0,1,1,1,121271.43473611692,0
2996,656,France,Male,33,0,0.0,1,1,1,81478.94716042063,0
2997,670,Spain,Female,41,0,126086.3677033635,1,0,1,100114.42164144578,0
2998,550,Germany,Female,54,1,0.0,2,1,0,120515.9574698665,1
2999,676,Spain,Male,40,0,139917.0330094342,2,0,1,42150.253048905884,0
3000,637,France,Male,23,7,94692.02367595703,2,0,0,61642.191888120804,0
3001,497,Spain,Male,18,6,117960.58424300149,1,1,0,62536.06853529736,0
3002,581,France,Male,41,5,90884.67443585861,1,1,1,29578.414391722803,0
3003,616,Spain,Male,28,1,149149.11157480397,2,1,0,47957.769622713204,0
3004,801,Spain,Male,37,10,0.0,1,0,0,116264.48532650304,0
3005,694,France,Female,29,8,0.0,2,1,1,52999.25829453335,0
3006,543,Germany,Male,29,0,104610.13418076914,1,1,1,120579.67950606966,0
3007,688,Germany,Female,30,0,136641.500680861,1,1,1,14563.162892958255,0
3008,526,Germany,Female,31,1,138279.42997879387,2,1,0,43023.51619293642,1
3009,736,France,Male,45,6,0.0,2,0,1,126194.56092410797,0
3010,612,Spain,Male,43,9,61214.348836459445,2,1,1,121039.52094656577,0
3011,642,Germany,Female,25,0,89690.0338436338,1,0,1,62380.679805160944,0
3012,756,France,Female,27,2,125714.19683609287,1,0,1,128418.77686646135,0
3013,547,Germany,Male,41,9,91238.3003607406,2,0,1,41523.5136861279,0
3014,538,France,Male,48,7,95468.87547768431,2,0,0,165331.2136078379,0
3015,603,France,Male,48,6,0.0,1,1,0,57562.63526693475,1
3016,733,Germany,Male,27,7,103599.22330685008,3,1,1,98788.45265561763,0
3017,528,Germany,Male,47,5,0.0,1,0,1,189991.23481558025,1
3018,423,Germany,Male,20,7,110358.25293578574,1,0,0,119781.73871743146,0
3019,613,Germany,Female,35,4,113380.97374096922,2,1,1,152932.0966653129,0
3020,694,France,Male,42,8,106127.86049726249,1,1,0,151648.5541295935,0
3021,746,France,Male,18,9,114577.87020375367,1,1,0,82463.29213824036,0
3022,612,Germany,Male,58,10,0.0,2,1,0,29031.610395373555,1
3023,617,France,Female,51,0,93190.37011855684,1,1,0,74704.83341007272,1
3024,742,Spain,Male,44,6,97636.41463880349,1,1,0,16419.725877770667,0
3025,500,Spain,Female,28,5,0.0,2,1,1,60196.11150459031,0
3026,618,France,Male,37,7,165642.45590123817,1,1,0,16894.207597208337,0
3027,665,France,Male,45,1,158498.56830660882,2,1,0,89714.89418388264,0
3028,685,Spain,Male,26,0,110720.38616668672,2,1,0,11713.435039293496,0
3029,609,Germany,Female,36,0,89253.32469355839,2,1,1,154529.99599250904,0
3030,652,Spain,Male,47,1,116429.84092223608,1,0,1,192980.1145362574,0
3031,450,Spain,Female,23,4,131529.9810649636,2,1,1,16015.725994827157,0
3032,597,France,Female,41,6,118895.71393376045,2,0,0,119788.86494691519,0
3033,686,France,Female,20,8,142857.53153831398,1,1,1,61385.793224425826,0
3034,571,France,Male,28,3,86574.06586880202,1,1,1,109505.87536505822,0
3035,654,France,Female,32,8,119345.75834813007,1,0,1,189193.0223171388,0
3036,685,France,Male,43,10,0.0,4,1,0,155403.9438339835,1
3037,622,France,Male,30,2,113612.1975157214,1,1,1,151800.69389258994,0
3038,663,France,Male,39,5,99738.6562075462,1,0,1,65747.19969684542,0
3039,572,France,Female,31,8,0.0,1,1,1,161329.94954667252,0
3040,633,France,Male,32,10,0.0,3,1,1,29471.841076101795,0
3041,698,Spain,Male,50,0,0.0,1,1,0,144423.9732969113,1
3042,662,Spain,Male,26,3,0.0,1,1,0,86791.47801100054,0
3043,603,France,Male,45,4,102484.99105045086,1,1,1,93074.70227579978,0
3044,667,Germany,Male,37,10,99519.46663908857,2,1,0,103068.98254021046,0
3045,707,France,Male,32,5,0.0,1,1,0,155966.36767362469,0
3046,486,Germany,Male,25,10,184254.56444262966,2,1,1,69186.68576144555,0
3047,742,France,Male,26,7,0.0,2,0,0,71464.5694984842,0
3048,623,Germany,Female,30,1,104185.78137449507,1,1,1,108862.74753253984,0
3049,684,France,Male,36,5,118164.36409218404,2,1,1,60881.37371027766,0
3050,745,Germany,Male,44,6,142816.88251671527,1,0,1,94762.06028725137,0
3051,540,France,Male,34,5,155663.49812305585,1,0,1,135465.39318623563,0
3052,593,Spain,Female,35,3,132896.08262881357,1,1,0,198072.59049295032,0
3053,626,France,Male,37,5,174785.74765518127,2,0,1,59778.938747605316,0
3054,587,France,Male,42,3,0.0,2,1,1,59808.71731962583,0
3055,788,Germany,Male,44,8,0.0,1,0,0,84882.45680788695,1
3056,581,France,Female,24,0,0.0,1,0,1,135223.680852959,0
3057,605,Germany,Female,35,8,130554.54227167505,2,1,0,185987.12185465742,1
3058,666,France,Male,50,10,100286.72859942229,2,1,1,190314.42939148223,0
3059,553,France,Male,24,3,151823.17726440646,2,0,0,74223.42199782198,0
3060,618,Spain,Male,38,2,0.0,2,0,1,89282.24246766469,0
3061,675,France,Male,36,10,104008.04602116189,2,1,0,92903.75432239631,0
3062,623,France,Female,32,4,0.0,1,1,0,76293.370411412,0
3063,642,Germany,Male,53,2,150507.19119885526,3,0,0,69929.17110739098,1
3064,607,Germany,Female,38,0,102632.33023486356,2,1,0,23564.435101147843,1
3065,528,Germany,Male,53,7,0.0,2,1,1,113568.12698397053,1
3066,675,France,Female,38,8,84296.59454301978,1,0,0,135844.28594652313,0
3067,790,Spain,Male,42,5,0.0,3,1,0,198399.69524076174,1
3068,651,France,Male,32,1,0.0,1,1,1,127642.30388337509,0
3069,668,France,Female,32,5,0.0,2,1,1,125982.45074926999,0
3070,705,Germany,Male,42,5,0.0,1,1,1,80373.60535734586,0
3071,548,France,Female,42,5,0.0,2,1,1,20927.22972517553,0
3072,786,France,Female,43,9,96325.5663210435,2,1,1,126691.47553168992,0
3073,666,France,Male,41,10,142264.99366491227,2,0,1,33852.606332226766,0
3074,780,Spain,Female,24,8,0.0,2,1,0,151343.71798183655,0
3075,591,Germany,Male,29,3,0.0,2,1,1,153289.28339640118,0
3076,795,Spain,Male,46,1,0.0,1,0,0,29968.57202550622,0
3077,712,France,Female,18,7,121370.70064919698,1,0,0,62748.75134231436,0
3078,694,Germany,Female,40,5,0.0,2,0,1,165780.5648481528,0
3079,668,Spain,Male,36,9,0.0,2,1,0,192814.63221633737,0
3080,630,France,Female,46,0,0.0,2,1,0,148807.80690284687,0
3081,746,France,Female,42,5,0.0,2,1,1,86252.05075158025,0
3082,661,France,Male,31,1,78684.0226114995,1,1,0,167170.0917095605,0
3083,492,France,Female,30,3,0.0,1,1,1,65650.43567683265,0
3084,560,Germany,Female,32,1,0.0,1,0,1,174589.42021388366,0
3085,635,France,Female,43,3,177354.55042876673,1,1,1,18138.85352846753,0
3086,674,France,Male,18,6,151444.0375408126,1,1,0,198655.8227980271,0
3087,645,Germany,Female,39,7,127587.84706628979,1,1,1,31001.397460438304,0
3088,747,Germany,Male,29,2,103410.84799237389,1,1,0,183881.58650769788,0
3089,493,Spain,Female,39,0,75248.38391168987,2,0,1,171982.4966673946,0
3090,661,France,Female,41,9,77784.73584364151,1,1,0,65708.89607508841,0
3091,504,France,Male,21,0,119122.68824619698,2,1,1,97846.92328019057,0
3092,710,France,Male,35,9,178706.80502047396,4,1,1,50750.01934372594,1
3093,642,France,Female,39,10,140177.82688451337,3,1,0,101403.07052775171,1
3094,683,France,Female,38,6,126596.44935449018,1,0,0,44353.006613802216,0
3095,580,Spain,Male,36,0,187953.62094975234,1,1,0,65596.53486652266,0
3096,752,France,Male,25,2,0.0,2,1,1,17440.065616719992,0
3097,733,France,Female,27,10,136137.16798903263,2,0,1,114855.4163050937,0
3098,696,France,Male,24,4,184976.23609332554,1,1,0,147473.18328537254,0
3099,639,Spain,Male,43,10,149199.5948110591,2,1,0,48436.69193199944,0
3100,696,Spain,Female,36,4,134360.57073174682,1,0,0,126305.61398912276,0
3101,593,Spain,Male,37,10,48112.29249266382,2,0,0,19135.99942348541,0
3102,718,France,Male,20,3,163544.59261250682,2,1,1,25857.721982913827,0
3103,781,France,Male,37,7,0.0,1,1,0,113446.867760737,0
3104,735,France,Female,44,2,0.0,2,1,0,21264.25419995097,0
3105,591,France,Male,19,7,128614.0838823034,1,0,1,96869.53482253484,0
3106,678,Germany,Female,32,5,137520.25107334775,4,1,1,22173.333647459163,1
3107,546,Germany,Female,22,3,0.0,2,1,1,76362.47386260783,0
3108,695,Spain,Male,33,9,0.0,1,1,1,177326.6280239413,0
3109,686,Germany,Female,28,10,53516.301096806594,1,1,1,151815.95682369263,0
3110,500,Spain,Male,41,2,104272.76214346722,2,1,1,88575.566270732,0
3111,557,France,Female,39,9,0.0,1,1,1,76554.82569944073,0
3112,627,Germany,Male,50,9,77741.64750272848,3,1,1,79297.07857777347,1
3113,625,France,Female,37,1,180204.3762573051,2,0,1,35035.79637811826,0
3114,553,Spain,Male,41,5,98466.98458053227,1,1,1,84223.62243514766,0
3115,681,France,Male,32,0,102446.78255727034,1,0,1,121621.73739584918,0
3116,670,France,Female,26,9,0.0,1,0,1,171108.93695371816,0
3117,634,Spain,Male,46,7,92103.48570298514,2,1,0,139681.74621931295,0
3118,589,France,Female,50,4,180241.23286704597,1,0,1,131212.25907714985,0
3119,733,France,Male,45,6,149511.12665694428,2,1,0,22766.556320019903,0
3120,782,France,Male,39,6,0.0,2,0,0,37119.85917731741,0
3121,611,France,Female,28,10,163351.46778636565,2,1,1,27942.856609215603,0
3122,601,Germany,Male,49,9,0.0,2,1,0,46265.88791508964,1
3123,689,Germany,Female,43,5,106933.24563683514,1,1,1,157056.7561908429,0
3124,621,France,Male,58,4,90710.5821765394,1,0,1,127869.38521855677,0
3125,638,France,Male,26,1,106904.16459527815,2,0,0,94045.68801594806,0
3126,709,Germany,Female,46,2,135598.39210652778,1,1,0,12202.388012140498,1
3127,497,France,Male,43,2,104247.75843034514,1,0,1,136940.9741390572,0
3128,755,France,Male,34,4,0.0,1,1,0,112484.0568251233,0
3129,655,France,Female,51,1,104496.00157200522,2,0,1,25737.2383302208,0
3130,617,Germany,Male,42,10,100127.04282806737,2,1,0,143142.6689059805,1
3131,642,France,Male,28,0,129032.09450424579,2,1,1,61266.40881890826,0
3132,646,France,Female,36,3,0.0,1,0,1,101961.19827939107,0
3133,511,France,Female,28,9,165062.64599528746,2,1,1,70566.64728405187,0
3134,769,France,Male,33,2,0.0,2,1,1,71289.03615899145,0
3135,653,Spain,Male,45,10,88013.73794431507,1,1,1,21215.15339705427,0
3136,685,France,Female,47,2,0.0,1,1,1,19073.49104101845,0
3137,726,France,Male,40,9,0.0,1,1,0,157781.44036283047,0
3138,568,France,Male,30,10,116446.1757087872,1,0,1,10623.925237885473,0
3139,687,France,Female,41,5,96636.0434591181,2,1,0,64646.2309678904,0
3140,628,Germany,Male,45,8,89335.05495370392,2,0,1,190742.07476949334,0
3141,717,Germany,Female,18,9,129043.83513867942,1,1,1,161768.33875188578,0
3142,479,France,Female,39,9,131804.56996267542,1,1,0,108494.50210432439,1
3143,642,France,Female,36,10,151412.02338967202,2,1,0,151015.56463009145,0
3144,601,France,Female,47,1,89174.34234937592,1,1,0,189319.7011434314,1
3145,684,Spain,Male,41,4,122633.13049574522,1,1,1,188575.73791942582,0
3146,687,Spain,Male,42,1,94590.77397260262,2,1,1,94707.33589839106,0
3147,593,France,Female,33,5,0.0,1,1,0,71258.35965962656,0
3148,593,Spain,Male,38,0,77242.29012528443,1,1,0,152145.309422537,0
3149,641,Spain,Female,47,0,157022.59146959955,1,1,0,87935.29126373946,1
3150,578,Germany,Male,37,8,58226.9473219528,1,0,1,39412.25745584792,0
3151,717,France,Female,39,9,89890.17164258464,2,1,1,46814.4445331099,0
3152,620,France,Female,22,4,0.0,1,1,0,113192.18749823955,0
3153,417,France,Male,37,8,92148.35992982633,2,0,0,106744.17206481798,0
3154,620,Germany,Male,18,7,93061.89822417274,2,1,1,98033.8037352306,0
3155,566,Germany,Female,32,8,139889.91696013836,1,0,1,80309.95120546622,0
3156,519,Spain,Male,38,8,34335.87825412568,2,1,1,71769.40349133805,0
3157,551,France,Female,45,7,63699.05850406892,1,1,1,45764.52473129955,0
3158,658,France,Female,28,2,85245.54867984453,2,1,1,139550.55338629358,0
3159,756,France,Male,41,6,84911.81546360443,2,0,1,105589.73717855748,0
3160,675,Spain,Female,52,3,0.0,1,1,0,80175.62739098645,1
3161,601,France,Male,31,7,133295.33114716917,2,1,0,157704.39756003997,0
3162,686,France,Male,22,6,123720.93466999123,2,1,0,130158.39795705292,0
3163,613,Spain,Male,40,8,157030.14659047156,2,1,0,153568.17293436243,0
3164,594,France,Female,26,7,26654.918931967884,2,1,1,132443.5287221122,0
3165,557,France,Female,29,2,121719.75511982027,2,0,1,128751.76975996429,0
3166,509,France,Male,47,4,173082.0198719987,2,1,0,88244.77095357592,0
3167,618,Germany,Male,56,2,0.0,2,1,1,63397.68561717239,1
3168,662,Spain,Male,27,10,88971.21583646277,1,0,1,53907.01251963811,0
3169,642,Germany,Female,30,8,139149.0650312896,1,1,0,180746.30828696166,1
3170,616,France,Male,33,0,120372.12040399996,2,0,1,48162.50879029229,0
3171,574,Germany,Female,32,6,0.0,2,1,1,137834.25587706408,0
3172,698,Germany,Male,57,8,93153.92857493338,1,0,1,45984.93606041343,1
3173,544,Spain,Female,32,2,164922.91662426994,2,1,1,188395.68520386372,0
3174,712,Germany,Male,34,6,163812.59916762475,1,0,1,47246.55989266445,0
3175,569,France,Female,54,6,0.0,1,1,1,172422.89783976623,1
3176,589,France,Male,43,10,0.0,1,0,0,187673.28267895165,0
3177,532,France,Male,47,1,0.0,1,1,0,49310.36853730608,1
3178,609,Spain,Female,28,4,85597.40451799291,1,0,0,178540.07158847558,0
3179,728,Spain,Female,32,9,94884.07680979284,1,1,0,30797.431422705762,0
3180,691,Germany,Male,27,6,140337.0203192787,2,1,0,142997.57071465187,0
3181,728,France,Female,46,1,118203.63674777771,2,1,0,106308.13106325855,0
3182,691,France,Male,50,9,159138.9341570259,1,1,0,192612.12010296856,1
3183,561,France,Male,32,9,0.0,2,1,0,101379.5596841263,0
3184,623,Spain,Male,34,1,0.0,1,1,1,23001.93951751112,0
3185,587,France,Female,34,10,139689.72709717142,2,1,1,33985.21114901082,0
3186,756,Germany,Female,22,5,0.0,1,0,1,71074.91147218601,0
3187,554,France,Male,31,1,141494.43138352947,2,1,1,99105.1303096185,0
3188,721,France,Male,45,9,0.0,2,0,1,192006.09089181782,0
3189,721,Germany,Male,29,0,92329.32437647451,2,1,1,102017.04860535894,0
3190,796,France,Male,38,2,85368.3991450082,1,1,0,186703.36008167663,0
3191,617,France,Female,24,0,102638.57685449222,2,0,1,183535.92043195493,0
3192,706,France,Female,36,5,75868.477746541,2,0,1,42057.99049501645,0
3193,832,France,Male,32,3,182246.91954932158,1,1,1,184663.5248428134,0
3194,600,Germany,Male,25,1,118406.11421150093,1,1,0,58484.44002067871,0
3195,527,Spain,Female,45,6,127390.42592908915,1,1,1,168993.05098137856,0
3196,499,France,Male,46,6,79639.81427451123,1,0,0,195304.02574666133,1
3197,707,Spain,Male,28,7,92645.6609361082,1,1,0,23675.269560258886,0
3198,499,France,Male,35,6,0.0,1,1,1,139468.16694440352,0
3199,620,Germany,Male,38,0,85507.03787815981,1,0,1,90987.95728562439,0
3200,684,Germany,Female,19,2,0.0,1,0,1,96476.30722893996,0
3201,664,Germany,Female,24,0,128789.81102847456,1,1,1,116165.84012162953,0
3202,684,France,Female,50,1,0.0,1,1,0,189633.08157681028,1
3203,667,France,Male,27,0,100007.21726486931,2,1,1,130103.96607981583,0
3204,752,France,Male,50,8,80758.13208291827,1,1,1,198446.54668503464,0
3205,573,Spain,Female,24,6,0.0,2,1,0,193396.73489111423,0
3206,595,Spain,Female,44,8,0.0,4,0,0,172697.95636254043,1
3207,588,France,Female,34,7,180748.6416779316,1,0,1,142836.25225549398,0
3208,716,Germany,Male,36,9,111680.9597317171,2,1,0,54046.08178709417,0
3209,722,France,Female,56,1,130832.33385050665,1,1,0,118865.37519409858,1
3210,686,France,Male,25,0,151684.31217551715,2,0,1,54423.95613538967,0
3211,744,France,Male,43,4,123294.19147635701,2,1,1,191306.59744859076,0
3212,555,France,Female,43,6,150404.69021652042,1,1,1,192172.05656548767,0
3213,783,France,Female,71,1,134583.14874543963,1,0,0,73190.98664987314,1
3214,771,Spain,Female,27,3,140433.89676764174,2,1,1,19140.62566417922,0
3215,708,France,Female,31,6,94092.54480576515,2,1,1,167278.35630758028,0
3216,792,France,Male,46,8,65157.67826483153,1,1,0,76897.35196580703,0
3217,517,Germany,Male,35,5,141228.2442695656,1,1,0,70707.40664153831,1
3218,608,France,Female,33,6,0.0,2,0,1,120190.57969400824,0
3219,591,Spain,Male,47,7,119022.41959119948,1,1,0,10090.549282263062,1
3220,707,France,Male,35,7,65498.96807331208,2,0,0,81244.86221914113,0
3221,565,Spain,Male,29,8,160313.60530688838,3,1,1,89109.54601460404,0
3222,710,Germany,Male,45,9,107735.87017740749,1,1,1,194449.8541422897,0
3223,759,France,Female,41,1,52988.85548567312,1,1,1,40093.85218993421,0
3224,705,Spain,Male,34,6,0.0,1,1,0,38617.159416327486,0
3225,672,Germany,Male,34,1,0.0,2,1,0,127678.54627169788,0
3226,570,Spain,Female,28,6,136005.39595226292,1,1,0,24855.5909005786,0
3227,582,France,Male,45,10,207644.99303010298,2,1,1,128004.13990706549,0
3228,749,France,Female,34,8,103842.4350994262,2,1,1,87414.22809401351,0
3229,712,Spain,Male,30,3,121192.35743558385,2,1,0,10499.42755716743,0
3230,646,Germany,Female,25,4,99935.52914731413,1,0,0,93722.45973476932,0
3231,616,France,Male,41,4,156439.65287820133,2,1,0,150364.50675579067,0
3232,487,France,Male,32,1,0.0,4,0,1,35194.35646586186,1
3233,564,France,Male,18,2,160660.48065299628,3,0,0,44876.04024485059,0
3234,802,France,Male,25,9,147637.91224546471,2,1,1,54548.56212194038,0
3235,547,France,Female,35,0,93764.61677476816,1,1,0,84078.19264015267,0
3236,665,France,Male,35,2,0.0,2,1,1,190340.9341971877,0
3237,730,France,Female,35,4,172849.46366182566,1,1,1,23404.903219104024,0
3238,549,France,Male,34,8,58380.23534919021,1,1,1,166118.0189752641,0
3239,664,Germany,Female,23,0,121276.89409646516,1,1,0,162139.18516062116,0
3240,725,France,Female,29,5,107190.08694694961,2,1,0,98480.56090574925,0
3241,650,France,Male,49,1,0.0,3,0,1,35847.23283758428,1
3242,850,France,Male,48,5,0.0,1,0,0,126308.5191781513,0
3243,516,Germany,Female,43,9,117686.28377284766,1,1,0,147434.24834970027,1
3244,734,Germany,Male,42,5,62112.358890217285,2,1,0,39497.26449473019,0
3245,636,Germany,Male,47,0,127628.79345024226,2,1,1,142799.63887995874,0
3246,711,France,Female,26,4,0.0,2,0,1,184900.76633878352,0
3247,685,Germany,Female,38,9,165721.38419071498,1,1,0,46003.518117903564,1
3248,591,France,Female,26,1,161916.74648362942,1,1,1,33877.68250605209,0
3249,668,France,Female,26,0,0.0,1,1,0,136705.95423253725,0
3250,501,Spain,Male,41,10,0.0,1,0,1,101411.98548418663,0
3251,698,Germany,Female,47,8,0.0,2,1,1,172247.70600106355,0
3252,673,Germany,Female,36,5,0.0,1,0,0,108024.96771505494,1
3253,701,Germany,Male,54,0,0.0,4,1,0,165971.89660288597,1
3254,734,Germany,Female,40,9,0.0,2,1,0,85071.45442601536,0
3255,679,France,Male,30,8,125297.24212848843,2,0,1,47263.23660944987,0
3256,661,France,Male,27,8,0.0,1,1,0,81338.74660099564,0
3257,579,France,Female,48,6,130752.23751439719,2,0,0,78313.04008531499,1
3258,593,Germany,Male,39,8,0.0,1,0,0,66904.3402960847,1
3259,744,France,Male,44,0,190974.8335699839,1,1,1,54496.619004994565,0
3260,764,Germany,Male,18,2,93435.4380193476,1,1,0,83449.93087232068,0
3261,630,France,Female,40,7,107654.44886719799,1,1,0,194609.93527039702,0
3262,653,France,Female,32,2,149746.8738884237,1,1,1,103418.04124180519,0
3263,577,France,Male,24,7,208748.26175985293,1,0,0,36375.84136487768,0
3264,743,France,Male,37,2,0.0,1,1,1,54682.38668093796,0
3265,703,Germany,Male,48,3,90785.1911134481,1,1,0,77063.58941460833,1
3266,805,France,Female,60,3,0.0,1,0,1,45798.758312149126,0
3267,579,France,Female,40,4,0.0,1,1,1,150934.04381083586,0
3268,619,France,Male,30,9,125452.27171426124,2,0,1,160224.7009653512,0
3269,668,France,Male,30,9,0.0,2,1,0,162491.40140854538,0
3270,701,France,Female,47,10,78334.41232128188,1,1,0,183994.62435104637,1
3271,632,France,Male,28,3,0.0,1,1,1,173161.6646057964,0
3272,580,Germany,Male,44,6,0.0,1,1,1,120342.15709835573,1
3273,720,France,Male,40,10,98920.33077850513,1,0,1,104872.51425638216,0
3274,707,France,Male,39,3,138668.55420122505,1,0,1,162121.74828691437,0
3275,576,Spain,Female,22,10,0.0,2,1,0,193445.60393845662,0
3276,758,France,Female,34,0,0.0,2,1,0,15800.732958474073,0
3277,743,France,Female,23,4,0.0,1,0,1,78463.33982665128,0
3278,660,Spain,Female,32,7,115645.41782807407,1,0,0,136922.79970269144,0
3279,656,France,Female,47,5,61036.360551269005,1,1,1,77917.25901521783,0
3280,694,Spain,Female,50,3,137145.73444235956,1,1,0,154939.36369508476,1
3281,581,France,Male,40,3,0.0,1,0,1,160441.67021340612,0
3282,652,Germany,Male,32,0,113223.83318679113,2,1,1,139745.2183394202,0
3283,477,Germany,Female,53,9,0.0,1,1,0,40098.3639550311,1
3284,720,France,Female,32,0,152587.57216654922,2,1,1,187172.17188930797,0
3285,525,France,Male,26,2,151989.6892403739,1,1,0,72347.46288368339,0
3286,770,France,Male,44,3,131529.48789111958,2,1,0,195731.49798620283,0
3287,623,France,Male,42,3,107235.04200796975,2,1,1,76877.11478156352,0
3288,633,Germany,Male,32,1,0.0,1,0,0,40546.947493450294,1
3289,599,Germany,Male,39,10,128440.64416247305,2,0,1,64784.93433164149,0
3290,626,France,Male,42,8,0.0,2,1,0,164757.66578175806,0
3291,763,Spain,Female,40,7,192479.8105459396,2,1,1,68550.52762775037,0
3292,450,France,Female,42,2,0.0,2,1,0,123610.85497800483,1
3293,752,Spain,Female,32,10,119643.06190031233,1,1,1,142215.19093889956,0
3294,677,Germany,Female,43,1,106617.03034168368,1,1,0,67833.5816856304,1
3295,553,Spain,Male,38,0,0.0,1,1,0,136120.86849625426,0
3296,563,France,Male,33,9,0.0,2,1,1,39349.49610152319,0
3297,784,Spain,Male,35,8,0.0,1,0,1,129757.46693227446,0
3298,574,France,Female,37,4,93950.88568647012,1,1,0,134422.36262450245,0
3299,557,Spain,Male,23,7,123524.52170697751,1,1,1,16215.17468162625,0
3300,740,France,Female,31,3,0.0,2,1,0,65878.88501343719,0
3301,677,France,Male,38,1,75701.6248267072,2,1,1,11154.278455846497,0
3302,574,Spain,Female,24,4,0.0,2,1,0,160563.9663716918,0
3303,667,Germany,Male,31,7,192775.83925231168,1,1,1,94856.08783808551,0
3304,567,France,Female,61,5,153250.03058483615,3,1,1,91092.84307662869,1
3305,738,Germany,Male,26,7,0.0,2,1,0,96807.92573014593,0
3306,734,Spain,Male,34,10,0.0,1,1,1,86814.64743111104,0
3307,692,Spain,Female,29,2,109164.23977291926,2,1,0,41282.49675417312,0
3308,678,Germany,Female,36,4,141690.14738034914,1,0,0,135775.05763836863,1
3309,790,France,Male,29,1,139756.17360998766,2,0,1,184292.82886290277,0
3310,649,Germany,Female,35,10,128401.9895966893,1,1,0,197472.11750860713,1
3311,555,France,Female,30,2,81153.00232247701,1,1,1,161404.12767406311,0
3312,685,France,Female,48,6,162547.75338434972,2,1,0,83858.14342521233,0
3313,816,Spain,Male,38,0,0.0,3,0,1,116918.74591481191,0
3314,568,Germany,Male,27,7,106489.6230763044,2,1,1,12413.186627099745,0
3315,621,Germany,Male,46,4,197145.5792661162,3,1,0,77639.79099201258,1
3316,683,Spain,Female,28,1,111701.43561285977,2,1,1,137552.01498661895,0
3317,645,Spain,Female,22,2,145049.78267471486,1,0,0,179954.31958393293,0
3318,571,France,Female,37,3,191365.84796258566,2,1,0,30996.852516501676,0
3319,739,Germany,Male,57,1,0.0,1,0,0,27424.849192931353,1
3320,835,France,Male,19,9,102588.67425060568,1,1,1,39319.228845088815,0
3321,665,Spain,Female,24,4,142926.66564162562,2,0,1,37478.785105257644,0
3322,577,Spain,Male,45,6,123532.41283559597,2,0,1,159058.26400590938,0
3323,526,Spain,Female,31,8,159842.69075892397,3,0,1,145214.31341918168,1
3324,670,France,Male,44,0,0.0,1,1,0,181853.44223124743,0
3325,738,Germany,Male,29,9,150320.66828540538,2,1,1,65854.3637787516,0
3326,688,Spain,Female,39,5,94390.48519656688,2,0,1,139122.83618503268,0
3327,649,Germany,Male,55,5,148769.31797204612,1,1,1,79267.6461863712,1
3328,602,France,Male,26,0,84407.94406398771,2,1,0,36125.01979095713,0
3329,562,Spain,Female,48,1,0.0,2,0,0,159347.36597795444,1
3330,716,Spain,Female,44,10,139797.61783248815,2,1,1,128778.18186483886,0
3331,723,Spain,Female,23,7,51680.12406656754,2,1,0,143609.28069492234,0
3332,526,Germany,Female,43,5,0.0,2,0,1,40957.22951723712,0
3333,777,France,Male,38,0,0.0,2,1,1,132565.446719595,0
3334,695,France,Male,38,9,102598.95085446522,1,1,1,68768.94018805653,0
3335,761,France,Male,41,9,117429.48242161874,1,1,0,57794.72483232523,0
3336,542,France,Male,34,10,78016.66405844953,1,1,1,133443.62909470586,0
3337,540,Germany,Male,38,5,169862.99458653876,2,1,1,14619.792837499659,0
3338,638,France,Female,40,9,143549.92637728775,1,1,1,181809.00017806859,0
3339,690,France,Male,45,6,0.0,2,1,1,40887.115646292325,0
3340,793,France,Female,22,1,0.0,1,1,1,89659.85496508377,0
3341,706,Spain,Male,50,10,109848.58293926848,2,1,1,113332.51780067998,0
3342,630,France,Male,26,3,149211.69264294574,2,1,1,168625.9556086007,0
3343,567,France,Male,45,6,0.0,1,1,0,52406.93923043882,1
3344,748,France,Female,38,10,0.0,1,0,0,185347.54303844314,0
3345,572,France,Male,25,5,153420.20801277919,1,1,1,66338.16030510099,0
3346,780,Germany,Female,43,10,174633.94085749547,2,1,0,112200.21496438717,1
3347,627,France,Female,28,7,144302.9478029483,1,1,0,42133.30922141373,0
3348,777,Spain,Male,48,5,137254.48795162598,1,1,0,128251.23779493793,0
3349,704,Germany,Male,30,1,168597.20313729154,2,1,1,39777.063040269844,0
3350,639,Germany,Female,23,0,86127.56946699636,1,0,0,25989.07487705747,0
3351,608,Germany,Male,53,4,144649.63736005538,2,1,1,103413.10377794274,0
3352,622,Germany,Male,39,10,95785.2972086443,2,1,1,142542.400871865,0
3353,684,France,Female,46,9,0.0,2,0,1,45466.882228895454,0
3354,656,Spain,Female,29,9,133978.90460067245,1,1,0,20398.743692455457,0
3355,602,France,Male,19,8,86595.52251325948,2,1,1,18073.21728474092,0
3356,636,France,Male,54,1,119188.10758001267,2,0,0,10278.250948088838,0
3357,656,Germany,Male,37,6,126015.8646720591,1,1,1,54408.55309704019,0
3358,479,Spain,Male,42,8,127134.08584376193,1,1,0,174638.26574204818,1
3359,686,Spain,Male,44,3,144218.54823732295,2,1,1,95899.75619129647,0
3360,571,Spain,Male,34,3,133643.16126916124,1,0,0,185404.6814308105,0
3361,557,France,Male,40,9,0.0,2,0,0,57384.7580755768,0
3362,515,Germany,Female,53,4,0.0,1,1,1,196840.37624749987,1
3363,506,France,Female,37,5,0.0,2,0,1,166722.776673347,0
3364,541,France,Female,47,6,0.0,1,0,1,158929.83512933433,0
3365,593,Germany,Male,18,8,0.0,1,1,1,123161.36989230165,0
3366,806,France,Male,49,5,109568.5685093406,1,0,0,47223.00207906215,0
3367,607,Germany,Male,22,2,0.0,2,1,1,190816.50548411367,0
3368,664,Spain,Female,48,1,73712.8593223746,1,0,1,163969.3367028687,0
3369,682,France,Male,41,5,141636.3523412721,1,1,1,168154.60627216575,0
3370,660,Germany,Male,37,8,112681.18850425053,2,0,0,178364.69006240583,0
3371,643,Spain,Male,37,2,116761.84637538299,2,1,0,58990.29122163727,0
3372,554,France,Male,35,3,0.0,2,1,0,175207.12868712208,0
3373,766,France,Male,29,2,85894.3888813678,2,0,1,103162.78872431576,0
3374,794,Germany,Male,35,6,0.0,2,1,0,134133.8627346909,0
3375,515,France,Male,60,3,104907.62348754574,2,0,0,192546.6512478506,1
3376,568,Germany,Female,51,5,0.0,2,1,1,180745.56246530707,1
3377,627,France,Male,29,5,141740.70122978743,1,1,0,57440.446474107855,0
3378,572,Spain,Female,40,8,94760.41159234793,1,1,1,149418.82331539693,0
3379,690,Germany,Male,38,4,0.0,2,0,0,167586.5406017607,0
3380,591,France,Female,36,6,84169.74408710288,3,0,1,93857.90980019727,1
3381,823,Spain,Male,27,0,96598.2145890078,1,0,1,30320.357574161306,0
3382,745,Germany,Male,42,7,125066.34503852986,1,1,1,69691.12473007286,0
3383,667,Germany,Male,46,1,0.0,1,0,0,149495.5368429489,1
3384,732,Spain,Male,29,3,0.0,1,0,0,121564.93376215619,0
3385,738,Spain,Female,57,9,108822.37234482009,1,0,0,156602.6440029403,1
3386,604,Germany,Male,53,6,0.0,1,0,0,180343.69588665434,1
3387,584,Germany,Male,43,5,133076.17481427293,2,1,0,71937.98055399265,1
3388,656,Germany,Male,25,3,76936.9873856159,1,0,1,140711.35663446947,0
3389,718,France,Male,42,7,0.0,4,1,0,28413.54435786741,1
3390,661,Germany,Male,40,6,110955.27082993022,1,1,1,136257.99782397918,0
3391,523,France,Female,43,5,106267.68152953478,1,0,1,16790.72706851598,0
3392,585,France,Male,53,4,104341.90047599669,2,1,1,57880.64464527824,0
3393,644,France,Male,36,4,136793.5869702657,1,0,1,95150.09732011589,0
3394,643,France,Female,58,10,82432.24687868498,1,1,1,170586.28707548653,1
3395,807,France,Female,42,6,154008.48061295247,1,1,0,38232.61871320802,0
3396,539,France,Female,35,10,118884.12826359726,2,1,1,158180.01992807264,0
3397,690,France,Female,61,5,119746.8305142145,2,1,1,117270.01797734738,0
3398,769,Spain,Female,46,3,0.0,2,1,0,96849.51339681966,0
3399,831,France,Female,33,6,146693.6134047407,2,1,1,132024.27278824244,0
3400,617,France,Male,38,4,104514.37407079429,1,1,1,75474.40148473675,0
3401,689,France,Female,44,6,0.0,1,1,1,198971.17358403702,0
3402,695,France,Female,36,6,103628.50109431168,1,0,0,30996.5388724708,0
3403,665,France,Female,39,10,122546.50707914996,2,1,1,36329.98886603791,0
3404,642,Spain,Female,29,1,0.0,2,0,0,177965.84306302457,0
3405,684,Germany,Male,21,3,113290.55488383173,3,0,0,51633.55378466258,1
3406,447,Germany,Male,39,9,130287.41545661332,1,1,0,21606.674629059802,1
3407,704,Germany,Female,39,3,113142.11290299562,1,1,0,179296.5607562729,1
3408,660,France,Male,43,6,0.0,1,1,1,21858.514564305264,0
3409,632,France,Female,32,7,0.0,2,1,0,173353.07625126958,0
3410,813,France,Male,24,10,0.0,1,0,1,110806.27848140523,0
3411,596,Germany,Female,28,0,94658.5785787777,3,1,1,111524.6446796913,1
3412,617,France,Female,48,6,114414.21220834821,1,1,0,34866.05644447735,1
3413,809,Spain,Male,31,10,0.0,2,0,0,129769.27080069878,0
3414,583,France,Male,33,5,0.0,2,0,1,80358.18068007924,0
3415,605,France,Male,34,9,0.0,2,1,1,78889.57289139752,0
3416,638,Germany,Female,31,0,0.0,1,0,0,142443.13727160383,1
3417,717,Germany,Female,31,7,127149.12962490265,1,0,0,174880.46984465432,1
3418,666,Germany,Male,29,4,186008.8398262692,1,0,1,148961.37562706525,0
3419,546,Spain,Male,52,6,96038.11155143724,1,1,1,139561.50466049818,0
3420,607,Germany,Female,44,7,0.0,2,1,0,178363.44778332565,1
3421,601,Spain,Female,50,6,0.0,1,1,1,181047.52269130835,0
3422,643,Germany,Male,52,10,98413.16062414808,2,0,0,149906.88916834714,1
3423,684,France,Male,18,9,105191.98123896525,1,1,1,165858.83928726523,0
3424,683,Spain,Female,41,0,0.0,2,1,1,55849.68963538491,0
3425,507,Spain,Male,32,5,103808.12561071606,2,0,1,139435.16749978886,0
3426,735,France,Female,49,10,0.0,2,1,0,102948.12074821703,0
3427,670,Germany,Male,30,10,0.0,1,0,0,171324.11720403068,0
3428,760,Germany,Female,27,10,103394.15275276096,1,1,0,192586.6603728372,0
3429,685,France,Male,23,0,0.0,2,0,1,60787.22713524396,0
3430,738,France,Female,34,3,113604.6510144806,2,1,1,137559.45736714988,0
3431,687,France,Male,47,3,83562.62039646078,1,1,1,172421.69680965124,0
3432,757,Germany,Male,40,7,192884.50760195404,2,0,0,139509.5179210227,0
3433,691,Spain,Male,25,5,121314.4536065448,1,1,0,140741.2859367546,0
3434,642,France,Female,59,6,110032.53533058387,2,1,1,165326.20719386835,0
3435,831,Spain,Male,44,9,100022.78202541813,1,0,0,143487.2611924431,0
3436,721,France,Male,45,6,128683.4787916462,2,1,1,167137.588292346,0
3437,695,Germany,Female,50,6,127492.10887848219,2,1,1,198325.216218233,0
3438,547,France,Male,21,9,0.0,1,1,0,113364.59088919597,0
3439,546,France,Male,28,1,113598.13625845825,2,0,1,136527.23460852515,0
3440,673,Germany,Male,46,5,148630.39257587635,1,1,0,126892.57212433145,1
3441,661,France,Female,29,7,0.0,2,1,1,63568.177433093246,0
3442,600,France,Female,35,7,134287.89111455358,1,1,0,168310.90730821816,0
3443,661,France,Female,37,3,127589.76573911133,2,1,0,83396.81167186797,0
3444,777,France,Female,25,6,129494.49488775837,3,0,1,191402.31564903463,0
3445,705,France,Male,34,8,129937.59363024567,2,0,1,167131.99795488283,0
3446,558,Germany,Female,47,7,111167.0795022347,2,1,1,39455.425063419796,1
3447,641,Germany,Male,45,1,81171.23204037423,1,1,0,21365.837064173684,1
3448,585,Germany,Male,49,10,143416.17658374854,2,1,0,36631.34989923044,1
3449,618,Germany,Male,48,7,111692.97429010384,1,1,1,157942.20390606773,1
3450,616,France,Male,42,2,112273.12223211599,2,1,0,148540.3546484731,0
3451,611,France,Male,41,3,0.0,1,0,0,124432.36190476542,0
3452,549,France,Male,40,2,110941.50012346124,2,1,0,44455.25721784487,0
3453,639,Germany,Female,31,7,160168.4305065095,1,0,0,95455.96271774478,1
3454,605,Spain,Male,27,3,83017.7618864709,1,1,0,111689.24119841518,0
3455,415,France,Female,31,10,122413.46374738266,1,0,0,194397.17968056537,1
3456,814,France,Male,34,0,0.0,1,0,0,51537.537461419386,0
3457,737,Spain,Male,31,8,90670.25423757696,2,0,0,76780.35208516027,0
3458,619,Spain,Male,42,8,106424.92313476594,1,1,0,132110.18299603532,0
3459,651,Germany,Male,40,0,136436.54280083498,3,1,1,49995.75293061275,1
3460,556,France,Male,41,7,0.0,1,0,0,44028.46207432309,0
3461,785,Germany,Female,41,1,151294.5616924438,2,1,1,94029.05505212069,0
3462,801,France,Female,49,6,80572.16116949785,2,1,0,108961.4743647107,0
3463,662,Spain,Male,37,0,0.0,1,0,1,140776.18454531563,0
3464,731,Germany,Male,48,5,116486.87130103119,1,0,0,154454.5204495792,1
3465,664,Germany,Female,43,9,174330.11188467438,2,1,0,175086.70218012977,1
3466,543,France,Male,49,10,68275.5425068014,1,1,1,74392.97232103546,0
3467,617,France,Male,54,10,127030.44534016801,1,1,1,105780.02895433409,0
3468,660,France,Male,43,9,116852.5848501664,1,1,1,174036.9808549791,0
3469,613,France,Female,39,7,0.0,2,1,0,98038.08747910378,0
3470,632,Spain,Female,38,10,0.0,4,0,1,36261.58438848956,1
3471,642,Germany,Female,33,5,0.0,1,1,0,92729.84205860597,1
3472,643,France,Male,32,8,157392.98159246455,1,1,1,156274.58838900342,0
3473,654,France,Male,47,10,95017.41878813741,1,0,1,99186.44956457113,0
3474,565,France,Male,28,0,0.0,3,1,0,56566.374641768336,1
3475,592,Germany,Female,54,8,156714.5393720999,1,1,0,188871.4292615716,1
3476,547,Germany,Female,36,2,99912.7394545149,2,0,1,67894.62165529036,0
3477,728,France,Male,66,1,0.0,2,0,1,108667.31217477875,0
3478,481,France,Male,31,7,0.0,2,0,0,77097.58716755484,0
3479,742,Germany,Male,40,9,0.0,2,1,1,89221.01730293709,0
3480,760,Spain,Male,34,4,134800.00151392323,1,0,0,132231.93177626285,0
3481,625,France,Male,30,0,0.0,1,1,0,101429.99947316565,0
3482,441,Germany,Male,48,0,125408.32985902403,1,1,1,29407.119127279046,1
3483,621,Germany,Female,26,1,88289.48488906017,2,1,1,106638.9185991992,0
3484,644,Spain,Male,31,6,102226.46142893101,1,1,1,66637.3437044576,0
3485,569,Spain,Male,43,1,69634.14574420807,2,1,1,129888.24842887186,0
3486,608,France,Male,45,8,0.0,1,1,0,44516.12014688224,1
3487,772,Spain,Male,24,5,117550.97201420486,1,1,1,120576.92692734466,0
3488,703,France,Male,43,3,0.0,1,1,1,95504.01214795913,0
3489,576,France,Female,39,3,83064.37164222208,1,0,0,163552.23117301083,1
3490,522,France,Male,28,2,146073.243676889,1,1,0,74419.35707586104,0
3491,623,France,Female,30,8,116449.52500292398,2,0,0,29010.789436332576,0
3492,632,France,Male,18,1,146432.9293922003,1,1,0,26196.58704488567,0
3493,689,Spain,Female,55,8,171979.7128679799,2,1,1,95576.77653225335,0
3494,607,Spain,Male,48,2,101220.8230362476,1,1,0,108389.63205088531,1
3495,690,Spain,Female,25,3,0.0,1,0,0,81277.16966515771,0
3496,804,France,Male,45,8,93340.48072543548,1,1,0,159627.9431882555,0
3497,715,France,Male,32,2,103787.02838474575,1,1,0,136404.0618639139,0
3498,646,Germany,Male,47,5,106758.83647139402,2,0,0,117430.21335632559,1
3499,635,France,Female,33,4,111332.2566245138,2,1,1,126117.42049718658,0
3500,621,Germany,Male,34,5,117242.00404641966,1,1,0,155046.38124625717,1
3501,744,France,Male,35,4,0.0,2,1,0,125508.83032810905,0
3502,599,Spain,Male,31,10,0.0,2,1,0,52321.64062918908,0
3503,653,France,Male,51,2,117705.27181960264,1,1,0,87167.22783888932,1
3504,654,Spain,Male,46,1,140203.27985896892,2,0,1,35869.59972051924,0
3505,609,Germany,Male,39,9,0.0,2,1,1,175543.9772711399,0
3506,540,Germany,Female,48,8,80763.82243001985,1,0,1,51534.50892705256,1
3507,675,Germany,Male,21,3,0.0,2,0,1,124048.71471485599,0
3508,645,France,Female,25,9,98283.95089548321,4,1,0,20177.2192118561,1
3509,690,Spain,Female,42,5,0.0,1,1,1,70377.65106123527,0
3510,607,France,Male,45,8,0.0,1,0,0,180050.89674155266,1
3511,747,Spain,Female,40,4,125792.10870962846,2,0,0,160897.80410957834,0
3512,579,France,Female,19,6,0.0,1,1,1,27676.03869276584,0
3513,786,Germany,Female,27,4,94342.56951025131,2,0,1,116032.33515421118,0
3514,510,Germany,Female,42,8,130075.16459996454,1,1,0,82969.64013791543,1
3515,684,France,Female,62,1,140982.78326512998,2,0,1,35671.623295271034,0
3516,688,France,Male,50,2,107300.34673421703,2,1,0,165475.8826121353,0
3517,586,France,Female,53,4,0.0,1,1,0,175282.5742176322,1
3518,683,Spain,Male,41,1,63448.25668488642,3,1,0,105869.22418979165,1
3519,752,France,Female,41,5,112394.15442546492,1,1,0,46090.17493778791,0
3520,472,Germany,Male,27,9,0.0,2,0,1,89707.8777684072,0
3521,690,Spain,Female,47,2,108053.97685348974,2,0,1,16176.852088524287,0
3522,450,Spain,Male,37,4,0.0,1,1,1,143499.480132968,0
3523,572,Spain,Female,44,4,0.0,2,1,1,181619.61359478335,0
3524,780,France,Female,38,9,0.0,1,1,1,12980.785180995917,0
3525,603,Germany,Female,40,7,57531.186848027915,1,1,0,134410.83282801553,1
3526,556,Spain,Female,37,8,0.0,2,1,1,26898.94282895581,0
3527,634,Germany,Male,40,3,120626.57304710103,1,0,1,53969.810941549855,0
3528,815,Spain,Female,48,9,147786.81200649706,1,1,0,111708.74142124284,0
3529,503,Spain,Female,25,0,142401.5142007031,1,0,0,70781.91582127781,0
3530,565,France,Female,23,4,103443.1464660271,2,1,0,11118.207401765336,0
3531,769,Spain,Female,42,3,0.0,1,1,0,196723.24324525057,0
3532,798,Germany,Male,52,4,172153.45585441124,1,1,0,42525.40451087868,1
3533,641,Germany,Male,54,10,155504.95096897514,1,1,0,110194.53472783684,1
3534,550,Germany,Male,25,8,0.0,2,1,1,107971.12955078592,0
3535,817,France,Female,33,7,114259.93884456543,2,1,0,190406.29887399575,0
3536,777,Germany,Male,23,10,0.0,2,1,1,156414.3089209134,0
3537,704,Germany,Female,32,10,0.0,2,1,1,115594.47025792369,0
3538,585,France,Male,49,10,129262.47637741565,2,0,1,149916.78516201337,0
3539,646,Germany,Female,37,7,137126.6399065123,2,0,1,170843.1180140934,0
3540,637,France,Female,34,7,103047.63426321844,1,0,0,71450.38868854754,0
3541,676,Spain,Male,43,0,175311.34960846615,2,1,1,33022.55334911986,0
3542,766,France,Female,30,6,0.0,2,1,1,164119.16217469174,0
3543,720,Germany,Female,53,3,85471.25994929436,2,1,0,46358.1068599184,1
3544,563,France,Male,38,5,0.0,1,0,0,74823.29712020021,0
3545,760,France,Male,33,3,0.0,1,1,1,177458.10397088833,0
3546,675,France,Male,43,4,0.0,1,1,1,136370.80170877406,0
3547,704,France,Female,47,4,136625.0970202737,2,0,0,26518.101650993478,0
3548,767,Spain,Male,53,0,0.0,2,0,0,56231.048479001634,0
3549,561,France,Male,35,5,0.0,1,1,0,39508.48201952793,0
3550,647,Spain,Male,48,9,0.0,3,1,0,16044.05096275241,1
3551,607,Germany,Male,39,7,124399.65168800938,1,1,0,51208.83537814154,1
3552,524,Germany,Female,31,4,0.0,1,0,0,133043.40366748575,1
3553,677,Germany,Female,30,9,0.0,2,1,1,12650.857541570133,0
3554,850,France,Male,27,5,0.0,2,1,1,192860.10335885774,0
3555,502,France,Female,30,4,126279.62075752414,2,1,0,54381.953579479086,0
3556,647,Spain,Female,49,0,143348.6546230667,2,1,0,65446.60979077127,0
3557,701,France,Male,45,4,0.0,2,1,0,16615.095834147487,0
3558,659,Germany,Male,25,1,111269.13139658398,2,1,0,23228.59064611148,0
3559,640,France,Female,20,3,121681.98322504899,2,1,0,199759.94946448464,0
3560,546,Germany,Female,26,1,192801.20636885212,2,1,1,73501.64462291339,0
3561,668,France,Female,30,7,96487.72741699146,1,1,0,139145.39650847,0
3562,589,Germany,Male,34,6,109671.39945676546,2,1,0,152681.63012424344,0
3563,474,France,Female,49,8,96791.593421633,2,0,0,103777.76602150328,1
3564,745,France,Female,32,3,84953.87691536118,2,1,1,97905.34791535711,0
3565,726,Spain,Female,54,4,108102.80958756099,1,1,0,73827.80341634862,1
3566,654,France,Female,21,8,114109.22630199709,1,1,1,143363.9458629987,0
3567,668,Spain,Female,34,8,96159.39957071801,2,1,1,109834.20194172069,0
3568,735,Spain,Female,45,1,196632.07385708188,1,1,1,91111.49809440695,0
3569,667,France,Male,46,10,117338.35278254813,2,1,0,38818.90223122017,0
3570,722,Germany,Female,34,0,91021.5301422771,1,1,1,136852.39361645115,0
3571,626,France,Male,48,2,146432.67449495225,1,1,0,93019.02323386898,1
3572,754,Spain,Female,46,9,91674.80708434049,1,0,0,29816.36333099223,0
3573,675,Spain,Male,31,0,114909.2105303916,1,1,1,75157.7031873097,0
3574,665,Spain,Female,41,5,70314.48483591143,2,1,1,18675.80160728227,0
3575,548,France,Male,45,7,140151.38271911253,1,0,0,33417.34893533848,1
3576,672,France,Female,31,3,139365.96201013483,1,1,1,198778.5521582551,0
3577,583,Spain,Male,54,10,136590.03948805682,1,0,1,160361.3057801081,0
3578,598,France,Male,29,3,142116.46751172215,2,1,0,197672.9505221289,0
3579,584,France,Female,39,10,111408.8524392766,1,1,1,188693.4947466659,0
3580,564,Spain,Female,25,9,142765.34301031887,2,1,0,191970.82460704853,0
3581,819,Spain,Male,39,0,0.0,1,1,1,100965.62973945026,0
3582,756,France,Male,27,8,131606.49558186004,1,0,1,138649.28722496366,0
3583,803,France,Male,35,9,120459.66699443798,1,0,1,12347.485151981591,0
3584,552,France,Female,22,7,77430.0754786263,1,0,1,82171.67116024079,0
3585,655,France,Female,45,2,128419.75153074827,1,0,1,138321.1513430152,0
3586,546,France,Female,41,2,91648.69908535869,1,1,0,39240.92119431235,1
3587,594,France,Male,48,9,0.0,2,0,1,180075.11222749559,0
3588,576,Germany,Male,34,3,92039.44727843563,2,0,1,30361.72892795358,0
3589,749,Spain,Female,49,3,0.0,1,0,0,169203.79857066262,1
3590,618,France,Male,38,1,0.0,1,1,0,126895.6655769206,0
3591,735,France,Female,39,3,0.0,2,1,0,173356.78762322012,0
3592,698,Spain,Male,59,1,100831.6884238113,2,1,1,52549.83003126425,0
3593,834,France,Female,33,10,89512.42029407446,2,1,1,131095.01910545962,0
3594,531,Germany,Female,50,10,0.0,1,0,1,52347.47910994457,1
3595,750,Germany,Male,42,6,0.0,1,1,0,59672.055100958234,1
3596,741,Spain,Female,32,4,115128.20287067356,1,1,1,31581.909105814502,0
3597,572,France,Female,24,6,116685.15665317903,1,1,1,172312.0893215719,0
3598,730,Germany,Male,27,5,135532.87753612848,1,1,1,162405.92395932632,0
3599,676,Germany,Male,49,1,0.0,1,1,0,63500.636459560694,1
3600,631,Spain,Male,55,1,113138.79478591027,3,1,1,44145.78104739935,1
3601,584,Spain,Male,38,0,0.0,1,0,0,161689.19258815565,0
3602,592,France,Female,39,0,120817.44445101028,2,0,0,98059.16998339644,0
3603,813,France,Male,45,4,94951.39292759239,2,0,1,72303.15203740998,0
3604,650,Spain,Male,38,4,86858.23141453383,1,0,0,139472.8382433789,0
3605,712,Germany,Male,48,6,135535.02286448164,2,1,0,83139.3726539497,1
3606,586,Spain,Male,40,0,108821.40010897518,2,1,0,148329.60963313386,0
3607,587,Germany,Male,39,4,0.0,1,1,0,49778.517746328514,1
3608,736,France,Male,31,1,0.0,1,0,0,117915.65397830128,0
3609,542,France,Female,28,9,133544.34135960985,1,1,1,176226.82904030796,0
3610,616,Spain,Female,18,0,139036.09931008215,1,1,1,164166.82666059484,0
3611,652,France,Female,50,6,0.0,1,0,1,189273.13906275056,0
3612,658,Spain,Male,36,2,0.0,1,0,1,14007.138944853834,0
3613,635,France,Female,33,10,145639.43298905512,2,1,1,186415.00270823564,0
3614,681,Germany,Male,18,8,143153.560243569,1,1,1,55683.52743083671,0
3615,705,Germany,Male,31,4,0.0,1,0,1,189442.01370889493,0
3616,708,France,Male,30,4,106293.18280841407,1,0,1,58492.0382341254,0
3617,571,France,Male,30,4,126759.1133649937,2,1,0,45568.8777240471,0
3618,627,Spain,Female,41,8,137413.63440484556,2,0,0,129268.79735884993,0
3619,745,Germany,Male,39,9,107789.78990378197,4,1,1,148069.62233645658,1
3620,721,Spain,Female,24,0,0.0,1,1,1,192799.24113205503,0
3621,540,France,Male,25,4,99991.02348427221,1,1,1,67220.70613690125,0
3622,678,France,Female,25,9,0.0,3,1,1,95890.78253830728,0
3623,491,France,Female,56,5,115666.88482669421,1,0,0,124901.6993770613,1
3624,653,France,Male,52,8,184233.6347983038,2,1,0,166524.09630275914,0
3625,801,Germany,Female,29,2,147213.32639371007,2,1,1,158495.59215032667,0
3626,574,Germany,Female,18,0,0.0,1,0,0,189323.16195264785,0
3627,583,France,Female,39,10,123796.98181494528,1,0,1,112977.02951274642,0
3628,711,France,Female,38,10,0.0,1,1,0,166121.76782830674,0
3629,526,France,Female,41,7,112219.54348020448,1,1,0,162647.1640659674,1
3630,599,Germany,Male,45,8,122139.89756026295,1,1,1,49319.391966006624,1
3631,697,Spain,Female,42,10,0.0,1,0,1,75418.40242250121,0
3632,599,Spain,Male,26,5,132442.54219090054,1,1,0,47970.18853948097,0
3633,631,France,Male,40,4,133056.95410322183,2,1,0,18016.04722161223,0
3634,709,Spain,Female,46,7,0.0,1,0,0,171539.73254123665,1
3635,683,France,Male,30,5,51758.26138334746,1,0,1,181364.48990644058,0
3636,671,France,Male,40,5,111441.00815651368,1,1,1,89979.26578642834,0
3637,622,Spain,Male,32,8,97631.26512393955,1,1,1,79329.73829787671,0
3638,679,Spain,Male,57,8,0.0,1,1,0,99436.02470081329,1
3639,640,France,Male,24,0,130991.5936734062,1,1,1,129398.11461272267,0
3640,686,France,Female,49,1,114891.404543029,3,0,1,197577.707857104,1
3641,610,France,Male,21,0,141518.58264164074,1,0,1,175604.0197582289,0
3642,635,France,Female,55,1,143833.87410893926,2,0,1,40881.485023781854,0
3643,570,Spain,Male,26,2,0.0,2,1,1,176656.9186959446,0
3644,647,Germany,Female,39,1,0.0,1,1,1,102112.06646730243,0
3645,585,France,Female,21,5,159349.80150169338,2,0,1,162971.86851745905,0
3646,560,France,Male,24,3,0.0,2,1,0,170569.471033174,0
3647,670,France,Female,46,4,0.0,1,1,0,81858.26545511617,1
3648,667,Spain,Female,48,9,119972.98973850458,1,1,0,15339.74334560269,1
3649,712,France,Female,40,8,101014.45027904192,1,1,1,79316.27024587584,0
3650,615,Spain,Male,45,1,0.0,1,1,0,15696.353366295409,1
3651,682,France,Female,48,2,0.0,1,1,0,107663.97605092448,1
3652,694,Spain,Female,31,9,0.0,2,1,1,190340.71620430946,0
3653,685,Germany,Male,24,0,0.0,1,1,0,178170.87675086522,0
3654,583,Germany,Male,37,1,145958.679268456,4,1,0,82860.94326216927,1
3655,661,Germany,Male,32,0,0.0,1,1,1,153745.63947284553,0
3656,679,Germany,Male,41,8,0.0,1,1,1,148881.56826266405,0
3657,650,Germany,Female,43,2,156933.61037014023,1,0,1,119760.68899973035,1
3658,483,France,Male,31,2,131382.22596933696,1,1,0,143864.28755924464,0
3659,662,France,Male,45,6,172250.55324941693,1,0,0,181638.21532304116,0
3660,827,France,Female,44,0,162384.87724653078,1,0,1,63438.36252998098,0
3661,621,Spain,Male,45,8,165102.91343567,2,1,1,43382.608074060845,0
3662,591,Germany,Male,33,6,0.0,2,1,1,71123.35520359359,0
3663,679,France,Male,45,8,126927.72065079567,2,1,0,126091.19158802128,0
3664,674,Spain,Male,43,7,0.0,2,0,0,101682.4996480021,0
3665,745,Spain,Male,44,4,99122.88152831519,3,0,1,137733.0548604143,0
3666,549,Germany,Male,54,2,152052.317775053,2,1,1,94676.84188927975,1
3667,708,Spain,Male,41,10,139141.2686547082,2,1,0,133726.14413557798,0
3668,697,Germany,Female,31,8,0.0,1,1,1,26851.952361877564,0
3669,638,France,Female,26,4,130687.32372388052,1,1,1,92465.15488316028,0
3670,677,France,Male,49,8,80007.98622115083,2,1,0,132673.9929874654,0
3671,732,Spain,Female,41,2,0.0,1,1,1,65343.31343495623,0
3672,719,France,Female,54,5,128382.10428864109,1,0,0,71374.32965452253,1
3673,558,France,Male,18,1,0.0,2,0,1,13851.804542643882,0
3674,715,Spain,Female,47,2,101085.63549014213,2,0,1,159471.31075808255,0
3675,644,Germany,Female,35,1,113213.54347223384,1,0,1,102260.38210204661,0
3676,655,Spain,Male,34,1,94274.86582039934,2,1,0,41646.93393502566,0
3677,655,France,Male,30,4,118733.62977664315,2,0,0,129756.67429346494,0
3678,637,Spain,Male,46,9,0.0,2,0,0,32696.85027744605,0
3679,745,France,Male,44,3,0.0,2,1,1,98342.02284565975,0
3680,643,France,Female,26,10,89063.06616599797,1,1,0,35594.28322680046,0
3681,560,Spain,Female,39,3,112877.08976512103,1,0,0,138559.57397166424,1
3682,618,France,Male,45,7,94512.54506034375,1,1,1,45935.34087264646,0
3683,664,France,Female,39,5,55910.528644641076,1,0,0,191224.8482182405,0
3684,748,Germany,Female,49,9,141732.83467014864,2,1,0,124310.97881972812,1
3685,698,France,Male,35,1,0.0,2,1,1,14208.788946459987,0
3686,581,Germany,Female,18,0,0.0,1,1,1,89761.4788354983,0
3687,848,Spain,Female,39,4,131854.2317536712,2,1,1,40487.590009109605,0
3688,671,Germany,Male,39,6,73284.7558906415,1,0,1,124988.8170337783,0
3689,752,France,Male,41,4,0.0,2,1,0,155387.4026536094,0
3690,637,Spain,Male,49,3,0.0,2,1,0,68605.58678685257,0
3691,692,France,Male,18,4,151522.72967506666,2,1,1,138354.228882572,0
3692,717,Germany,Male,35,10,0.0,2,0,1,175535.7490106714,0
3693,747,France,Male,28,9,109631.5495304166,1,1,0,182007.22302094134,0
3694,734,France,Male,25,7,172530.86380243997,1,1,1,33351.28464725102,0
3695,719,Germany,Female,37,4,142572.0960048704,1,1,0,77462.00521926736,1
3696,624,France,Male,45,8,78533.08143568407,2,1,0,61870.93571005278,0
3697,604,France,Male,41,9,136645.13644796872,1,1,0,118410.76880523049,0
3698,676,France,Female,31,6,0.0,1,0,0,165062.42432310167,0
3699,724,Spain,Female,36,10,0.0,3,1,1,132343.6326587224,0
3700,632,France,Male,47,10,101062.18495244299,1,1,0,196774.3807008837,1
3701,735,France,Male,44,1,124376.69914668577,2,1,0,17505.9823673763,0
3702,766,France,Female,32,8,123483.25215089243,2,1,1,47818.741685428045,0
3703,576,Spain,Male,31,1,0.0,2,1,1,171759.38290095792,0
3704,583,Germany,Male,20,5,114970.88270463822,3,1,1,84606.68880391716,0
3705,638,France,Male,33,7,0.0,1,0,0,157968.01480556818,0
3706,674,France,Male,20,1,0.0,1,1,1,194618.59310062957,0
3707,608,France,Male,58,5,131652.62082166263,1,1,1,122144.3851888501,0
3708,758,France,Male,29,4,71125.06469300619,1,1,1,136535.6380442467,0
3709,683,France,Female,49,6,82710.1316715916,1,0,1,83052.58880431583,0
3710,653,France,Female,56,9,100707.71850718898,3,1,0,180850.65328286594,1
3711,535,Spain,Female,40,4,135707.7423081926,2,1,0,137361.39810664643,0
3712,544,Germany,Male,36,2,85095.54039722026,1,1,1,124753.82646896044,0
3713,672,France,Male,24,5,142937.7794134895,2,1,0,15249.94791056449,0
3714,479,Spain,Female,32,6,84530.92912715647,2,1,1,103977.1202698223,0
3715,731,Spain,Female,54,0,0.0,2,1,0,199067.97352332537,0
3716,637,Spain,Male,41,7,0.0,3,1,1,95353.09248063025,1
3717,850,Germany,Male,38,7,0.0,2,0,1,191835.47756044928,0
3718,834,France,Male,51,3,95654.51652121182,2,0,0,196472.73927241965,0
3719,635,France,Male,44,7,0.0,2,1,0,132812.66188794852,0
3720,641,Spain,Male,36,2,72126.80746779047,1,1,0,67018.53778346852,0
3721,729,France,Female,40,4,0.0,2,1,0,47139.37156494046,0
3722,786,France,Male,30,2,119965.64916013648,2,1,1,113763.8020293543,0
3723,518,France,Female,32,1,0.0,4,1,1,29942.241025837662,1
3724,507,France,Female,35,4,118773.19096301027,2,1,1,106146.75078812122,0
3725,600,Spain,Male,43,7,0.0,1,1,1,134967.16051056774,0
3726,696,France,Female,25,8,0.0,2,1,1,93408.12395866268,0
3727,689,France,Female,38,4,136975.4324254671,2,0,0,38584.93156169924,0
3728,735,France,Male,34,2,109421.6376937106,2,0,0,163049.3492399074,0
3729,554,France,Male,28,2,103615.56852836088,1,1,1,112814.01567474905,0
3730,464,Germany,Male,34,7,130404.9130588176,3,0,1,61371.460201806294,1
3731,718,France,Female,18,2,134621.61981975898,1,1,0,12981.198889369942,0
3732,583,Germany,Female,30,8,132308.0109708124,1,1,0,113396.7082899227,1
3733,488,Spain,Male,27,9,114890.96931507622,2,0,0,155773.21533542543,0
3734,661,Germany,Male,35,0,107039.1886184943,2,1,1,79145.92181604577,0
3735,713,France,Male,18,0,134234.6769129265,1,1,1,135593.60959631836,0
3736,640,France,Male,39,4,116237.46661892644,2,0,1,161179.6041708823,0
3737,613,Germany,Female,47,3,79122.58486788928,2,0,0,99246.10857313065,1
3738,637,Germany,Female,36,2,98375.26965197253,1,1,1,61329.55790486013,0
3739,620,France,Female,42,0,87756.53382142854,2,1,0,88622.18439716587,0
3740,542,France,Female,32,6,131314.53937075034,2,1,1,154631.58927769423,0
3741,592,France,Female,22,0,98216.7704147057,2,0,1,51497.22494014036,0
3742,691,Germany,Female,38,5,185775.1155690255,2,1,0,58485.47057033139,0
3743,675,France,Female,44,9,136360.83172375284,1,1,0,78348.19605791668,1
3744,663,Spain,Male,24,1,168040.05411942647,2,1,0,129229.59420731287,0
3745,570,Spain,Female,33,3,0.0,2,0,0,55747.29553493382,0
3746,635,Germany,Male,35,7,0.0,1,0,0,104051.47721302736,1
3747,475,Spain,Male,66,2,153288.0867404003,2,1,1,130656.68545799023,1
3748,664,France,Male,40,8,122910.91705921767,2,0,1,109131.59176911574,0
3749,764,Germany,Male,18,4,155836.48762763964,1,1,1,11277.76416649432,0
3750,532,Spain,Female,18,5,77941.21584619716,1,0,0,105040.18787158509,0
3751,603,Spain,Male,45,1,130423.76913358434,1,0,1,77588.1209094439,0
3752,676,France,Female,62,0,0.0,1,1,0,18709.018107416596,1
3753,750,Spain,Male,35,4,161838.93484700855,3,0,1,183884.46890271897,0
3754,614,France,Male,34,0,86553.66422029682,1,1,1,133390.82670270745,0
3755,594,France,Male,42,3,112266.73535713804,1,0,0,183541.35627662175,0
3756,492,Spain,Female,30,7,127143.49856229944,2,1,0,68042.30625440173,0
3757,658,Spain,Female,18,1,132831.36421167836,1,1,1,185582.6912441687,0
3758,813,Spain,Male,48,5,0.0,2,0,0,93875.05683110484,0
3759,672,France,Male,31,9,0.0,2,1,0,71433.25794875895,0
3760,648,Spain,Female,48,4,134468.60509049534,1,1,1,169908.10711661846,0
3761,675,France,Male,30,0,147601.35181410707,2,1,1,18314.804564646853,0
3762,649,Spain,Male,39,7,125971.26742972604,2,1,1,149012.31459280167,0
3763,584,France,Male,46,4,99805.02356990988,1,1,1,174242.60230596506,0
3764,715,Spain,Male,48,8,0.0,2,1,1,175553.3796569524,0
3765,668,Germany,Male,40,1,143679.71678127506,1,1,0,16034.250839892844,1
3766,651,France,Male,39,5,115107.49652487155,1,0,1,177510.10581811814,0
3767,571,France,Female,44,6,87838.88981875565,1,0,0,145902.207734239,1
3768,754,Spain,Female,42,0,89873.12374234162,1,1,1,170642.08420024446,0
3769,703,Spain,Female,25,9,0.0,2,1,1,136804.42563993053,0
3770,605,Spain,Male,25,3,0.0,2,1,1,152315.38034823904,0
3771,730,Spain,Female,18,1,145064.3376146736,1,1,0,127329.01983879809,0
3772,610,France,Female,45,6,0.0,1,1,1,99442.22238557551,0
3773,587,France,Female,34,2,78552.76241811465,2,1,0,186443.48847422516,0
3774,589,France,Male,46,8,100408.81217955198,2,1,1,30990.259249302184,0
3775,508,France,Male,42,7,62863.26611404157,1,1,0,22112.379688468507,1
3776,687,Spain,Female,27,9,165131.23951111262,2,0,1,136431.3896351865,0
3777,503,France,Female,36,6,58907.75698402602,2,0,0,137983.62162338622,0
3778,551,Germany,Female,33,7,0.0,2,0,0,169961.9279562465,1
3779,483,Germany,Female,31,0,145376.62545265438,1,1,0,133222.86714995067,1
3780,643,Germany,Male,47,9,0.0,2,1,0,26641.52310831804,1
3781,637,Germany,Male,63,5,178532.46001168675,1,1,0,177081.4924877873,1
3782,623,France,Female,49,6,94703.6788256946,2,1,0,28833.985152731697,0
3783,566,Germany,Male,37,6,0.0,2,0,0,95392.54045911464,0
3784,556,France,Male,50,8,61382.98683437007,2,0,1,129577.88362012917,0
3785,687,France,Female,55,6,124186.9548876151,1,1,0,130150.92670622714,1
3786,605,Germany,Male,24,6,93825.55906905435,2,0,0,95140.17688983657,0
3787,675,France,Female,50,5,0.0,2,1,0,72795.6055195725,0
3788,579,Germany,Female,45,2,98199.38569666781,1,1,1,67216.28324519983,1
3789,664,Spain,Male,49,5,130091.44740673585,1,1,0,194960.00885594575,1
3790,754,Germany,Male,46,8,170832.49800617137,1,1,1,74610.55207806677,0
3791,696,France,Male,35,10,96913.07199067855,1,0,0,120441.14706338057,0
3792,617,Spain,Female,58,9,160495.6051645409,1,1,1,119963.75794522597,1
3793,670,France,Male,41,2,66121.46300204846,1,0,1,118461.5329892828,0
3794,630,Germany,Male,33,2,132573.84881040215,2,1,0,128031.43147844281,0
3795,650,France,Female,43,10,0.0,1,1,0,59864.70046989349,1
3796,623,Spain,Male,47,6,110199.18251977903,1,1,0,74330.90597785241,1
3797,636,France,Male,38,6,0.0,2,0,1,23388.661249536926,0
3798,666,France,Male,41,4,0.0,1,1,0,118492.38128943578,0
3799,570,France,Male,38,7,0.0,4,0,1,55389.376837482196,1
3800,568,France,Female,31,7,101790.38696514304,2,1,0,42572.47846700587,0
3801,538,Spain,Male,29,10,108786.32549379328,1,1,0,168343.5414399313,0
3802,521,France,Male,23,10,0.0,2,1,0,120559.45158157803,0
3803,552,France,Female,53,1,90970.69974257555,1,1,0,116076.97493970804,1
3804,662,Spain,Female,35,10,103148.16397316186,2,1,0,39640.18532460266,0
3805,578,France,Male,18,5,76724.70586133792,1,1,1,94510.94378059363,0
3806,691,France,Female,41,4,117801.69154999506,1,1,1,115485.01735436515,0
3807,652,Germany,Female,41,3,181514.70065446303,1,1,1,93221.58592222688,0
3808,492,France,Male,19,6,134511.40198859078,1,1,1,111434.34034425806,0
3809,702,France,Female,29,3,0.0,2,1,1,12827.174090584153,0
3810,714,France,Female,29,4,162580.8875748786,1,1,0,47912.792232965774,0
3811,570,France,Male,30,7,88779.97083984729,3,0,0,51201.16075034204,1
3812,683,Spain,Female,50,4,0.0,1,0,0,81844.30060213392,1
3813,581,France,Female,36,10,0.0,2,1,0,188743.8041090615,0
3814,657,Germany,Female,33,10,134450.03424654313,1,0,0,112828.17792792333,1
3815,548,France,Male,49,8,153758.0279101418,2,0,1,58707.89890235798,0
3816,506,France,Male,42,9,74981.80326234459,1,1,1,146170.4147843849,0
3817,619,France,Female,20,1,110120.13494382611,2,1,0,51574.79643268626,0
3818,640,Spain,Male,31,1,145405.01783261244,2,1,1,39946.453261280265,0
3819,618,Germany,Female,41,8,114008.97652781174,1,1,0,66602.26134956288,1
3820,555,Spain,Male,28,1,102377.04395418815,2,1,0,65627.16663179171,0
3821,618,Germany,Male,58,2,0.0,1,1,0,90053.84823812917,1
3822,671,France,Female,39,5,103611.88677638085,1,1,1,145721.59392041963,0
3823,646,France,Male,30,3,0.0,1,0,0,119997.98511647085,0
3824,664,France,Male,26,7,162154.99843257107,1,0,1,103577.97400639171,0
3825,596,France,Male,47,7,108338.33492009321,2,1,0,190213.35914622145,0
3826,743,France,Female,31,1,160983.5219545532,1,0,0,16128.939535387679,0
3827,555,France,Female,41,1,152119.81335032376,1,0,1,86761.64382421528,0
3828,689,France,Female,26,2,0.0,2,1,1,140126.63386253064,0
3829,744,France,Male,38,10,103074.32352200174,1,1,0,70879.69320445358,0
3830,688,France,Male,31,1,127511.95743880789,4,1,0,100332.43110661034,1
3831,633,France,Female,34,4,122559.05413246056,2,1,0,15716.587166927231,0
3832,607,Germany,Female,30,0,103288.08694107167,2,1,1,48614.80128077746,0
3833,732,France,Male,48,6,0.0,1,1,1,25497.59038966026,0
3834,536,Spain,Female,33,7,0.0,1,1,1,194419.3483462807,0
3835,572,Spain,Male,36,3,175625.854773301,3,0,0,151431.7989277017,1
3836,618,France,Male,37,6,86514.59263546913,1,1,0,134136.0996338242,0
3837,749,France,Female,54,8,0.0,1,1,1,10402.18557239056,0
3838,680,France,Male,46,6,121003.54214196351,1,0,1,98635.25116647016,0
3839,572,Spain,Male,45,1,142594.06079834115,2,1,1,144534.95864846278,0
3840,625,France,Male,22,1,0.0,2,1,0,125573.56550762961,0
3841,600,France,Male,31,9,154268.9564699707,1,0,1,107738.26375974428,0
3842,593,France,Female,49,9,108601.59766961937,1,1,0,167575.19713047004,1
3843,728,Germany,Male,26,9,0.0,2,1,1,73690.8050810147,0
3844,540,France,Female,38,5,0.0,1,1,0,169390.22628924,1
3845,778,Spain,Male,27,7,110986.76543954735,1,1,0,83772.83387318032,0
3846,716,France,Female,28,9,75453.6186986194,1,1,0,120318.52466197788,0
3847,737,Germany,Male,54,10,129659.6935482332,1,1,0,108769.3409667172,1
3848,612,Spain,Female,45,9,115977.09591618489,2,1,1,87997.73117524282,0
3849,638,France,Female,47,10,144094.36263809132,1,1,1,60622.7804502245,0
3850,535,Germany,Female,45,2,118549.95223819518,2,1,0,95176.45028317955,1
3851,608,Spain,Female,36,0,159318.8108516259,1,0,0,33048.964462505726,0
3852,689,France,Male,31,0,112502.26657067554,2,1,1,75386.12684974505,0
3853,753,France,Male,33,10,82396.50818611839,1,1,1,120153.59291883733,0
3854,561,Germany,Female,36,1,138938.71208156119,2,1,0,21724.379865519666,1
3855,620,Germany,Female,55,9,85358.7087860304,2,1,0,151276.1149374108,1
3856,637,Spain,Male,24,5,124098.90622485343,2,0,0,117813.55320515404,0
3857,538,Spain,Male,32,1,153217.10077613583,1,1,0,193351.82845404188,0
3858,697,Spain,Female,28,5,0.0,2,1,0,27271.046116065492,0
3859,592,France,Female,48,10,138634.63142180967,2,1,1,53074.37581956217,0
3860,634,Spain,Female,56,0,128995.27648672131,1,0,1,112243.39888110216,1
3861,613,France,Male,41,8,103525.06235977999,2,0,1,102152.74723703346,0
3862,586,Germany,Male,41,6,0.0,2,0,0,104694.93140734843,1
3863,649,Germany,Male,38,0,138694.37163316642,2,1,1,74945.69443649898,0
3864,632,Spain,Male,42,8,0.0,2,1,1,174558.44492210096,0
3865,620,France,Female,45,8,0.0,1,1,1,19751.954230656094,0
3866,591,France,Female,42,10,0.0,2,0,0,175740.35854153792,0
3867,675,France,Male,42,9,152845.37273502216,3,1,0,157491.494905144,1
3868,782,Spain,Male,45,10,123550.515654268,2,1,1,159810.00500166343,0
3869,661,Spain,Male,20,5,0.0,2,1,1,182957.2861685214,0
3870,729,France,Female,38,1,103653.40100262847,1,1,0,117667.61469658984,0
3871,538,Spain,Male,41,1,122320.20724437843,1,1,1,174509.9771083512,0
3872,662,Germany,Male,42,7,147415.3628952601,2,1,1,86971.36657664241,0
3873,562,France,Female,36,8,134006.11385650045,2,1,0,140012.50394038472,0
3874,531,France,Female,39,3,0.0,2,0,1,67913.05869904647,0
3875,590,Germany,Female,30,1,132140.05838653335,2,0,0,163215.0403282621,0
3876,745,Spain,Male,20,4,63541.86686977753,1,0,1,16591.095238868787,0
3877,726,Spain,Male,47,6,115219.3348407734,2,1,1,170609.40252760804,0
3878,669,Spain,Male,26,3,129134.97214048592,1,1,0,32330.30548604445,0
3879,527,Germany,Female,36,8,132446.96821317065,1,1,0,39622.996461210205,1
3880,634,France,Female,30,3,94035.4283676881,2,1,0,153754.32714096902,0
3881,674,France,Female,53,7,129009.30678698765,2,1,1,54988.08281501095,0
3882,664,France,Male,37,2,134222.51709727768,3,1,0,103351.92687993385,1
3883,502,France,Female,34,5,128118.19707375298,2,0,1,104737.61625189592,0
3884,578,France,Male,45,5,120501.80778151465,2,0,1,81296.57387503773,0
3885,644,France,Male,59,2,94354.63304790253,1,0,1,187182.081045572,0
3886,692,Germany,Male,42,1,98645.19587887761,1,0,0,117135.73331553333,1
3887,474,Germany,Female,34,5,0.0,2,1,0,146237.57935817403,1
3888,637,France,Male,44,6,0.0,1,0,1,179155.93041152426,0
3889,661,Spain,Female,22,6,154108.50179993513,2,1,0,126799.63843821421,0
3890,717,Spain,Female,38,9,108285.88876416255,1,1,0,142021.89183894303,0
3891,705,Germany,Male,57,10,0.0,1,0,1,94051.71705737233,1
3892,696,Spain,Female,39,0,155802.91677832574,1,0,1,199135.95680435468,0
3893,586,France,Male,39,5,84097.22027356464,2,0,0,157422.78519886825,0
3894,497,Germany,Male,38,8,133011.13236592652,3,0,1,193371.19415007342,1
3895,618,Spain,Female,34,8,0.0,4,1,0,34176.53728462066,1
3896,730,Spain,Female,41,1,69227.62943641595,2,1,1,14350.706658562267,0
3897,761,Germany,Male,45,3,166370.71490477174,3,1,1,109462.61925984293,1
3898,706,Germany,Female,34,5,91750.25018994299,1,1,1,148987.5920511181,0
3899,684,Spain,Female,18,3,157571.47016683983,1,1,0,168263.73268138958,0
3900,680,Spain,Male,42,8,86216.81724105946,1,1,1,171275.27116067606,0
3901,605,Germany,Male,59,1,76063.05995510265,2,1,1,64523.71017208534,1
3902,639,France,Female,34,9,0.0,2,1,0,154235.87094809866,0
3903,783,France,Male,23,5,0.0,2,1,0,39899.47228331299,0
3904,574,France,Female,44,0,92268.53196130574,2,1,0,108665.89773113753,0
3905,779,Germany,Female,55,8,143577.18617884797,2,1,1,54724.170823102104,0
3906,624,Spain,Male,43,0,183729.92430920323,1,1,0,54018.96767077981,0
3907,756,France,Female,55,7,162765.7953888084,1,0,0,66943.05696009404,1
3908,537,Germany,Male,45,8,121233.04031532625,2,0,1,68407.27072547744,0
3909,696,Spain,Female,45,0,112556.07132965386,1,0,1,73615.55463504395,0
3910,591,Germany,Male,32,0,0.0,1,0,0,183540.80471092157,1
3911,536,France,Female,40,9,53850.918228626484,1,1,0,140503.52253978577,1
3912,667,Spain,Male,37,6,125906.61554711947,2,1,1,10835.82817689741,0
3913,730,Spain,Female,37,9,136023.68490293744,2,0,0,86271.0832608322,0
3914,582,Spain,Male,35,4,92580.2295544556,2,1,1,41356.99479188207,0
3915,530,Spain,Male,40,10,0.0,1,1,0,147030.4654493218,0
3916,642,Germany,Male,25,2,119430.70076270423,2,1,1,196681.66451118927,0
3917,643,France,Female,46,8,147129.30504785222,2,0,1,104771.07983952915,0
3918,693,Germany,Male,29,1,91345.23815964069,1,0,1,196389.44410190528,0
3919,725,France,Female,35,5,88087.93399070537,1,1,1,62419.952834602576,0
3920,645,France,Female,41,3,0.0,1,1,1,120397.1924021864,0
3921,798,France,Female,28,4,133610.15794751083,1,1,0,113579.17948908648,0
3922,667,France,Male,18,1,97882.97182435945,1,1,1,161227.91283505096,0
3923,622,France,Female,34,0,166058.8206839272,1,1,1,59666.39749016856,0
3924,521,Germany,Male,23,8,106472.0160881555,2,0,0,59241.30155227773,0
3925,628,Spain,Female,45,2,0.0,1,1,1,77414.32261171537,0
3926,623,France,Female,26,5,0.0,2,1,0,120979.72285302005,0
3927,726,Spain,Male,52,8,149840.17479968036,1,1,0,35725.07439193189,1
3928,686,France,Male,37,0,137971.435587994,1,1,1,191434.99453974987,0
3929,555,France,Male,38,4,0.0,1,0,0,97518.3575648971,0
3930,663,Spain,Male,18,3,135182.9097534328,1,1,1,105636.38088669081,0
3931,703,Spain,Female,39,2,150223.2342898477,1,1,1,88040.73496465677,0
3932,772,Germany,Male,37,1,152934.43011797962,2,1,0,83582.7765348792,0
3933,721,France,Female,25,2,164837.06509872223,2,0,1,96709.51892661337,0
3934,710,Spain,Male,38,0,0.0,1,1,0,56053.95228761641,0
3935,654,Spain,Female,34,0,122969.74491247894,2,0,0,38097.1849260944,0
3936,681,Germany,Female,35,7,0.0,1,1,0,92902.03080420807,1
3937,749,France,Female,38,4,95672.14397548488,2,1,0,138528.64399894516,0
3938,543,Spain,Male,33,1,84276.79180425825,1,1,1,77722.70267256549,0
3939,622,Spain,Female,40,2,106308.51567980128,2,0,0,30517.965391000704,0
3940,588,Germany,Male,37,1,104405.59874354208,1,1,0,109552.67122728429,1
3941,680,France,Male,42,9,88246.5842915964,2,1,1,109573.53853655115,0
3942,748,Spain,Female,32,1,0.0,2,1,1,42093.71183734286,0
3943,602,France,Female,27,3,118512.36167664525,1,1,1,75187.58580008971,0
3944,458,Spain,Male,30,3,122333.47795955293,2,1,1,159969.3261198798,0
3945,617,France,Male,52,6,90514.72522259917,2,1,1,16110.391396814808,0
3946,723,France,Female,47,1,133066.56089341434,2,1,1,28059.87131708303,0
3947,693,Spain,Male,50,8,100131.80268416763,1,1,0,143128.13787398482,1
3948,684,France,Male,50,6,164185.61509918584,1,1,0,118771.15485934853,1
3949,627,France,Female,33,3,54090.90455444867,1,0,0,119975.42957241468,0
3950,547,France,Male,40,6,102999.86926946486,1,1,1,96960.67986628915,0
3951,691,France,Female,38,9,134747.61046111232,2,1,1,26320.741667371563,0
3952,583,Germany,Female,44,10,0.0,2,1,0,20051.843944185148,1
3953,824,Spain,Female,35,0,0.0,4,1,1,71590.78252856398,1
3954,695,Germany,Male,38,6,0.0,2,0,0,20764.5913933677,0
3955,603,France,Female,38,5,0.0,1,1,1,117401.95006015062,0
3956,601,Germany,Male,43,8,0.0,2,0,0,139015.41078580794,1
3957,642,France,Male,44,7,141837.95122167323,2,0,0,127472.37529105242,0
3958,630,Spain,Male,38,1,124156.90053060598,2,1,1,148574.15831003388,0
3959,739,France,Female,39,10,0.0,2,1,1,190894.45268922293,0
3960,664,Spain,Female,40,2,160458.27317297691,2,1,1,193814.8835285711,0
3961,591,Spain,Male,54,2,100458.6561925429,3,0,1,64241.735055328114,1
3962,801,France,Male,20,5,0.0,2,1,1,65407.661805458534,0
3963,653,France,Male,28,1,108118.60922160628,1,0,0,151241.70201365906,0
3964,711,Spain,Male,44,10,0.0,1,1,1,198101.68600203685,0
3965,601,France,Female,40,1,0.0,1,0,1,88444.77033782384,0
3966,679,France,Female,40,3,0.0,2,1,0,45207.604729549275,0
3967,674,France,Female,44,0,135484.4593112679,1,1,0,148467.57679974433,1
3968,498,Spain,Female,40,0,120190.342748911,2,1,1,83205.78750378816,0
3969,811,Germany,Female,32,0,68915.4116891165,1,1,0,25203.508223272926,0
3970,753,France,Male,44,4,117804.52310697723,1,0,1,152243.61787786827,0
3971,618,France,Male,38,8,0.0,1,1,0,87545.28680158482,0
3972,561,Germany,Male,33,3,105163.84246069989,1,1,1,122355.77258015872,0
3973,677,Spain,Male,44,7,103141.7196033739,1,1,0,141462.68830921952,0
3974,656,France,Female,44,6,145710.8253746971,2,0,1,165964.7676504041,0
3975,678,Germany,Female,40,5,119149.73738644489,2,1,1,128072.35189630606,0
3976,665,France,Female,55,8,157063.54074264073,1,1,1,187823.80135363856,0
3977,690,France,Male,51,9,93792.87921860475,2,0,1,102110.60195791716,0
3978,765,Germany,Male,48,0,126021.46982458964,1,0,1,110756.97372156009,0
3979,695,Germany,Female,63,6,129751.9715359019,2,1,0,67778.44215694239,1
3980,566,France,Female,36,8,117500.13817745296,2,1,0,35060.44598749986,0
3981,759,France,Male,33,9,160281.2101912397,2,0,1,129419.61883316471,0
3982,781,France,Female,46,1,121292.90486267098,1,1,1,65592.44094693364,0
3983,850,France,Female,35,3,0.0,1,1,0,145692.29100630208,0
3984,560,France,Male,38,4,117898.68555203373,1,0,1,127926.17127518155,0
3985,669,France,Male,28,10,119450.1321677226,1,1,0,63450.52681283914,0
3986,483,Germany,Female,44,4,130673.53946638742,1,1,1,115905.63224482638,1
3987,694,Germany,Female,23,10,91998.95482572279,3,1,1,197786.32466777862,0
3988,606,Spain,Male,37,6,0.0,2,1,1,177644.008032936,0
3989,803,Spain,Female,37,9,116226.85363609267,1,1,0,89192.65721963467,0
3990,588,France,Female,33,7,121435.70589391148,1,1,1,140606.98087115568,0
3991,514,France,Female,20,8,0.0,3,1,1,44827.30035655792,0
3992,612,France,Male,20,4,67813.27654089153,1,0,0,11927.860210500721,0
3993,491,Germany,Female,30,1,0.0,2,1,1,169510.6036790134,0
3994,710,France,Male,43,1,118418.46939676687,1,1,1,88689.4230494918,0
3995,484,Germany,Female,40,4,0.0,1,1,1,44486.37427261166,1
3996,652,Spain,Female,37,4,108005.46452504981,1,1,0,69906.6292260034,0
3997,483,France,Male,29,4,0.0,2,0,1,185297.87133154285,0
3998,624,France,Male,41,5,100474.7962098329,2,1,1,179553.68473096596,0
3999,781,Spain,Female,20,7,179251.76108854043,1,0,0,133676.8488120861,0
4000,678,Germany,Female,18,10,107519.48872620084,2,0,1,27490.62783118087,0
4001,580,Spain,Male,35,4,166936.66519566474,1,1,1,146418.0714533648,0
4002,647,France,Male,32,2,0.0,2,1,1,179125.2501212868,0
4003,651,Spain,Male,48,8,0.0,2,1,1,184605.86706381064,0
4004,687,France,Male,39,3,0.0,1,0,0,83412.79332542352,0
4005,540,Germany,Female,54,7,94211.45684051461,1,1,0,42182.82970863841,1
4006,697,Spain,Female,32,8,0.0,1,1,0,192573.6413475794,0
4007,433,Spain,Female,42,10,130354.81759121429,1,1,0,163983.1662094798,1
4008,599,France,Male,35,6,0.0,2,1,1,92212.95906730043,0
4009,610,Spain,Female,51,2,70362.89904977541,2,1,0,130094.27877790772,1
4010,700,France,Male,35,9,118993.84895469078,1,1,0,85530.26564850827,0
4011,651,France,Female,46,10,92097.26373867129,2,1,0,96876.78710458433,0
4012,537,France,Male,27,5,97884.87649799607,2,1,1,72281.03648051026,0
4013,571,Germany,Male,33,6,99750.87289342814,2,0,1,20568.823506858032,0
4014,665,Spain,Female,37,6,122087.16370949039,2,0,0,199451.7063295599,0
4015,643,France,Male,50,7,139261.75107868094,2,1,1,55513.22927323284,0
4016,603,Germany,Female,18,9,163763.95029197345,1,1,0,65117.15444422358,0
4017,611,France,Female,34,4,0.0,4,1,0,71739.88933318418,1
4018,705,France,Female,34,4,0.0,2,1,1,56413.21426483995,0
4019,608,France,Female,18,1,0.0,2,1,1,71902.64431253323,0
4020,642,Spain,Male,33,10,0.0,1,1,0,117663.42980822177,0
4021,823,Spain,Male,22,1,0.0,2,0,1,25034.801831161825,0
4022,536,France,Female,18,3,0.0,2,1,1,23591.97572669092,0
4023,501,Spain,Female,35,6,120847.81783268687,1,1,0,97789.29629362079,1
4024,712,France,Male,35,7,0.0,2,1,0,142358.59787719994,0
4025,595,Germany,Female,35,2,0.0,2,1,0,51296.00405188601,1
4026,624,France,Male,40,0,104830.03379357711,3,1,1,108832.66975850679,0
4027,587,Germany,Male,29,3,0.0,2,1,1,93689.2609446156,0
4028,629,Spain,Male,55,5,76873.84943776837,1,1,1,95925.65971602593,0
4029,777,Spain,Male,37,5,162761.33772013322,2,1,0,143303.2195414372,0
4030,714,France,Male,50,8,116923.72132854826,1,0,1,123454.67748463746,0
4031,718,Spain,Male,21,6,65599.52842052889,1,1,0,99223.32832801384,0
4032,536,France,Male,29,8,147239.9144319595,1,0,0,61367.47135865855,0
4033,557,Germany,Male,44,9,0.0,1,1,0,121199.72921164517,1
4034,422,France,Male,35,10,0.0,2,1,1,36102.48977324028,0
4035,585,France,Female,27,4,105394.97995054159,1,0,0,89024.27151523819,0
4036,726,Spain,Male,19,4,135789.92707554222,2,0,1,35600.70149728321,0
4037,691,Spain,Male,45,4,0.0,1,1,1,70447.24039894894,0
4038,632,France,Male,44,4,0.0,1,1,0,130982.47827278909,0
4039,648,Germany,Male,40,3,96091.52771087759,1,0,1,159487.23138930448,0
4040,594,Germany,Male,33,5,66194.82464683044,1,0,0,54763.16750837133,1
4041,666,Spain,Male,26,0,137892.74957841024,1,1,1,131947.54326359474,0
4042,711,France,Female,37,1,114532.35323730511,1,1,1,61939.272781031425,0
4043,520,Spain,Female,24,8,101411.99288377169,1,1,0,88941.62544955242,0
4044,673,France,Female,30,5,0.0,1,1,1,183725.32186880134,0
4045,724,France,Male,50,5,139612.46403101087,2,1,1,29215.682170147342,0
4046,616,Germany,Male,19,9,0.0,2,0,1,196947.37796747327,0
4047,706,Germany,Male,44,3,137463.16098388715,2,1,1,132056.734733889,0
4048,850,Germany,Female,52,4,0.0,1,1,0,125700.65907362089,1
4049,641,France,Male,46,8,0.0,1,0,0,50754.435014474344,0
4050,681,France,Male,41,1,77996.8047184846,2,0,0,46971.558067069855,0
4051,590,France,Male,33,2,76192.66805601577,2,0,1,185352.68680623264,0
4052,664,France,Female,31,9,135613.0364238354,1,0,0,40451.02434146979,0
4053,686,France,Female,18,7,149884.7436414554,1,1,1,42625.47799640008,0
4054,665,France,Female,38,8,134621.16976558274,1,1,1,143057.73291441583,0
4055,568,Spain,Male,33,4,0.0,1,1,1,143839.70733365326,0
4056,666,Germany,Male,31,2,147675.84934289262,1,1,1,85692.40599054286,0
4057,766,Spain,Female,37,0,128748.44442919755,1,1,0,182432.4566572014,0
4058,685,Germany,Male,38,1,0.0,1,1,0,184652.8989660114,1
4059,726,France,Male,31,3,116296.95249422004,2,0,0,169861.1934704214,0
4060,631,France,Female,54,3,0.0,1,1,1,13051.413554985917,0
4061,709,Germany,Female,45,4,135914.92319639862,2,1,1,67404.81145117737,0
4062,672,Spain,Female,46,8,137320.0180183026,2,1,1,65165.7627039972,0
4063,573,Spain,Female,36,1,0.0,1,1,1,22465.55823039854,0
4064,675,France,Male,43,1,82064.80354441822,2,1,1,179685.74455623774,0
4065,570,France,Female,29,4,47940.53228925755,1,1,0,198593.6329982122,0
4066,599,Spain,Female,44,1,169938.80629443325,1,1,0,37237.73567533048,1
4067,665,Germany,Female,35,9,136404.93326593228,2,1,0,64201.908671363344,0
4068,673,Germany,Female,27,4,106815.61694032326,2,0,0,15075.645526803863,0
4069,554,Spain,Female,37,4,126543.02202498374,3,1,0,31933.962295793186,1
4070,734,Spain,Female,35,6,0.0,2,1,1,104912.74534011832,0
4071,695,Germany,Male,61,3,141886.4175796811,2,0,1,79903.84980958885,1
4072,593,Spain,Female,42,1,60570.44498229383,1,1,1,90509.10589522208,0
4073,526,Spain,Female,53,7,0.0,1,0,0,136570.64148410453,1
4074,638,Germany,Male,49,0,0.0,1,1,0,28560.2360149468,1
4075,614,Germany,Male,38,9,0.0,1,1,1,171074.90904847396,0
4076,659,Germany,Female,33,0,0.0,1,1,1,174463.69239247157,0
4077,620,France,Male,20,10,0.0,2,1,0,40965.46890904894,0
4078,489,Spain,Female,29,6,0.0,1,1,1,130617.33631775285,0
4079,618,Germany,Male,44,3,117837.36845761837,1,1,0,141167.99912006006,1
4080,625,France,Female,34,2,138534.81247321857,3,1,0,43019.09561978598,1
4081,700,Germany,Male,41,0,128172.09608178266,1,1,1,81209.51913622938,0
4082,594,France,Male,18,7,92688.35151511774,2,1,1,141530.72756575918,0
4083,784,Germany,Male,42,7,153184.34420918583,1,1,1,137879.90740765413,0
4084,497,Spain,Female,48,3,103855.02851465288,2,0,0,169349.00706579772,1
4085,754,France,Male,20,1,0.0,1,1,0,35178.944553618494,0
4086,632,France,Male,41,3,123302.49412796111,1,1,1,71342.64501695309,0
4087,718,Spain,Female,51,6,95163.71954715997,2,1,1,153041.1440979666,0
4088,656,Spain,Male,54,3,151864.02641400855,2,1,0,57261.1210267831,0
4089,741,France,Female,32,10,161948.15917239556,2,0,1,112047.20653114513,0
4090,619,Germany,Female,45,10,106036.36914592673,2,1,1,36082.97295557747,0
4091,562,Spain,Female,52,2,0.0,2,1,1,39836.88479222686,0
4092,763,Spain,Male,42,9,0.0,1,1,1,58634.65569135687,0
4093,640,France,Female,50,0,122071.44959637769,1,1,1,65854.25460183385,0
4094,667,Germany,Male,37,8,99447.37932337119,1,1,0,17938.486803999825,1
4095,748,France,Female,41,4,110114.58675386486,2,1,0,172611.8946249956,0
4096,567,Spain,Female,31,1,117463.1299449412,1,0,0,18346.19057757272,0
4097,697,Germany,Male,36,5,0.0,1,1,1,154929.79003124888,0
4098,602,France,Male,42,1,0.0,2,0,0,64526.833039331985,0
4099,639,Spain,Male,31,5,0.0,1,1,0,85699.27948494071,0
4100,655,France,Male,35,8,105477.94511604351,1,1,1,119813.47805343528,0
4101,529,Germany,Female,45,1,122586.30876028289,1,1,1,52698.35002226331,1
4102,587,Spain,Female,58,0,0.0,2,1,0,24578.003515705484,1
4103,758,Germany,Male,18,6,175765.37715468445,1,0,0,191851.36098676143,0
4104,720,Germany,Female,57,7,0.0,2,1,0,167370.7894077048,1
4105,644,Spain,Female,35,1,148836.80639753572,1,0,0,154281.41283622454,0
4106,669,Spain,Female,47,3,103870.48856549624,1,1,1,111554.87834808136,0
4107,626,Spain,Male,49,7,0.0,2,0,0,131152.11363581265,0
4108,758,France,Female,53,3,103283.12251973493,3,1,0,174228.88778844784,1
4109,633,Spain,Female,30,8,69961.27079257477,1,1,0,83885.97866599083,0
4110,668,Germany,Female,35,0,0.0,2,1,0,29871.223423867545,0
4111,741,France,Male,37,9,0.0,2,1,0,169782.743425798,0
4112,587,France,Male,34,6,0.0,1,0,1,21921.0996932486,0
4113,774,France,Female,51,2,71185.30196977647,2,0,0,184528.87755874466,0
4114,527,France,Male,37,10,0.0,2,1,1,147166.76990928053,0
4115,780,France,Female,21,9,0.0,1,1,1,94631.98950168521,0
4116,620,France,Male,31,10,129931.41323934805,2,0,0,126918.28550598903,0
4117,630,France,Female,22,10,0.0,2,1,0,111656.71565069501,0
4118,498,Spain,Male,35,2,162783.95985065078,1,0,1,86297.41530272062,0
4119,613,France,Male,44,10,74010.44838071808,2,1,0,34424.531735533186,0
4120,566,Spain,Female,31,6,0.0,2,0,0,163584.11071278676,0
4121,601,Germany,Male,33,5,58779.16732697468,2,0,1,121672.17177744287,0
4122,639,Germany,Male,35,2,183955.96195575251,2,1,1,143481.72214005204,0
4123,726,Spain,Female,39,1,83158.02262449556,2,1,1,49600.3996221414,0
4124,666,France,Female,43,10,138860.57206006825,2,1,0,48247.192077655374,0
4125,674,Germany,Male,46,10,103406.33385700153,3,1,1,169408.25395281884,1
4126,562,Spain,Female,60,5,141221.08849929424,1,1,1,113997.0225286337,1
4127,579,France,Male,39,9,0.0,1,0,1,96042.96412512402,0
4128,793,France,Male,45,6,123643.46888660354,1,1,0,27720.264943642294,0
4129,591,France,Male,22,8,101681.04910092792,1,1,0,90975.99967154709,0
4130,782,France,Male,34,8,0.0,2,1,0,143679.98331309855,0
4131,630,France,Female,35,8,0.0,2,1,0,29690.51842196794,0
4132,650,Germany,Male,27,10,86906.28024879302,1,1,1,15543.742498877913,0
4133,735,Spain,Female,32,9,0.0,2,1,0,115102.023318385,0
4134,751,Spain,Female,36,0,141519.9034230728,2,1,1,70068.94577520853,0
4135,641,Germany,Female,32,3,95223.89947058889,2,1,0,182137.32731197446,0
4136,618,Germany,Male,64,3,122779.4238115606,1,1,1,122586.62678511682,1
4137,645,Germany,Female,43,9,123750.42167070512,1,1,0,67085.33300395802,1
4138,677,Germany,Female,58,7,127746.95412430563,2,1,1,69642.66339167193,1
4139,721,France,Male,52,2,142401.05662349646,2,0,1,34524.5575219774,0
4140,650,Germany,Male,31,0,0.0,1,1,0,93150.94924378979,0
4141,699,Spain,Male,38,2,127332.50098571031,1,0,1,23001.762172617462,0
4142,781,France,Female,33,5,109802.77639563331,1,1,0,93724.01619966156,0
4143,680,Spain,Female,36,6,43759.74051469077,2,1,0,32897.059146870764,0
4144,674,Spain,Male,28,8,0.0,1,1,0,138663.0852846438,0
4145,528,Germany,Female,33,4,103919.11604107518,2,0,0,133706.34348485648,1
4146,439,France,Male,41,4,144990.82933804466,1,1,1,169284.7440994008,0
4147,681,Spain,Female,41,2,0.0,1,0,0,185257.4564903043,0
4148,642,France,Male,40,2,138354.79919061094,1,0,1,134241.12227019985,0
4149,608,France,Female,37,8,0.0,1,0,0,39314.188091154974,0
4150,669,France,Male,46,2,182502.40132978634,2,1,0,106572.11104256133,0
4151,645,Spain,Male,35,2,152898.61578969413,2,1,0,188825.0876747326,0
4152,740,Germany,Female,51,8,117450.03999485365,1,0,0,47862.33526114194,1
4153,656,France,Male,19,3,124587.19260318515,1,1,1,83973.94270399165,0
4154,590,Spain,Male,44,5,134569.1656821701,1,1,1,152130.40034285196,0
4155,729,France,Female,42,0,0.0,2,0,1,155023.75269110056,0
4156,632,France,Male,31,10,0.0,2,0,1,190385.61109813483,0
4157,692,Spain,Female,34,1,163137.92582282494,2,0,0,56961.82533262326,0
4158,611,France,Male,42,10,62585.89112961864,3,1,0,173077.0352293067,1
4159,598,Spain,Male,47,2,109004.51746869732,1,1,0,19976.52173083032,1
4160,656,France,Male,20,1,0.0,1,1,1,37701.54800462728,0
4161,651,France,Female,44,10,81576.39165645467,4,1,1,189177.38245224603,1
4162,688,Spain,Male,33,9,183805.11174549683,1,0,1,177343.17574820196,0
4163,628,Spain,Female,49,2,39803.59234537596,1,1,1,21577.804737401282,0
4164,503,France,Female,19,4,99062.51658570848,1,1,1,22849.36618667747,0
4165,615,Spain,Male,62,0,140155.88591764623,1,1,1,76864.73335189304,1
4166,713,Germany,Female,29,0,187217.42190116027,1,0,0,85996.06572865717,0
4167,626,Spain,Female,52,10,0.0,1,1,1,98887.66653741749,0
4168,630,France,Male,37,6,138044.73193412353,2,0,0,114213.97649183862,0
4169,728,Spain,Male,29,8,102966.92498539708,2,0,0,34819.80055237715,0
4170,593,Spain,Male,40,8,179956.16865319991,2,1,1,197418.82150196045,0
4171,526,France,Female,48,6,171082.8349360422,2,1,0,191989.63113955673,1
4172,637,Germany,Female,22,10,145140.5170223518,1,1,0,87680.84570483697,0
4173,611,Germany,Male,45,10,45480.15121354937,1,0,1,102668.88415719863,1
4174,572,Germany,Male,37,1,0.0,2,1,1,78998.18242904612,0
4175,635,Germany,Female,43,10,0.0,1,1,1,133629.21095750056,1
4176,689,Spain,Male,38,6,0.0,2,0,1,142868.030150291,0
4177,649,Spain,Female,32,8,105877.40248626604,3,0,0,111723.59921472965,1
4178,674,Spain,Male,26,6,132300.9821026663,1,1,1,185617.2017582242,0
4179,795,Germany,Female,44,1,0.0,1,1,1,75870.7886670938,0
4180,622,Spain,Female,44,6,112354.47658634512,2,0,0,59411.08644292338,0
4181,672,France,Male,44,3,107665.89096625744,2,1,0,134577.96897201551,0
4182,609,France,Male,42,7,0.0,1,1,1,40890.33418332964,0
4183,582,Germany,Male,47,2,0.0,2,1,0,119674.27462812928,1
4184,603,France,Male,52,4,66845.3445525612,2,1,0,71424.16132517447,0
4185,611,Spain,Male,19,2,0.0,1,1,1,36089.75585228636,0
4186,678,Germany,Female,18,6,107434.07916174765,2,0,0,70128.01263601749,0
4187,837,Spain,Male,55,2,0.0,2,0,1,48482.87475234652,0
4188,592,Germany,Male,24,9,145058.41256372377,2,1,0,129603.61183871629,0
4189,616,Spain,Female,27,4,100568.14650647796,1,1,0,19825.66888895817,0
4190,644,France,Female,35,0,102796.05254388251,2,0,1,165483.86003007265,0
4191,681,Germany,Male,21,3,101151.29079242378,2,1,0,121006.09608956125,0
4192,671,France,Female,34,5,78042.25608878475,2,1,0,172843.54354755854,0
4193,752,France,Female,28,1,70330.8555078079,1,1,1,40451.82979178491,0
4194,455,France,Female,35,5,0.0,1,1,0,99723.17046677192,1
4195,459,France,Male,40,9,80053.33974684609,1,0,0,136908.93187203747,1
4196,610,France,Male,34,6,114654.10214053497,2,0,1,37707.297132458465,0
4197,737,France,Female,34,7,92443.35867839135,2,1,1,12649.916354836663,0
4198,524,Spain,Female,40,2,93388.76591945018,1,0,1,189172.54591250725,0
4199,409,Germany,Female,48,9,110518.65040362604,1,1,1,158342.59264217308,1
4200,695,France,Male,54,10,171883.08078583458,1,1,1,158619.48547432403,0
4201,669,France,Female,35,2,166864.56914565532,2,1,0,184899.20597957034,0
4202,562,Spain,Female,56,4,151892.40719270153,2,1,0,119843.14136407319,1
4203,571,Spain,Male,46,2,122477.33386010453,2,0,1,131896.1715057396,0
4204,572,Germany,Male,25,8,65124.520769649855,2,1,1,49706.534932299335,0
4205,658,France,Female,25,6,154782.2098487505,2,1,1,99372.65110762834,0
4206,599,Germany,Female,32,4,99453.60374842203,1,0,0,39942.53694532167,1
4207,689,Spain,Male,52,4,167278.9900453436,2,1,0,28781.540898224193,0
4208,421,Spain,Female,32,0,0.0,1,0,0,58512.03642803278,1
4209,581,France,Female,19,8,159369.42404709602,1,1,0,97307.58347569456,0
4210,559,France,Female,35,1,0.0,1,0,0,131266.54557065555,0
4211,629,France,Female,18,6,55684.20142860016,2,1,1,105822.20480198822,0
4212,606,France,Female,27,6,148265.2378227487,1,0,1,179946.43195415745,0
4213,713,Spain,Male,32,1,122419.34691634288,2,1,0,72099.68159042206,0
4214,501,Germany,Male,39,7,80130.30633823162,1,1,0,170894.3061918755,1
4215,653,Spain,Female,48,7,0.0,1,1,1,92786.8197855518,0
4216,694,Spain,Male,44,8,191672.38257574168,2,1,0,36225.31492455004,0
4217,798,Spain,Female,26,1,59619.9980956869,2,0,1,174509.49407724966,0
4218,611,France,Female,34,0,122033.0743516389,1,0,1,102968.51901923222,0
4219,675,Germany,Male,38,8,101648.17436955964,1,1,1,36605.62907427961,0
4220,505,Spain,Female,35,2,137845.18813978627,2,1,0,45750.1432388214,0
4221,458,France,Male,35,9,151932.62264759696,1,1,1,23714.26760313393,0
4222,717,France,Male,20,1,127629.6873300271,2,1,0,132402.23776859732,0
4223,649,Spain,Male,26,9,149088.12731302096,2,0,0,78998.45246037479,0
4224,744,Spain,Female,33,1,0.0,1,1,1,193619.530682045,0
4225,540,France,Male,18,1,116339.44000372826,3,1,1,112302.64835288253,0
4226,691,Germany,Female,44,7,171073.57789026693,1,1,1,56635.139445668596,1
4227,799,Spain,Male,24,2,0.0,1,0,1,121891.08042579051,0
4228,683,Spain,Male,44,0,93643.61754487586,2,0,0,195574.55341768175,0
4229,672,France,Male,43,7,103403.98453730554,2,0,0,14395.008835368651,0
4230,650,France,Female,32,1,136224.97916005735,1,0,0,42269.19163586471,0
4231,524,Germany,Male,48,5,120041.24727327102,1,1,0,186349.54109872642,1
4232,758,Germany,Male,45,7,141007.51612365086,2,0,1,14665.968248644018,0
4233,601,France,Female,34,9,0.0,1,1,1,193036.10345769397,0
4234,690,France,Male,33,8,0.0,1,1,1,129286.645384635,0
4235,524,France,Male,48,0,0.0,1,0,0,54017.90197660686,1
4236,555,France,Male,40,8,77401.74371602741,2,0,1,27040.067751436523,0
4237,764,Spain,Male,48,7,125427.23940362345,1,1,0,29785.310825260247,0
4238,622,Germany,Female,18,5,113799.52508975507,1,1,0,169172.92320498053,0
4239,766,France,Male,38,4,122739.47984006691,2,0,0,166071.72957237295,0
4240,643,France,Male,22,5,127981.53035333716,2,0,1,168434.32720268692,0
4241,502,Germany,Female,37,1,102469.63837945682,1,1,1,192522.54366406277,1
4242,721,France,Female,45,10,139893.80209515025,1,1,0,84212.58671595731,0
4243,602,Germany,Female,55,2,125122.8113875435,2,1,0,184009.42594635193,1
4244,705,Spain,Female,28,8,102378.31790150958,2,0,1,40685.820476476845,0
4245,652,Germany,Female,32,2,132375.56106655003,2,1,0,188447.99105089976,0
4246,526,France,Female,37,9,131755.05443107837,1,1,1,56293.75942061825,0
4247,663,France,Female,28,6,0.0,1,1,1,87521.11465783913,0
4248,825,France,Female,47,10,138233.77015521648,2,1,0,107917.58793717597,0
4249,689,France,Female,37,3,152492.41821320192,2,1,1,162604.4367210368,0
4250,645,France,Male,39,10,107054.03858239831,2,1,1,83963.98207905618,0
4251,736,Germany,Female,44,8,92270.96806658056,1,1,1,74896.35378379968,0
4252,666,Germany,Female,37,3,137443.19348595163,1,1,0,196727.99022908858,1
4253,666,Spain,Female,29,9,97717.95005179415,1,1,1,24170.544438929664,0
4254,562,France,Male,37,9,105883.5271747075,2,0,1,14861.918841962648,0
4255,668,Spain,Male,29,5,76819.17682554072,2,1,1,20771.511722407427,0
4256,732,Spain,Male,39,1,0.0,2,1,1,183696.2924670668,0
4257,583,France,Male,47,6,111759.34133922562,1,1,1,54228.8971902782,0
4258,763,Germany,Male,26,2,111718.92235340444,2,1,1,18302.14306462508,0
4259,642,France,Male,22,0,0.0,2,0,0,148464.9947454885,0
4260,578,France,Male,38,6,101726.10349328388,1,1,0,131681.92996605908,0
4261,729,France,Male,30,4,0.0,1,1,1,160431.87136227163,0
4262,627,Germany,Female,38,10,0.0,2,1,1,109506.88589983429,0
4263,710,Spain,Female,41,6,80065.42352071017,2,0,0,43657.97659155818,0
4264,626,France,Male,18,0,126698.15572723863,2,0,1,65214.69284994215,0
4265,645,France,Female,44,4,133334.84621424638,1,1,0,21627.28613455669,1
4266,689,France,Male,26,1,143690.54700486604,1,1,0,143731.66441116645,0
4267,673,France,Male,37,0,134036.72233550384,1,1,0,133057.14817161165,0
4268,490,France,Female,31,5,0.0,1,0,0,139317.2386365116,0
4269,560,France,Female,32,4,175925.07195230637,1,1,1,195751.9528135811,0
4270,724,France,Female,54,3,0.0,1,1,0,21439.130430206038,1
4271,639,Germany,Male,41,0,121698.0643156807,2,1,0,22364.68609469762,1
4272,608,Spain,Female,47,4,85742.12883083975,1,1,0,150293.79131098668,1
4273,541,Spain,Male,39,6,100212.04703384498,1,0,0,194824.7320207634,0
4274,563,France,Male,44,0,0.0,2,0,1,113116.11296624239,0
4275,488,France,Male,42,3,134994.759036437,1,1,0,164411.92769062548,1
4276,641,France,Female,40,5,86329.15218537813,2,1,0,125783.69906052023,0
4277,602,France,Male,49,7,0.0,2,0,1,187155.1598660222,0
4278,572,France,Male,39,6,0.0,1,1,1,47927.98341940585,0
4279,644,Germany,Female,60,6,103375.64292744777,1,1,1,78800.05411641239,1
4280,679,Germany,Male,47,7,166540.45553102327,2,0,0,126422.77072539607,1
4281,817,France,Male,26,6,216678.43886033178,1,1,1,47737.673424558285,0
4282,529,France,Male,36,3,125191.62150071589,1,1,0,168487.858298373,0
4283,742,Germany,Male,41,10,140961.25252507356,2,1,1,161605.54708846274,0
4284,727,France,Female,38,5,139860.65533646205,1,1,1,146599.59510128567,0
4285,587,Spain,Female,44,1,107079.90153636277,1,1,0,127819.96812182345,1
4286,666,Germany,Male,45,7,0.0,1,1,0,51648.3549258011,1
4287,613,Germany,Male,24,2,64999.99112072585,1,1,0,175299.87081198837,0
4288,664,France,Female,50,3,143686.78951844526,2,0,1,119738.24036562638,0
4289,770,France,Male,33,1,0.0,1,1,0,50261.79685428357,0
4290,698,France,Female,32,8,89274.87922063624,2,0,0,150015.01568179578,0
4291,690,Germany,Male,32,1,105423.68480349085,2,0,0,16018.070387829033,0
4292,615,Germany,Male,46,5,108487.964849838,2,1,1,51425.11743473386,0
4293,531,Spain,Female,35,2,87365.4943808724,2,0,1,53099.86201427734,0
4294,633,Germany,Female,31,5,88072.57874233562,1,1,0,65415.99619780975,1
4295,746,Spain,Male,33,3,0.0,1,1,1,16531.115305012263,0
4296,527,Spain,Male,20,7,94076.2990442141,2,1,0,170089.40568047276,0
4297,565,Germany,Male,29,2,0.0,2,0,0,28496.950320745542,0
4298,660,Spain,Male,25,7,104157.85307333249,2,1,1,167547.61823206986,0
4299,571,Spain,Female,35,2,53428.89804972273,2,1,0,44250.9917699648,0
4300,586,France,Female,44,4,0.0,2,1,1,169785.92527770632,0
4301,616,Spain,Male,43,10,89147.25614711134,1,1,1,15527.534458700422,0
4302,540,France,Male,50,1,0.0,1,1,0,159051.35618500703,1
4303,572,France,Female,48,5,146936.98738473732,2,0,0,111231.8890928956,1
4304,706,Germany,Male,32,6,120838.6272379519,1,1,0,51096.19620369221,0
4305,545,Spain,Female,38,7,145514.17551654347,1,1,1,87233.00225055254,0
4306,522,Germany,Female,37,3,145919.2827536652,2,0,0,28446.64676485072,1
4307,599,France,Female,18,8,74479.06383409777,2,0,0,36077.31171400186,0
4308,708,Spain,Female,25,1,77063.30624134932,1,0,1,79746.50959006406,0
4309,634,France,Female,36,7,99719.05046113412,2,1,0,88360.81415654896,0
4310,612,Germany,Female,36,5,0.0,1,1,0,157441.88745955398,1
4311,653,France,Male,43,3,72206.48358340608,1,0,0,153696.15860177175,0
4312,510,Spain,Female,42,1,136783.31901331892,1,1,1,55621.59151524184,0
4313,689,Germany,Male,20,3,0.0,2,1,1,44937.309891159195,0
4314,680,France,Male,43,2,150992.2283319256,2,1,0,41979.05631222472,0
4315,617,Germany,Male,39,3,99245.18340099664,1,0,1,122237.78059318777,0
4316,730,Germany,Female,44,3,90281.09239458082,1,1,0,120301.46744640566,1
4317,559,France,Male,48,10,185041.71163806375,2,0,1,29936.56749614826,0
4318,740,France,Female,36,6,0.0,2,1,0,74676.45598241789,0
4319,662,France,Female,50,0,98660.17104541518,2,1,0,176132.8839638293,0
4320,623,France,Male,29,8,100531.12917143642,1,1,1,189033.36987856368,0
4321,648,Germany,Female,28,4,142694.15259326622,3,0,0,194665.64532968108,1
4322,641,Germany,Female,42,2,143206.1682167916,1,1,1,141788.09582601825,1
4323,747,France,Female,34,6,109454.87481283373,1,1,0,17166.80026205936,0
4324,563,France,Male,40,6,152529.0459635689,2,0,1,102183.1137642264,0
4325,588,Spain,Female,57,7,191534.4291155363,1,1,0,56206.45177384423,1
4326,732,France,Female,41,9,0.0,1,0,0,178713.7674975519,0
4327,602,France,Male,40,3,63676.616999948215,2,1,1,18044.528003493855,0
4328,722,France,Male,29,8,0.0,1,0,1,31460.4097531334,0
4329,785,Spain,Male,21,1,0.0,1,0,0,64383.828693286814,0
4330,617,Spain,Female,37,5,131086.22949589748,2,1,1,143163.05139512522,0
4331,704,Spain,Male,48,2,92865.48311409935,1,0,0,187877.47778559278,0
4332,557,France,Male,34,7,112244.08791680147,1,1,1,83753.17279871034,0
4333,710,Germany,Female,42,7,133090.0894696483,1,0,1,74912.25860431172,0
4334,665,Spain,Male,52,5,0.0,2,1,0,158713.93265352666,0
4335,687,Germany,Female,52,3,137909.47126438058,2,1,0,180659.6105777746,1
4336,598,France,Male,42,7,0.0,1,0,1,26642.782999698655,0
4337,517,Germany,Male,39,5,141248.11782526234,1,1,1,197361.66715441688,0
4338,690,Germany,Male,22,8,110766.2338547476,3,1,1,106851.10999999825,0
4339,484,France,Female,31,6,180417.83501819285,1,1,1,198906.9051323807,0
4340,624,France,Female,35,8,109191.06976727513,2,1,0,12416.699413758619,0
4341,725,Germany,Female,29,7,145886.9823030709,1,0,1,179286.09098686517,0
4342,665,Spain,Female,40,3,0.0,2,1,1,28754.208303412375,0
4343,805,Germany,Male,57,5,151487.5272764712,2,0,1,157781.48173830475,0
4344,732,Germany,Male,53,6,0.0,2,1,1,10055.055639458797,0
4345,597,Spain,Male,40,3,124375.92279884861,2,1,1,35905.88159441404,0
4346,652,France,Female,45,3,120826.63125700146,1,1,0,40581.43331366265,1
4347,646,France,Female,30,9,153078.31358051245,1,0,1,125363.30343534691,0
4348,523,Germany,Male,52,2,144047.64391918044,2,0,1,141849.7900715769,1
4349,574,France,Female,22,9,69191.41342986218,2,1,0,27106.632305494288,0
4350,605,France,Female,47,5,150085.07529173445,1,0,1,87119.52078503596,0
4351,487,Spain,Male,42,10,175215.1818267306,1,1,1,143336.98558430685,0
4352,653,Spain,Female,30,1,0.0,1,1,1,182813.86325335488,0
4353,630,France,Male,35,10,107243.9975306849,1,1,0,46013.90552811864,0
4354,516,France,Female,26,3,71394.16945738558,1,0,0,90701.95918113792,0
4355,682,France,Male,27,7,0.0,2,0,0,53324.38164627217,0
4356,707,France,Male,22,2,0.0,1,0,1,17010.368105758163,0
4357,668,Germany,Male,45,7,64695.57536626482,1,1,1,96637.46883731245,0
4358,624,France,Female,50,6,157333.40876541316,2,1,1,89746.488404751,0
4359,697,Germany,Female,18,6,173093.8084455963,1,0,0,166102.82994741344,0
4360,704,Germany,Male,56,10,0.0,2,1,0,179196.02504648155,1
4361,674,Spain,Female,37,8,149951.186883798,1,0,0,77143.13230522377,0
4362,584,France,Female,40,3,110015.9916122998,1,1,1,144574.6393029283,0
4363,672,Spain,Female,23,10,116555.91163115235,2,1,1,119801.28160070727,0
4364,745,France,Male,51,7,0.0,1,1,0,156309.82642714522,0
4365,602,France,Male,40,1,106688.23709176357,1,1,1,37800.58698412626,0
4366,817,Germany,Female,49,2,137135.35729379702,1,0,1,164468.02304139908,0
4367,607,France,Male,50,3,156560.26765597984,1,1,0,124515.90467522129,1
4368,652,Germany,Male,51,8,99142.93165119992,3,1,1,155817.66112126768,1
4369,596,France,Male,31,0,0.0,1,1,1,89799.61394286463,0
4370,667,France,Male,35,6,0.0,3,1,1,11565.54860045758,0
4371,510,Germany,Male,31,1,0.0,2,0,0,184413.58830532065,0
4372,606,Spain,Female,46,4,0.0,1,1,0,148409.88598492413,1
4373,562,Spain,Male,41,0,0.0,2,0,0,141243.4839759383,0
4374,660,Spain,Male,48,5,120282.38927026198,1,1,0,99921.83530492568,1
4375,729,France,Male,49,2,124567.69851599871,2,1,1,18333.267018501912,0
4376,701,Spain,Female,20,5,112756.3350423818,1,1,0,36185.16678879471,0
4377,460,France,Female,51,7,135715.24158095146,1,1,1,93326.00374668361,1
4378,813,Spain,Female,47,7,114369.57617544371,2,1,0,160741.01059811233,0
4379,673,Spain,Male,34,3,0.0,1,1,0,179062.3932836421,0
4380,587,Germany,Male,41,6,0.0,2,0,0,96984.77939992152,1
4381,662,Spain,Female,36,5,0.0,1,1,0,199046.56775028064,0
4382,664,France,Female,44,1,132026.17934880292,1,1,0,196161.297625259,1
4383,596,Spain,Female,34,5,0.0,1,1,1,79096.59240657659,0
4384,665,France,Male,42,1,0.0,3,1,1,22315.3771571358,0
4385,601,France,Male,38,3,0.0,2,1,0,103648.21056441782,0
4386,617,France,Male,33,4,79338.12036323165,1,1,0,196102.03280933617,0
4387,595,Spain,Female,39,8,175869.9579876122,2,1,1,79507.85150126042,0
4388,535,France,Male,65,2,158245.14096914942,1,1,0,76774.66138468175,1
4389,661,France,Male,31,4,126713.97674020419,2,1,1,67760.99959494475,0
4390,696,Germany,Male,35,1,0.0,2,1,1,190508.9500435521,0
4391,691,Spain,Male,31,2,86115.21290804031,1,1,1,45774.96316260114,0
4392,715,France,Male,32,4,125476.77820433365,3,1,1,92704.3552090182,0
4393,675,France,Male,46,6,0.0,1,1,0,48847.46064322333,0
4394,607,Spain,Female,45,5,171987.73266199246,1,1,1,31230.20202664516,0
4395,717,Germany,Male,37,1,139963.2412857321,2,0,1,92933.36847552839,0
4396,541,France,Female,48,8,0.0,1,0,0,163126.09470961159,1
4397,577,Germany,Male,45,7,0.0,2,1,1,11472.347480358587,0
4398,572,Spain,Male,36,8,0.0,2,1,1,102158.35757609944,0
4399,736,Spain,Female,22,8,85008.13263584861,2,0,1,106125.24180035718,0
4400,725,Germany,Male,46,4,98551.32481313148,2,1,0,24438.68784080557,1
4401,688,Spain,Female,39,10,162397.69768188,3,1,0,195883.626999684,1
4402,735,Germany,Female,38,6,0.0,2,1,0,47586.84971374602,0
4403,579,France,Female,33,6,0.0,1,0,0,182258.28749770904,0
4404,677,Spain,Male,45,9,0.0,3,0,1,53567.90756207619,1
4405,639,Spain,Male,41,8,0.0,1,1,1,109679.0910604622,0
4406,717,France,Female,35,8,136079.7631913106,2,1,1,162042.55247617912,0
4407,640,Spain,Male,25,5,144540.0243582217,2,1,1,190459.96676322326,0
4408,619,France,Male,48,2,113743.3801585361,1,0,1,86282.46180958973,0
4409,693,France,Female,44,7,115292.05978940066,1,1,1,23318.464516551052,0
4410,720,France,Male,40,0,52720.1090815846,1,0,0,14367.676409344209,0
4411,596,Spain,Male,18,9,73079.03835437703,2,1,0,176022.87453565592,0
4412,645,Germany,Female,37,10,176084.80902548562,2,1,1,100955.44023964697,0
4413,565,France,Female,35,3,135784.3244827064,2,1,1,38490.30510974459,0
4414,450,Spain,Female,31,9,140561.12313747892,2,1,1,98186.5214513656,0
4415,666,France,Male,45,1,108080.74700403646,1,0,0,52263.666045985534,0
4416,698,Germany,Male,45,4,122225.702783315,1,0,1,142897.55652714934,0
4417,670,Spain,Male,42,6,137468.877682868,2,0,0,87405.97761670974,0
4418,494,Germany,Male,48,10,161038.22304085828,1,0,0,148346.2741238777,1
4419,621,Germany,Female,27,0,155303.03904173602,2,1,1,155350.93016265778,0
4420,472,France,Male,33,3,118118.29965748235,3,1,1,81101.20732307303,1
4421,759,Spain,Male,38,2,144330.275028559,2,0,1,136008.52190494654,0
4422,563,Germany,Female,31,3,123116.4434579105,2,0,0,157012.67150170627,0
4423,750,France,Female,45,5,0.0,1,0,1,19698.11657280559,0
4424,725,Spain,Female,32,9,0.0,1,0,0,46693.19417376494,0
4425,577,Germany,Female,50,5,145182.788795734,1,1,1,196635.3789191167,1
4426,559,France,Female,28,0,106675.32384226997,2,1,1,11369.305972053098,0
4427,678,Germany,Male,59,2,139729.94288197567,2,0,1,69457.00876476693,1
4428,582,Germany,Male,58,0,0.0,2,0,1,158615.80743957334,1
4429,658,Spain,Male,37,0,75322.4907480868,1,1,1,70098.44738308236,0
4430,611,France,Male,49,0,120096.97505191018,3,1,0,165690.49612202813,1
4431,507,France,Female,33,2,0.0,2,1,0,35139.01049108275,0
4432,471,France,Male,48,1,124085.5735094975,3,0,0,176590.19023311048,1
4433,668,Germany,Male,36,3,142665.22091170796,1,1,1,99814.54332923816,0
4434,605,Germany,Male,25,6,0.0,4,1,1,17009.351454795033,1
4435,605,Spain,Male,18,10,92189.79248838712,2,0,0,128428.2877342912,0
4436,705,France,Female,35,10,166855.760880463,3,0,1,62679.12575734316,0
4437,743,France,Female,40,1,0.0,2,1,0,143080.01378213015,0
4438,628,Germany,Female,51,1,0.0,1,1,1,181519.61522549542,1
4439,622,Spain,Male,38,10,146374.3061508731,1,1,0,25893.12564538396,0
4440,690,Germany,Female,48,6,93630.83615131219,1,1,0,56410.83701071244,1
4441,541,Spain,Female,33,8,150766.21861121425,1,1,0,84311.69391237218,0
4442,667,Germany,Female,34,10,103732.98719727201,4,1,1,192381.76058313204,1
4443,694,Spain,Female,48,2,99090.02031364029,2,1,1,87053.51632215401,0
4444,704,Spain,Female,18,9,150750.11611969574,2,0,0,31523.36838786672,0
4445,495,France,Female,38,7,77181.19341235951,1,0,1,66551.91905056415,0
4446,589,Germany,Female,34,5,86772.27808463294,1,0,0,13670.247863065653,1
4447,579,Spain,Female,51,5,0.0,2,1,1,46325.39916539997,0
4448,657,France,Male,32,2,69825.63944304967,1,1,1,125846.6837854942,0
4449,688,France,Female,43,9,122070.79783649468,1,1,1,42068.11254824452,0
4450,769,France,Female,47,8,104190.10170061784,1,0,1,184261.17322514547,0
4451,610,Spain,Female,23,8,127976.43780590821,2,0,0,145525.1447221632,0
4452,610,France,Female,36,3,0.0,2,0,1,140762.45962888777,0
4453,741,France,Male,33,9,0.0,1,1,1,94973.13528442217,0
4454,673,Spain,Male,47,5,77938.52375369932,1,1,0,158263.90857142466,0
4455,751,France,Male,44,4,106413.68255194875,1,1,1,45614.69793196964,0
4456,673,Germany,Female,35,3,94719.13894012145,2,0,0,94247.11177304885,0
4457,557,France,Male,27,1,119838.49449370323,2,0,0,198826.1404898686,0
4458,543,Spain,Male,48,3,0.0,1,0,1,64483.54939092111,0
4459,525,France,Female,37,6,173784.2824885637,1,1,1,86976.06467976468,0
4460,702,France,Female,21,2,104639.70689852964,2,1,1,51863.757353291934,0
4461,745,France,Female,22,2,0.0,3,1,0,24408.306353529464,0
4462,797,Germany,Female,42,10,0.0,2,0,0,86665.94170616502,0
4463,717,Germany,Female,25,2,130589.77046381323,1,1,1,37600.336273553025,0
4464,743,France,Female,56,8,118875.44240542232,1,0,1,107211.67944759193,0
4465,603,Spain,Female,28,0,0.0,2,1,0,153012.03258974978,0
4466,557,France,Male,37,4,0.0,2,1,0,171145.46836860126,0
4467,718,Germany,Male,39,8,125016.67377842915,2,0,0,41923.37282159141,0
4468,683,Germany,Female,30,6,0.0,2,1,0,181310.65746106126,0
4469,658,Spain,Female,18,0,159030.4046391097,1,1,1,78301.24014487308,0
4470,680,Spain,Female,39,3,191253.23147662892,2,1,0,95098.22803335852,0
4471,675,Germany,Male,30,5,0.0,1,1,0,120671.35561262189,0
4472,752,Spain,Male,39,4,84599.21866448506,2,1,1,38314.85849107235,0
4473,753,Spain,Female,36,1,56809.148981689745,1,1,0,169909.42099478975,0
4474,693,Germany,Male,40,0,138259.0273716192,1,1,1,159972.39894946574,0
4475,717,Spain,Male,53,10,76963.62490095178,1,1,0,99854.5706783475,1
4476,691,Spain,Male,32,3,172507.5595849469,1,0,0,70342.09535695735,0
4477,613,Germany,Male,33,9,120402.29846650982,1,1,0,104421.03846446957,1
4478,710,Spain,Female,21,4,0.0,2,1,1,134324.2688614122,0
4479,538,Spain,Female,36,3,119169.33701736748,2,0,1,143063.39592124868,0
4480,734,France,Female,42,2,127451.19282650323,2,0,1,93161.68875879968,0
4481,554,France,Female,33,9,147857.4450983242,2,1,0,15044.784294038007,0
4482,672,France,Female,42,7,117725.65480414839,1,1,0,145474.93416440082,0
4483,582,Spain,Female,36,5,125132.57468650673,2,1,1,70763.84409256588,0
4484,694,France,Male,24,10,136026.9861099687,1,1,1,176978.1350839454,0
4485,647,Germany,Male,41,2,0.0,2,0,0,90115.08269586919,0
4486,522,Spain,Female,35,5,0.0,1,1,1,161188.7991985722,0
4487,683,Germany,Male,39,9,105166.55152286576,2,0,1,79768.85722078838,0
4488,603,France,Female,32,7,153088.54819318219,1,0,1,80459.88357166959,0
4489,720,Germany,Female,31,6,172031.0024522971,1,1,0,154887.04806149958,1
4490,650,Spain,Female,39,0,0.0,2,1,1,112509.08010228754,0
4491,681,Spain,Female,35,5,137010.01797705117,1,0,0,58705.367643243546,0
4492,573,France,Male,55,0,107624.88201372034,1,0,1,169503.91387923033,0
4493,602,Spain,Male,45,3,161414.21580148902,2,1,1,129686.6459956029,0
4494,613,Spain,Female,43,9,109994.4118287759,2,1,1,130545.66970329772,0
4495,718,Spain,Male,36,2,105876.71696485032,2,0,1,158919.2404338342,0
4496,784,Germany,Male,18,6,0.0,2,0,1,129793.95677743263,0
4497,585,Germany,Female,29,1,47490.012748761175,1,1,0,59044.12646261868,1
4498,736,Germany,Female,31,3,121117.48472955274,2,1,1,11962.253594034972,0
4499,476,Spain,Female,35,4,121866.08439806664,1,0,1,159846.6987674266,0
4500,554,Germany,Male,37,1,0.0,2,1,0,191900.1860820233,1
4501,573,Germany,Male,44,8,115441.76509552951,1,1,1,146687.8755691704,1
4502,541,France,Male,40,1,0.0,1,1,0,166967.16481952227,0
4503,523,France,Male,49,5,0.0,1,0,1,174118.33807717697,0
4504,683,France,Male,34,7,0.0,1,0,0,58055.84112464183,0
4505,632,France,Male,40,6,139214.01716675638,1,1,1,77805.67160281139,0
4506,680,France,Female,41,5,0.0,3,1,1,149457.52713666568,1
4507,705,France,Female,40,7,130009.25677065444,1,1,1,93495.94168926046,0
4508,671,Spain,Female,50,4,135546.3540016888,2,0,1,131003.97911957085,0
4509,702,France,Female,46,9,0.0,2,0,1,61147.10002863273,0
4510,644,France,Male,24,8,129484.29436435498,3,1,0,145832.6978880522,0
4511,555,Germany,Male,36,1,120387.9344863798,1,1,1,122887.88239062902,0
4512,734,Germany,Female,37,5,84129.62523640864,2,1,0,191950.11977961997,0
4513,602,Germany,Female,59,9,128946.9985788977,3,0,1,185465.28159029188,1
4514,575,Spain,Female,34,10,0.0,1,1,1,116638.58154465142,0
4515,635,France,Male,28,6,0.0,2,1,0,57819.748486476885,0
4516,576,France,Female,42,8,127728.82323034416,1,1,0,83929.25704740977,1
4517,616,France,Male,42,4,158726.42606322403,1,1,1,150260.0969653484,0
4518,677,France,Female,37,5,0.0,2,1,0,90105.01912303254,0
4519,677,France,Male,35,8,171908.611889362,2,0,1,166229.769495199,0
4520,578,Germany,Female,47,9,164732.22684026306,2,1,0,55359.81938637656,1
4521,610,France,Male,29,5,97467.53228563172,1,0,1,156527.98472725454,0
4522,735,France,Female,34,10,103501.73082523322,2,0,0,159133.2917258153,0
4523,689,France,Male,32,0,114697.4410799391,2,1,1,45008.0969252017,0
4524,816,Spain,Male,48,3,81807.77128130691,1,1,0,26783.076269759207,0
4525,744,France,Female,40,3,92109.77125310426,1,0,1,124264.15952273863,0
4526,741,France,Male,27,2,54206.10463233954,1,1,0,157180.391621499,0
4527,538,France,Female,28,7,139219.0706715524,2,1,1,188161.99782959133,0
4528,711,France,Male,56,5,142195.898813221,2,1,0,139673.4555326447,0
4529,645,France,Female,48,6,73215.69154271448,1,1,0,139799.32568063942,1
4530,605,Spain,Male,46,8,74432.19627080811,1,1,0,92390.53145465434,1
4531,663,France,Male,38,7,0.0,1,1,0,70204.7039012392,0
4532,725,Germany,Female,53,2,122514.65459435256,2,1,1,90259.99225038257,0
4533,690,Spain,Male,26,3,157742.26323164153,1,1,1,142380.8310728038,0
4534,579,Spain,Male,45,0,99546.34545112908,2,1,0,196892.00853636453,0
4535,709,France,Female,33,3,0.0,2,0,0,140240.34826166194,0
4536,598,France,Male,35,8,123391.52180840877,2,0,0,120090.76939681193,0
4537,667,France,Male,45,4,0.0,2,1,1,88224.74808131975,0
4538,625,Spain,Female,36,2,165377.24444832612,1,1,0,83700.42830978474,0
4539,632,Spain,Female,33,1,0.0,1,1,1,92119.84922083211,0
4540,711,France,Male,33,5,153340.536330776,1,1,1,103723.70803324545,0
4541,566,Spain,Female,18,3,93526.43781787525,2,1,1,92239.63943071391,0
4542,805,Germany,Female,45,5,65982.61708494263,1,0,1,176161.10797235748,0
4543,504,Germany,Male,27,2,126597.6892679699,2,1,1,13309.804997290246,0
4544,602,France,Male,56,2,157732.98225181777,1,1,0,116912.29954299043,1
4545,679,Spain,Male,35,0,113267.51303467149,1,0,1,170389.14511208964,0
4546,696,France,Female,51,8,153041.0819573362,1,0,0,92821.73686611552,1
4547,641,Spain,Male,19,6,96406.73875708549,3,1,0,175435.24803397598,0
4548,645,France,Female,45,8,0.0,1,1,1,123696.58868780533,0
4549,682,France,Female,47,10,147466.31237473397,2,1,1,62663.09829865659,0
4550,631,Germany,Male,51,0,130203.83815894795,2,1,1,51107.566051968526,0
4551,761,Spain,Male,22,7,0.0,1,0,1,18374.342331784406,0
4552,717,France,Female,30,1,102691.50458703532,1,1,1,143699.49295991482,0
4553,719,France,Male,43,2,112246.10752970145,1,0,0,133651.48818455578,0
4554,572,Spain,Male,39,0,0.0,2,1,1,158750.97876522696,0
4555,643,Germany,Female,40,6,116124.19979823612,2,1,0,191595.5685522707,1
4556,625,Spain,Male,34,10,69777.71846014349,1,1,0,72437.66595352933,0
4557,569,Germany,Male,53,4,0.0,2,1,1,56053.527549942104,1
4558,678,France,Male,64,10,119536.77440354764,2,1,0,62721.090022320735,1
4559,606,Spain,Male,39,2,131572.0456125994,2,1,0,115464.01469695222,0
4560,702,Germany,Male,42,3,0.0,1,0,1,98425.73509978082,0
4561,564,Spain,Female,38,9,0.0,2,1,0,27012.90947993524,0
4562,787,France,Female,50,5,145688.2239962775,2,1,1,51678.638875288605,0
4563,578,Spain,Male,46,5,187989.8562455487,1,1,0,115556.35031830339,1
4564,667,Spain,Male,27,1,114830.44909615107,2,1,1,195168.73729818003,0
4565,713,Spain,Male,31,6,0.0,1,1,0,155139.10376574207,0
4566,604,Germany,Male,27,1,79284.0982388719,2,1,0,196764.13503322727,0
4567,718,Germany,Male,64,8,117775.97311506602,2,1,0,146999.36660075534,1
4568,551,Spain,Male,44,1,111835.18434998568,1,0,1,197589.48338159503,0
4569,766,France,Female,32,4,84300.56750876358,2,1,0,57436.23731138824,0
4570,651,France,Male,31,7,135143.9804482697,2,0,1,183916.74795791958,0
4571,602,Germany,Male,46,7,148964.63940765616,2,0,0,137033.78652482346,1
4572,626,Germany,Male,47,10,135202.80127874808,1,1,0,123626.3376754518,1
4573,714,France,Male,45,3,123027.5951187652,1,1,1,143299.4118853311,0
4574,603,Spain,Female,33,6,0.0,2,1,1,118150.12236191239,0
4575,590,France,Male,41,7,0.0,1,0,1,78464.1008786497,0
4576,632,France,Female,39,7,132039.8139298639,1,0,0,164575.71199920776,0
4577,555,Spain,Male,28,4,107231.96699598446,1,1,0,80588.74714278193,0
4578,795,Spain,Female,28,9,175570.97699437645,1,1,0,91819.544919123,0
4579,604,France,Female,42,1,41971.58919374313,2,0,0,159846.47257370388,0
4580,716,Germany,Male,39,1,121506.50944536546,3,1,1,195069.5888447069,1
4581,666,Germany,Male,43,4,127978.57646435412,1,1,0,69651.9821773209,1
4582,571,Germany,Female,45,3,183739.05278352764,1,1,1,196146.5834979249,1
4583,649,France,Male,52,3,114213.38349029866,1,1,1,178720.18390732983,0
4584,712,Spain,Female,30,2,102647.88365211547,1,0,0,47638.60861611041,0
4585,634,France,Male,44,8,134309.13708983845,1,1,0,40509.04653660787,0
4586,745,France,Male,45,7,36351.57126952705,2,0,0,165529.74006984898,0
4587,731,Spain,Male,34,3,64884.40503044179,2,1,0,22639.231786038756,0
4588,723,Germany,Female,39,6,63511.12741998438,2,1,0,197053.43413407472,0
4589,613,France,Male,35,7,115091.12259461632,1,0,0,48998.080503548124,0
4590,563,Germany,Male,59,5,0.0,2,0,1,14493.484804554686,1
4591,600,Germany,Female,39,1,157791.79417153762,2,0,1,136304.26095165056,0
4592,665,Germany,Male,42,7,0.0,2,1,0,118236.89065377321,0
4593,693,Germany,Male,35,2,0.0,2,0,1,183132.5783517003,0
4594,476,France,Male,33,3,119354.54603450497,1,1,0,36113.50840135305,0
4595,649,Germany,Female,24,3,135809.4735169015,1,0,1,45273.151847256784,0
4596,662,France,Female,48,6,140241.58909308157,1,1,0,148759.03004599814,1
4597,627,Germany,Male,45,7,106824.99332073303,2,1,0,84277.9208790886,1
4598,753,France,Male,34,8,0.0,1,1,0,129416.30371040924,0
4599,683,France,Female,28,0,114799.37413831826,3,0,1,16625.661310748357,0
4600,754,Spain,Female,39,0,97448.92140096944,1,0,0,163433.0023785751,0
4601,632,France,Male,33,6,118494.17514497523,3,1,1,60052.980783192324,0
4602,724,France,Male,35,3,152099.32206007285,1,0,1,111266.99619354117,0
4603,780,France,Male,25,9,0.0,2,1,0,141919.04424287475,0
4604,754,Germany,Female,40,7,97004.42184325207,2,1,1,41553.05710989954,0
4605,562,Spain,Female,40,4,123852.6246505163,2,1,1,24981.914876134215,0
4606,629,France,Male,48,0,150991.70016256894,1,1,0,10079.998225774389,1
4607,622,France,Male,36,1,102325.05779356885,2,1,0,20975.40098883232,0
4608,689,France,Male,34,9,0.0,2,1,0,183069.562382818,0
4609,704,Spain,Male,22,2,148551.72690143329,2,1,1,108659.10577941495,0
4610,582,Spain,Male,49,1,128824.84489612251,1,0,1,22305.325247192573,0
4611,655,France,Female,46,8,0.0,2,1,1,199326.43806045823,0
4612,488,France,Male,38,6,0.0,1,1,0,27202.463725813905,0
4613,765,France,Female,24,1,0.0,1,1,1,184453.2193270583,0
4614,609,France,Male,25,6,0.0,1,0,0,51634.15006459244,0
4615,654,France,Female,32,9,162984.30303400353,1,1,1,143512.69775655624,0
4616,625,Germany,Male,47,0,139358.7443192963,1,1,0,54317.59780364363,1
4617,741,France,Male,40,4,82199.21709297091,1,0,0,198497.76341566414,0
4618,422,Spain,Female,23,4,139810.45719261264,1,1,1,44104.168125705335,0
4619,648,Spain,Male,42,8,162591.00985838036,1,1,1,76622.09533322175,0
4620,641,France,Female,29,3,0.0,1,1,1,35890.870121776905,0
4621,613,Spain,Female,32,3,134148.5887222335,2,1,0,104024.97176746091,0
4622,788,Spain,Male,47,5,132292.67216189625,2,1,1,91648.47579105204,0
4623,579,France,Female,45,10,100337.77799537031,1,0,0,164593.92498633298,1
4624,711,Germany,Female,48,1,62573.51719265601,2,1,1,172333.88408377828,0
4625,678,France,Female,37,9,0.0,2,1,1,173049.3669900159,0
4626,750,Germany,Female,46,5,135001.30862898557,1,0,0,16982.777392080625,1
4627,596,Spain,Male,32,6,101337.49214091664,1,1,0,44188.77013202918,0
4628,591,Spain,Female,35,3,166510.9912393149,1,1,0,131428.89750514698,0
4629,737,Germany,Female,34,9,120846.97516668511,2,0,1,124336.0978594825,0
4630,684,Germany,Female,38,8,124053.44228076427,2,0,0,163240.86489670977,0
4631,526,Spain,Female,25,4,111983.38664341143,1,1,1,157210.74198380194,0
4632,606,Germany,Male,35,2,111402.14498508006,3,1,0,50991.34332121181,1
4633,680,France,Male,52,8,112576.63578382018,2,1,0,75348.04103801382,0
4634,717,Spain,Female,27,0,0.0,2,1,1,117480.77874189957,0
4635,595,France,Female,24,7,0.0,1,0,0,173923.83059139995,0
4636,416,France,Male,25,0,102923.49950583556,2,1,1,109789.6880931742,0
4637,691,Germany,Female,64,9,140189.09340516172,2,1,0,141165.075344615,1
4638,552,France,Female,42,7,0.0,2,0,0,83269.0150248605,0
4639,488,France,Female,35,4,148755.23397530805,2,1,1,28492.34224604609,0
4640,423,Germany,Female,38,6,123011.83100886915,1,1,0,93994.72326220541,1
4641,715,France,Female,40,7,96118.782978015,1,0,1,40323.93177464776,0
4642,660,France,Female,31,10,84488.67604535897,1,1,0,78084.52636924488,0
4643,631,Spain,Female,32,0,119290.23401742733,1,1,0,67576.09291810496,0
4644,761,Spain,Male,36,0,0.0,1,0,0,56614.68692008471,0
4645,700,Germany,Male,30,6,165974.67780196684,2,1,0,140260.43162784493,0
4646,779,Spain,Male,34,0,0.0,1,1,0,48164.86164575265,0
4647,538,Spain,Male,41,3,152488.07620880695,1,0,1,138644.85026622342,0
4648,647,Spain,Male,28,5,173095.479864705,1,1,0,17375.70351417505,0
4649,520,France,Female,64,1,95557.73836615168,1,1,0,138122.84422037395,1
4650,631,Spain,Female,45,9,133468.80654256922,3,0,1,18081.018226860062,1
4651,630,Germany,Male,25,4,0.0,3,1,0,43822.92205875428,1
4652,700,France,Female,18,9,133970.08786884666,2,0,0,105607.57561757762,0
4653,653,France,Male,31,9,149958.72557219493,2,1,0,197701.99875112713,0
4654,699,France,Male,44,10,105571.40057831512,1,0,1,131200.4570928096,0
4655,706,Spain,Female,42,10,131980.58036380383,2,0,1,10650.480953108256,0
4656,822,France,Male,36,9,122764.15228749001,4,0,0,157416.3842420226,1
4657,624,Spain,Female,31,10,0.0,1,0,0,74713.21229964189,0
4658,574,Germany,Male,28,5,115304.20071879962,3,0,0,198499.1478462121,1
4659,669,Spain,Male,33,4,80331.58655527196,1,0,1,125212.3761700234,0
4660,585,France,Female,27,9,163054.8515629304,2,0,1,185816.9828561563,0
4661,768,Germany,Male,34,7,0.0,2,0,0,19288.66354856368,0
4662,627,France,Female,51,10,0.0,2,0,1,80127.28690530031,0
4663,604,Spain,Male,30,3,161800.05122066842,1,0,0,64608.18467516919,0
4664,612,Spain,Male,44,7,150037.8637548577,2,0,0,81171.04606113162,0
4665,707,France,Female,45,10,74090.07441568516,1,1,0,67898.73929417,1
4666,637,Germany,Female,27,2,0.0,1,0,0,62856.76808262227,1
4667,598,France,Male,29,6,128426.45882605737,1,0,1,101434.28817101479,0
4668,783,Germany,Male,48,4,0.0,1,1,0,158293.3028075042,1
4669,581,France,Female,28,4,137082.50177566288,1,1,0,132855.48816673493,0
4670,652,France,Male,37,5,0.0,1,1,1,80228.46857947236,0
4671,702,France,Male,58,4,98876.49844875866,2,1,0,122015.57981177823,0
4672,519,France,Female,47,0,0.0,1,1,0,182321.94602453703,1
4673,688,Spain,Female,38,8,22607.658313051666,2,1,1,61056.350408004946,0
4674,565,Spain,Male,46,10,146436.60978931087,2,1,1,105103.03525628455,0
4675,715,Germany,Male,37,3,0.0,1,1,1,183211.08183597215,0
4676,572,France,Female,48,4,104281.78969982851,2,1,1,148901.0182079226,0
4677,705,France,Female,18,0,0.0,1,1,0,43201.14516598702,0
4678,738,Spain,Female,36,2,93573.86987658788,3,1,1,160744.8480822647,0
4679,718,France,Male,18,2,104968.75097985724,1,0,0,162429.45571989907,0
4680,670,Spain,Male,39,7,157790.03001721308,2,0,0,151720.87618766393,0
4681,631,Spain,Male,35,10,96998.66406042669,2,1,0,123202.62165878646,0
4682,603,France,Male,51,7,108200.59090166217,2,1,0,32420.437429649075,0
4683,767,Germany,Male,45,8,109206.75883710432,1,0,0,99154.50437000078,1
4684,594,Spain,Female,32,9,0.0,2,0,1,26468.420630428416,0
4685,567,Spain,Female,33,6,0.0,2,1,1,108592.04215826586,0
4686,703,France,Female,41,5,84281.54657632296,1,0,0,86977.30607923958,0
4687,586,France,Male,32,7,108533.4810130539,2,1,1,11123.21682928176,0
4688,573,France,Female,37,2,96190.97446044923,2,1,0,157765.05144253292,0
4689,534,France,Female,51,9,59391.059621349785,1,0,0,133645.22992846684,1
4690,611,France,Male,29,9,130039.72875905622,1,0,1,55747.2888360852,0
4691,643,Germany,Male,33,9,115486.84307592681,1,1,1,131987.56278359727,0
4692,669,Spain,Female,34,7,0.0,1,1,0,113384.22512058415,0
4693,726,Spain,Male,69,2,136781.90074485753,2,1,1,106542.28881067142,0
4694,692,France,Male,44,1,133451.5616826717,2,0,0,81519.10918442873,0
4695,634,Germany,Male,49,8,105111.41897137562,1,1,1,18254.00343037558,1
4696,634,France,Male,45,0,84949.60990805866,2,1,1,197372.4484643191,0
4697,690,Germany,Female,46,9,119318.39980064865,2,1,1,106860.7706950699,0
4698,751,Germany,Female,42,9,202591.68219884526,1,0,1,20402.13621378538,0
4699,660,Spain,Male,41,1,113060.3062226863,3,1,1,19629.37720480984,0
4700,612,Germany,Female,23,6,101218.74790676901,2,0,0,156216.9904484471,0
4701,570,Spain,Female,41,0,106920.67299459086,2,1,1,75498.2665234965,0
4702,534,France,Female,36,4,76923.55088846551,2,0,1,91478.68892674855,0
4703,703,France,Male,43,8,0.0,1,0,1,126901.61400786116,0
4704,696,France,Female,37,8,88464.4576273485,1,1,1,10397.925073281804,0
4705,696,France,Male,45,10,76866.5074002666,1,1,0,108025.06468211392,0
4706,639,Spain,Male,47,3,0.0,2,0,1,141631.84881522373,0
4707,762,France,Male,18,9,163359.01896471775,1,1,1,84622.58344141007,0
4708,611,Germany,Male,33,1,0.0,2,0,0,40832.53608446315,0
4709,726,France,Male,19,8,111213.25480347929,3,1,0,171877.10965050038,0
4710,646,France,Male,40,10,106163.42665952975,2,0,0,85486.88497892611,0
4711,601,Germany,Female,34,3,101725.84457116238,1,1,0,199322.38254960123,1
4712,697,France,Male,51,2,102197.81597742352,2,1,1,111752.90781656801,0
4713,682,Spain,Female,40,2,111610.9157298043,2,1,1,34017.86249886488,0
4714,678,Germany,Female,33,6,149345.96895718665,2,1,1,25128.50881399575,0
4715,656,France,Male,47,1,94725.84671375465,2,1,1,49574.13969735176,0
4716,646,Spain,Male,34,4,180263.61708729836,1,1,1,180036.15257048895,0
4717,841,France,Female,33,1,154074.52028066755,2,1,1,103505.23927673021,0
4718,744,Germany,Male,41,6,185137.80868941188,1,0,1,167300.63779713155,0
4719,707,Spain,Female,54,6,70002.036233375,1,1,0,137457.48412368592,1
4720,658,France,Female,46,2,105098.77398363649,1,1,1,173059.6702462402,0
4721,730,Germany,Male,43,2,129947.73543369304,1,1,1,108376.64118592227,0
4722,691,France,Male,65,7,121533.54754914204,2,0,0,165619.71072805056,1
4723,652,Germany,Male,30,6,144179.1802246121,2,1,1,189178.09264413908,0
4724,625,Germany,Female,30,3,0.0,2,1,0,37476.04774440943,0
4725,643,Germany,Female,39,1,88551.64753888432,2,0,1,199429.28310877876,0
4726,396,Germany,Female,53,2,99215.01131672788,2,0,0,150444.63605835158,1
4727,666,France,Male,28,10,117171.14671999078,2,0,1,119149.83736802472,0
4728,610,Germany,Male,55,10,0.0,2,0,1,198521.27505956867,1
4729,777,France,Male,23,10,108851.68207823538,1,1,1,41667.113268850924,0
4730,651,Spain,Female,36,2,0.0,1,1,0,133056.2745843007,0
4731,554,France,Male,39,4,159533.6166519065,2,1,0,45777.30382202125,0
4732,646,Germany,Male,29,6,0.0,1,1,0,106631.63614753517,0
4733,566,Spain,Female,31,3,39623.46672486384,1,1,0,17523.15732541037,0
4734,687,Germany,Male,45,0,120344.56439707115,2,1,1,75300.66331633611,0
4735,673,France,Female,52,2,152905.42099700103,4,0,0,175929.0477634222,1
4736,726,Germany,Male,18,2,69726.24438865426,1,1,0,154125.4766011461,0
4737,586,Germany,Male,39,0,0.0,1,1,0,85401.4835597533,1
4738,652,Spain,Female,36,7,0.0,1,0,0,42515.177980426524,0
4739,540,France,Female,39,3,117647.9436573906,1,1,0,21776.72591392573,1
4740,706,France,Male,34,4,111939.12831289621,2,1,0,191074.30632425848,0
4741,691,France,Male,25,2,159856.93656180287,2,0,1,92157.98868846972,0
4742,689,France,Male,53,3,0.0,1,1,1,146876.655704831,0
4743,650,France,Female,49,0,116875.15395891554,2,1,1,182558.6674782068,0
4744,683,France,Male,36,3,115238.65357109533,1,0,0,149948.85556124902,0
4745,778,France,Female,33,1,155825.58068432187,1,0,0,99001.64266142093,0
4746,627,France,Male,31,9,0.0,1,1,1,80136.65599293642,0
4747,661,France,Female,18,5,114593.16650682733,2,0,1,175893.0398898319,0
4748,563,Germany,Male,41,1,111309.90724637019,1,1,1,70589.65376856938,0
4749,580,Spain,Female,45,8,61330.40701298258,2,1,1,72156.92755460952,0
4750,657,France,Male,39,1,0.0,2,1,0,153812.1578388212,0
4751,738,Spain,Male,37,3,119401.77970354617,2,1,0,121305.87985194464,0
4752,629,Spain,Female,39,3,126153.75331130922,2,1,1,91315.17981888061,0
4753,631,Germany,Male,29,10,94637.55631579853,1,1,0,95605.9439316249,0
4754,617,France,Female,33,0,0.0,2,1,0,120878.71681592573,0
4755,607,France,Male,36,10,99741.20081218341,1,1,0,93111.212976344,0
4756,673,Germany,Male,44,6,64058.9012278323,1,1,0,70168.85914118879,1
4757,530,France,Female,51,0,100835.87225417586,1,0,1,182155.62497835592,1
4758,752,France,Male,35,7,199278.03938211544,2,1,0,106213.98193306832,0
4759,596,France,Female,27,2,135817.61144248734,3,1,1,47735.07134894618,0
4760,707,France,Female,38,7,125872.28235058511,2,1,1,41267.135716631135,0
4761,548,Germany,Female,58,7,88601.16238922864,2,1,1,64649.67214527801,1
4762,703,France,Male,28,9,92219.21219739909,1,0,0,197439.60182592206,0
4763,703,Germany,Male,46,9,112992.10510749776,1,1,0,185688.43847017118,1
4764,680,Germany,Female,51,4,50872.765338856916,2,1,0,27497.62613543167,1
4765,570,Spain,Male,34,2,126686.8284903107,2,1,0,26013.191990469943,0
4766,669,France,Female,30,10,104236.70951935477,1,1,1,82548.66402693848,0
4767,555,France,Male,43,10,202467.09375103985,1,1,1,107514.25432789508,0
4768,629,France,Male,41,10,163166.28021718704,1,0,1,67680.96574287169,0
4769,732,France,Female,44,8,139810.6907360773,4,1,0,134660.1086817853,1
4770,713,Spain,Female,58,0,105438.39472180854,1,0,1,91428.27975261245,0
4771,651,France,Female,39,0,0.0,1,0,1,112088.58691593693,0
4772,572,Germany,Female,26,1,86556.2242127567,2,0,0,63313.62130559828,0
4773,701,Spain,Female,38,9,0.0,2,1,0,23196.954197849907,0
4774,651,Spain,Male,40,5,102966.87481197782,2,1,1,141504.00561888758,0
4775,464,Germany,Female,50,1,134198.8780267706,3,1,0,147970.28338186734,1
4776,712,France,Female,36,3,113256.11982277887,2,1,1,100061.61617525184,0
4777,648,France,Female,33,5,85557.96434378432,3,1,1,173845.92050142682,0
4778,746,France,Male,24,1,0.0,2,1,0,68186.71200968925,0
4779,562,France,Female,43,3,0.0,1,0,0,147586.63375003805,1
4780,395,Spain,Male,71,6,0.0,1,0,1,120233.3805353121,1
4781,672,France,Male,35,0,157665.27525693263,2,0,1,91588.39838876424,0
4782,673,France,Male,42,8,0.0,1,1,1,50286.54102470798,0
4783,514,Germany,Male,32,9,88138.53490655597,1,1,0,135551.94913606334,1
4784,571,France,Male,25,9,113106.06743823507,2,1,1,40408.43451360139,0
4785,850,Spain,Female,42,6,194042.8346794155,1,1,1,147769.46647747362,0
4786,625,France,Female,38,8,80843.18101075783,1,0,0,50842.42478512795,0
4787,708,France,Male,18,6,0.0,2,1,0,13288.01582259033,0
4788,597,Spain,Female,54,10,89398.91783464176,1,0,1,67578.86386747948,1
4789,482,Germany,Male,42,0,53799.11233711308,2,1,1,174186.3754812543,0
4790,636,France,Male,38,6,183567.26538462736,3,0,0,15460.238043325555,1
4791,628,France,Male,33,10,122701.07616772897,1,1,0,21854.576693043025,0
4792,618,France,Female,42,8,137183.02657790857,1,0,0,111418.32078656851,1
4793,640,France,Male,42,7,123227.97228669531,1,1,0,10782.380356971014,0
4794,671,France,Male,42,3,145263.746358783,2,1,0,131340.85640458803,0
4795,637,Spain,Male,48,4,150925.4207828875,1,1,1,128629.72636806192,0
4796,548,France,Female,50,2,94344.72699849652,2,1,1,52010.26148781808,0
4797,688,France,Female,58,9,182189.78837768253,2,0,0,92655.33743682466,1
4798,494,Spain,Male,29,9,166235.43704653822,1,1,1,155576.73727207212,0
4799,485,France,Male,32,1,0.0,1,0,1,48315.264459255035,0
4800,709,France,Female,41,2,91675.50488590047,1,1,0,124594.72715415951,0
4801,690,Germany,Female,30,6,0.0,1,1,1,93413.04780012193,0
4802,645,France,Male,31,7,0.0,2,0,1,84909.96888269851,0
4803,538,Germany,Female,42,1,0.0,1,0,0,72575.24632549907,1
4804,593,France,Female,47,8,150423.00579785835,1,1,1,113477.41563903107,0
4805,628,France,Male,50,3,0.0,2,0,1,57735.677967205345,0
4806,522,France,Female,36,1,0.0,2,1,1,130966.44281665407,0
4807,590,France,Male,42,6,0.0,1,1,0,31708.350244074074,0
4808,702,France,Female,40,10,0.0,1,0,1,173091.04182997652,0
4809,764,France,Male,38,1,99638.8582232273,2,1,1,155277.09350681384,0
4810,616,Germany,Male,29,6,68676.89106267682,2,1,0,88997.46883517258,0
4811,710,Spain,Female,28,7,128344.7974327796,2,0,1,43855.98715185675,0
4812,496,France,Female,44,8,0.0,2,1,0,85055.23845848636,1
4813,702,Spain,Male,29,10,144151.83154630294,2,1,1,138097.82174712588,0
4814,585,Germany,Male,20,0,103645.18774043494,3,1,0,79568.36096650592,1
4815,674,Spain,Male,37,1,0.0,1,0,1,25651.509762224137,0
4816,630,France,Female,52,1,121409.79663471172,1,1,1,30732.108337710135,0
4817,755,Germany,Female,18,6,0.0,1,1,1,142344.07808187584,0
4818,580,France,Female,35,5,0.0,1,1,1,172791.8648494505,0
4819,700,France,Female,44,10,149798.06502667564,1,1,0,167558.20356895082,1
4820,627,Spain,Female,19,8,0.0,1,1,1,151420.65794787143,0
4821,637,Germany,Male,35,2,0.0,2,1,1,154406.26102389564,0
4822,635,Germany,Female,26,7,118343.17491568555,2,0,0,196329.25142698077,0
4823,582,Germany,Male,27,4,118663.12573795418,1,1,1,39637.911647105444,0
4824,648,France,Female,33,4,97424.78710304457,1,0,1,113612.09813842556,0
4825,644,Germany,Male,26,9,92794.5686951262,1,1,1,59944.134239566316,0
4826,669,France,Male,25,10,0.0,1,0,1,53752.33697856894,0
4827,656,France,Male,37,4,0.0,1,0,1,87765.34774126689,0
4828,713,Spain,Female,60,7,135512.9027617232,2,1,0,73958.55644333219,1
4829,723,France,Male,45,6,150696.12658603038,1,1,1,134300.07685942538,0
4830,565,Spain,Male,48,10,144321.7727620853,1,1,1,88810.26398871285,0
4831,719,France,Female,45,6,107676.46579831821,2,1,0,64184.41918936963,0
4832,555,Germany,Female,31,3,197104.16982645064,3,0,0,25915.04473746077,1
4833,697,France,Female,41,5,172315.0629370473,1,0,1,65259.2147466998,0
4834,699,France,Male,48,0,90859.45150275185,1,1,1,101940.75073380352,0
4835,497,Germany,Female,46,5,128463.12431678666,1,1,1,125342.13880258848,1
4836,657,France,Male,39,4,97743.33041743597,2,1,0,131469.24864579778,0
4837,612,Spain,Male,43,0,0.0,2,1,0,49793.45041997755,0
4838,589,Spain,Male,62,10,111120.33348966873,2,0,1,87684.32263696876,0
4839,758,Spain,Male,46,0,156397.57591722818,1,1,1,86595.85588217706,0
4840,597,Spain,Male,34,2,86569.34942626799,2,1,1,12833.3152201159,0
4841,585,France,Male,37,3,0.0,1,1,0,177985.31430756795,0
4842,656,Germany,Female,27,0,138124.42996540328,1,1,0,138042.32762900856,1
4843,704,France,Male,61,9,80916.1974258995,1,1,0,135820.97465219587,1
4844,638,France,Male,54,6,0.0,1,1,1,119880.0093358573,0
4845,743,France,Male,38,1,104609.55884851891,2,1,0,97549.44222146852,0
4846,692,Spain,Female,59,10,0.0,4,1,0,52711.13052598347,1
4847,475,Spain,Male,44,3,150400.64016323135,1,0,1,84561.36638216693,0
4848,607,Germany,Male,33,8,121679.56464007011,2,1,1,43513.73875305827,0
4849,605,Spain,Male,47,7,110554.91935593712,2,1,0,164937.1328077177,0
4850,688,Spain,Female,41,1,0.0,2,1,1,50083.08817650166,0
4851,440,Germany,Male,46,10,84074.44176224203,2,1,1,62679.3389721733,1
4852,850,France,Male,24,10,0.0,1,1,0,12415.147175224596,0
4853,692,Spain,Male,29,8,176174.17472934423,2,1,0,81141.44179429312,0
4854,661,Spain,Female,52,0,0.0,1,0,0,144862.86395504564,1
4855,744,France,Male,54,5,0.0,2,0,0,43870.123236696134,0
4856,837,Germany,Female,52,2,128484.71984628428,2,1,1,107159.59079258615,0
4857,719,France,Male,60,0,115593.54830315497,1,0,0,188358.6137053848,1
4858,725,Spain,Female,43,7,41549.029174304786,2,1,1,93317.2454048913,0
4859,660,Spain,Female,43,5,105428.00341356793,2,0,1,160985.00181442586,0
4860,638,Germany,Female,28,3,138143.33171825245,2,0,1,161691.68458510799,0
4861,611,Germany,Male,32,2,165512.1676558206,2,1,1,133927.31404797398,0
4862,583,Spain,Male,18,9,0.0,1,0,1,79554.3117508777,0
4863,595,Spain,Male,34,1,83235.63858430686,2,1,1,154330.3519898716,0
4864,541,France,Female,18,4,137886.85950095975,2,1,0,188590.69061959424,0
4865,643,France,Female,48,7,141275.69065448348,1,1,0,61706.1026925667,1
4866,515,Germany,Male,41,7,103447.66678798279,1,1,1,105299.49640265846,1
4867,665,Germany,Female,18,2,143323.81342113522,2,1,1,124060.07293999953,0
4868,647,Germany,Male,36,8,91481.3542070557,2,0,0,122932.78914557528,0
4869,661,France,Female,57,9,123188.33778291904,2,1,1,89177.16553622478,0
4870,608,Germany,Male,36,4,127358.08258101747,1,1,1,113284.06770012552,0
4871,850,Germany,Male,28,6,90839.57391572319,1,0,1,20611.446006807266,0
4872,758,France,Male,20,10,120340.80343418234,2,1,1,22240.271400576425,0
4873,550,Spain,Female,20,8,112609.10426500067,1,1,0,187035.6122405164,0
4874,668,Germany,Female,43,6,76712.62336981713,1,0,1,114709.97648796975,1
4875,601,Spain,Male,33,9,99482.6449379916,2,0,0,47091.47295050594,0
4876,568,Germany,Male,34,2,120028.69805041506,2,1,0,60252.71626195746,0
4877,542,France,Male,33,1,0.0,2,1,0,143745.9044349502,0
4878,684,Spain,Male,36,6,110311.02875965252,2,1,1,141491.17047843442,0
4879,595,Germany,Male,25,9,140927.31120470975,1,1,0,135044.864891781,0
4880,727,France,Female,41,7,148901.5477676168,1,1,0,57489.25624801585,0
4881,729,Germany,Female,23,3,119436.46462354272,2,0,0,168368.76724062845,0
4882,759,Spain,Female,30,0,184410.45747245522,1,0,0,22326.893164387977,0
4883,581,France,Female,48,5,148619.92788359107,2,1,0,90151.79536851274,0
4884,688,France,Male,41,8,0.0,1,1,1,155087.02619644336,0
4885,700,France,Female,44,3,98815.95561625756,1,0,1,55269.43628063542,0
4886,612,Spain,Male,59,2,141841.38538433128,2,1,1,55684.696552034606,0
4887,588,Germany,Female,37,5,110652.37018753172,1,1,1,10255.271223958305,0
4888,778,France,Male,38,5,0.0,2,1,1,103913.84728636849,0
4889,668,France,Female,35,3,85891.75147112616,1,1,1,184536.24159344196,0
4890,700,France,Male,33,6,0.0,2,0,0,107408.60967740514,0
4891,584,Spain,Male,27,10,78951.99339078908,2,0,1,187373.67355509027,0
4892,552,Germany,Female,38,1,0.0,2,0,1,50931.89652753079,0
4893,604,Spain,Male,41,0,0.0,2,1,0,85021.91220364581,0
4894,640,Spain,Male,42,10,93983.01804171159,2,1,0,198402.58551782797,0
4895,564,Spain,Female,38,5,0.0,2,0,0,161910.83438396812,0
4896,649,France,Female,47,2,123361.21287173688,1,1,0,119369.64411348964,1
4897,514,Spain,Male,38,2,0.0,1,1,1,26544.73434576285,0
4898,560,Spain,Male,33,0,150015.71614588576,3,0,0,34790.1634398263,1
4899,703,Spain,Male,28,1,0.0,2,1,0,93648.40202766629,0
4900,698,Germany,Female,22,2,92246.82143836253,2,1,0,164836.7193113213,0
4901,618,Germany,Male,52,0,150992.12193441537,2,1,0,150863.0429045271,1
4902,568,Germany,Female,31,7,0.0,1,1,0,172362.10286517616,1
4903,567,Germany,Male,28,5,0.0,3,0,0,86993.09489988154,1
4904,620,Germany,Male,33,8,108590.83419780422,1,1,0,119719.55057171178,1
4905,701,Spain,Male,35,0,115140.24074100744,1,1,0,68519.30040247912,0
4906,724,France,Male,54,10,143018.93296939446,1,0,0,112245.15061267793,1
4907,610,France,Female,34,3,122639.2979931184,1,0,1,127098.76381773908,0
4908,557,Germany,Male,64,3,95595.47887306,2,1,0,108043.60224159974,1
4909,671,France,Female,38,4,133722.12337240766,1,1,1,47634.95010416795,0
4910,584,France,Male,58,10,123809.89460282326,2,1,1,74483.02564300495,0
4911,608,France,Male,46,1,36283.59233467256,1,1,0,129570.1632916327,1
4912,756,Spain,Male,41,0,135152.19449431167,1,1,1,119040.58795544608,0
4913,716,Spain,Female,53,8,0.0,1,1,1,95201.73690347173,0
4914,662,France,Female,49,4,0.0,1,1,1,21841.033558617204,0
4915,548,France,Male,44,7,103668.96471091063,2,1,1,96208.61208427415,0
4916,666,Spain,Female,61,2,51934.24220531598,1,1,0,117634.48915224946,1
4917,735,France,Male,33,3,0.0,1,1,0,51570.11165737269,0
4918,619,France,Female,28,3,77405.47022393334,1,1,1,12737.203009802695,0
4919,758,Spain,Female,31,5,108020.41086776288,1,1,1,107306.1363897008,0
4920,753,Spain,Female,55,3,0.0,2,1,1,82051.71074816656,0
4921,783,France,Female,52,4,69229.2576402725,2,0,0,141072.88487216274,0
4922,674,Spain,Female,32,4,147901.89110119536,1,1,1,33901.678324016,0
4923,696,France,Female,18,7,108288.6936151468,1,1,0,112938.57032789073,0
4924,763,Germany,Male,35,8,110730.84860372874,1,1,0,180921.27512455304,0
4925,685,France,Male,27,10,124929.58457951853,2,1,0,185834.47231418555,0
4926,609,France,Female,33,7,109204.07704281976,1,0,0,177115.25632236974,0
4927,614,Germany,Female,27,4,91928.46299082141,2,1,0,162359.46921674244,0
4928,669,Spain,Male,21,5,85457.86581470197,2,0,1,188223.9128148356,0
4929,546,France,Male,56,3,0.0,2,1,1,194081.86444156212,0
4930,638,France,Female,31,1,118829.19278622894,2,1,1,64041.12765879939,0
4931,737,Germany,Female,52,10,96555.03865271733,1,1,1,102669.36328043783,1
4932,474,Germany,Male,35,10,130004.82543052286,2,1,0,144825.26737108044,1
4933,772,France,Male,26,4,147143.46092265274,1,0,0,106531.41550576317,0
4934,739,Spain,Male,43,0,203575.76170224504,1,0,0,182429.72631533013,0
4935,613,France,Male,34,0,119441.62189815233,1,1,1,195172.1868981133,0
4936,693,Spain,Female,35,0,0.0,1,1,1,104269.91371527182,0
4937,650,France,Female,39,3,0.0,2,1,0,72841.39997156156,0
4938,748,France,Male,29,4,0.0,1,1,1,87342.8861513387,0
4939,728,France,Female,21,3,102974.63221327042,2,1,1,138931.684373427,0
4940,537,France,Female,37,5,0.0,1,1,0,147987.280858263,1
4941,696,France,Male,47,1,0.0,2,1,0,81832.07435445086,0
4942,633,France,Female,28,4,0.0,1,0,1,170811.80984590188,0
4943,656,France,Female,39,5,125995.556755914,2,1,0,33942.30702053878,0
4944,591,France,Female,53,4,122872.20976223622,4,0,1,14521.057286113482,1
4945,789,Germany,Male,37,5,125330.5416078169,2,0,1,196153.93965648144,0
4946,733,France,Female,38,7,0.0,2,1,1,184858.24105861987,0
4947,590,Spain,Male,38,1,162104.67379033082,3,1,1,68094.83853567409,0
4948,543,France,Male,31,6,132141.09181031142,1,0,0,191639.7511793126,0
4949,619,France,Male,28,5,143012.45194281728,1,1,1,69451.1131712017,0
4950,684,Spain,Male,28,9,112704.49430926335,2,0,0,99689.225252682,0
4951,669,Germany,Male,41,7,87579.262026667,1,1,0,110391.16142332628,1
4952,750,France,Male,45,8,90489.12912106997,2,1,0,131348.30896015593,0
4953,713,France,Female,46,7,0.0,1,1,0,109876.43476494361,1
4954,727,Spain,Female,34,4,176227.1534052056,2,1,1,183171.90359211466,0
4955,676,Germany,Male,48,3,0.0,2,0,1,116379.66716431285,0
4956,538,Germany,Male,41,2,87148.97224861155,2,1,1,15725.747141709591,0
4957,634,France,Female,38,9,143225.771775962,1,0,1,43557.085531024226,0
4958,734,France,Male,18,8,0.0,2,1,1,192051.52624202028,0
4959,645,Spain,Male,29,6,72133.36965621298,3,0,0,18463.61200640125,1
4960,690,Spain,Female,22,0,82584.79048129881,1,0,0,153657.8653806548,0
4961,624,Spain,Male,44,2,117756.27487388036,2,1,1,195557.74845713467,0
4962,567,Germany,Male,38,2,188271.69729819056,2,0,1,15707.031928280692,0
4963,640,Spain,Male,27,5,0.0,2,0,1,173391.02017810286,0
4964,674,France,Male,41,1,101987.6823224203,1,1,1,143807.08022436593,0
4965,597,France,Female,23,3,0.0,1,1,1,16221.35978401819,0
4966,631,Spain,Male,27,1,106767.40871646041,2,1,1,123794.2259705898,0
4967,574,France,Male,30,4,114885.41507872847,1,1,0,184066.5750540724,0
4968,739,France,Female,43,3,122862.06489693314,1,1,1,94592.05880849378,0
4969,626,France,Male,51,3,101033.57853912334,1,0,1,151260.23074224102,0
4970,766,France,Male,32,3,0.0,2,1,1,71877.88499209026,0
4971,772,France,Female,51,3,138151.3782577492,2,0,1,84823.0739878108,0
4972,643,Germany,Female,38,4,109170.38235423046,1,1,1,140828.29150866944,0
4973,569,France,Male,40,1,0.0,2,0,1,15812.939647187271,0
4974,483,Spain,Male,37,5,127598.57214567934,2,1,0,149241.88902717057,0
4975,532,France,Female,36,0,143856.15502325597,1,1,1,59969.13120241576,0
4976,540,France,Male,42,9,125808.14833080838,1,1,0,171200.8608350074,1
4977,760,Germany,Male,45,1,137596.114408161,2,0,0,116245.29658622463,0
4978,659,Germany,Male,29,2,0.0,1,1,1,64788.60497665635,0
4979,681,France,Male,36,1,110376.72980366426,2,0,1,139641.7624292189,0
4980,472,Spain,Male,54,2,141090.39693827785,1,0,1,183757.94626480303,1
4981,554,France,Male,39,7,0.0,2,1,0,108308.8450679526,0
4982,720,Germany,Female,40,2,0.0,1,1,0,173796.96382094244,1
4983,672,France,Male,49,10,0.0,2,1,0,187821.23704246883,0
4984,638,France,Male,32,9,0.0,1,0,1,81334.5383492819,0
4985,695,Spain,Male,37,0,0.0,2,1,0,167577.0887977392,0
4986,780,Germany,Female,46,10,93714.04975236156,1,1,0,157765.57224202208,1
4987,632,France,Male,50,7,155202.13761172642,3,1,0,115714.99336801309,1
4988,655,Spain,Male,18,7,113818.79452500324,2,0,1,20465.361114668878,0
4989,665,France,Male,30,6,0.0,2,1,1,162620.356243414,0
4990,841,Germany,Male,28,3,0.0,2,1,0,20009.53881049358,0
4991,482,France,Female,36,4,75486.56950102016,2,1,1,193780.01268595416,0
4992,704,Germany,Female,28,10,100938.979686968,1,1,1,96766.10307858548,0
4993,640,France,Male,44,9,139330.77742498193,2,0,0,15088.195538111373,0
4994,695,France,Female,39,5,0.0,1,0,1,53802.72402025752,0
4995,597,Germany,Male,46,5,135901.5914095382,2,0,1,53611.87695767432,0
4996,646,Germany,Male,47,6,0.0,1,1,1,174079.48597028627,1
4997,706,Spain,Male,44,3,78008.2306710594,1,0,0,24056.647513957294,0
4998,850,France,Female,34,7,102006.73715572708,1,1,1,42774.20182096462,0
4999,714,Spain,Male,39,1,0.0,1,0,0,79737.91928044341,0
5000,582,Spain,Male,33,8,156812.8618769775,1,0,1,43684.43889274639,0
5001,616,Spain,Male,24,5,148296.88075150148,2,1,1,46470.811371804455,0
5002,613,Spain,Male,47,0,103716.77075457803,1,1,1,50476.62252406058,0
5003,506,France,Female,37,0,150581.68359830885,2,1,0,37071.261342752405,0
5004,623,Spain,Female,22,7,123715.88176543036,1,0,1,127527.60714213272,0
5005,708,Spain,Female,43,9,83906.39443574425,2,0,1,23457.254667327852,0
5006,548,France,Female,35,9,0.0,1,1,1,77759.82760778184,0
5007,733,Spain,Female,18,6,100681.42180003785,1,1,1,137643.39973382448,0
5008,689,Spain,Male,24,2,0.0,1,0,1,68965.56302067099,0
5009,591,Spain,Male,30,7,90241.70154963652,2,0,0,75317.98695042057,0
5010,638,France,Male,40,7,0.0,1,1,1,155915.64950689615,0
5011,777,Spain,Male,45,6,130652.83313254773,2,1,1,159259.41599537808,0
5012,708,France,Male,45,4,0.0,2,1,1,150683.9965510591,0
5013,650,Spain,Male,44,7,0.0,1,1,0,73257.39981729892,0
5014,630,Germany,Male,37,4,126014.31243428902,1,1,0,110813.66119780693,1
5015,656,Spain,Male,55,0,85403.7242263424,2,1,1,175979.42970523846,0
5016,609,France,Female,44,7,134090.27579842356,2,1,1,91113.5631907546,0
5017,481,Spain,Male,40,6,160050.25202221278,1,1,1,61848.23066800955,0
5018,813,Germany,Male,43,6,120847.75889773083,2,1,0,15468.692445438166,0
5019,662,France,Female,34,1,0.0,1,1,1,118435.69308080904,0
5020,681,Germany,Male,37,10,89194.70715814286,2,0,1,50856.54112255712,0
5021,645,Spain,Male,18,2,97194.26124640272,2,1,1,148579.95174726512,0
5022,591,Germany,Male,34,2,170635.40549479984,2,1,0,25995.226386105707,0
5023,635,France,Female,55,10,0.0,1,0,0,88636.99529899679,1
5024,522,France,Female,39,9,124562.28397386,1,1,1,73509.99994155036,0
5025,832,Germany,Female,39,5,122194.56084891729,1,1,1,63129.45711443171,0
5026,551,France,Male,47,5,138295.3077311198,1,1,1,197854.65482727124,0
5027,567,France,Male,41,2,88918.37663516872,1,1,1,28805.16374995553,0
5028,614,Spain,Male,30,10,0.0,1,1,1,10465.782929685105,0
5029,753,France,Female,38,4,142664.22195063316,1,1,0,12828.737200160274,0
5030,651,Germany,Female,26,8,110316.91836507847,2,1,1,29599.946970484038,0
5031,551,Spain,Male,39,6,117647.2321347839,1,0,0,171215.5476249826,0
5032,750,Germany,Female,29,8,0.0,1,1,1,41004.17322557408,0
5033,708,Germany,Male,47,1,0.0,2,1,0,118883.19052114978,1
5034,693,France,Female,32,9,112187.5502884617,2,1,0,130907.86116855347,0
5035,707,France,Female,29,9,139920.2465999678,1,0,1,155723.48149564673,0
5036,841,Germany,Male,36,0,128218.53547273026,1,1,0,34809.77729253817,0
5037,824,France,Female,41,1,117987.8289788145,1,1,0,34469.6148546124,0
5038,595,Germany,Male,25,5,0.0,1,1,0,69013.90458953477,0
5039,779,Spain,Male,32,9,156959.6262691762,1,1,1,29588.085652780712,0
5040,680,France,Female,39,6,0.0,2,1,1,62680.77611529746,0
5041,689,Germany,Female,51,7,171414.74028771606,1,1,0,122926.39064621473,1
5042,514,France,Male,18,10,150537.86072170114,1,0,1,91461.77568189162,0
5043,636,France,Female,44,5,0.0,1,1,1,66427.90094158641,0
5044,584,Spain,Female,34,5,0.0,2,1,1,73835.04826208478,0
5045,716,Germany,Male,33,2,145773.92662563315,2,0,0,54409.25758963948,0
5046,735,Spain,Male,31,8,0.0,1,1,0,95090.89870549721,0
5047,484,France,Female,34,10,0.0,1,1,0,97224.73884617002,1
5048,648,France,Male,44,1,0.0,1,1,1,180248.04779004122,0
5049,739,France,Female,32,10,162780.19120587822,1,1,1,136921.482646083,0
5050,635,France,Male,54,4,160891.6676193873,2,1,0,129809.77478072135,0
5051,708,France,Male,44,2,173849.24913411785,2,1,0,59752.07052816429,0
5052,678,Spain,Male,39,0,143766.43733773037,2,0,1,74793.2318973784,0
5053,677,Germany,Male,36,1,171036.80853007612,1,0,0,175747.14849345828,1
5054,628,France,Female,49,5,72352.600390978,1,1,1,117559.90879751845,0
5055,552,France,Male,51,9,118893.53167072588,2,1,1,44233.90480097646,0
5056,560,Germany,Male,26,0,92486.2549836245,1,0,1,148014.61437773248,0
5057,706,Spain,Female,30,10,71361.8868031753,1,1,1,22203.65749211146,0
5058,651,Germany,Male,44,1,173796.52682686,2,1,0,179764.53362800466,1
5059,638,France,Male,47,9,84060.40894890833,1,1,1,113763.89831556824,0
5060,616,France,Male,34,4,115353.89928279178,1,1,0,196290.03408440098,0
5061,625,Spain,Male,30,0,0.0,2,0,0,62517.61359267066,0
5062,733,Spain,Male,38,10,0.0,2,1,1,30974.773083221753,0
5063,623,France,Male,52,10,64526.526396833964,2,0,1,103080.8786356934,0
5064,542,Spain,Male,38,9,124611.36876008412,3,1,0,114054.08324251333,1
5065,709,France,Female,25,3,0.0,1,1,1,153085.33693940603,0
5066,633,France,Male,39,4,176541.0070009435,3,0,1,124186.67713149612,0
5067,652,Spain,Female,45,4,0.0,1,1,1,86403.18364128577,0
5068,778,France,Female,36,4,137791.5869934394,1,0,0,45382.09464415672,0
5069,648,Spain,Male,50,9,0.0,2,1,1,178733.91224870767,0
5070,673,France,Female,46,8,134259.1252040479,1,1,1,69404.63392253313,0
5071,555,France,Male,37,8,116773.68249008628,1,1,0,50553.703272491526,0
5072,632,France,Male,38,4,163865.96742796138,1,0,0,60207.28592570475,0
5073,698,France,Female,19,5,99320.03506256087,1,1,0,113780.44645670717,0
5074,525,France,Female,50,7,135506.30030690032,2,1,1,12603.206892613434,0
5075,666,Spain,Female,34,6,88038.05500387779,2,1,0,157351.39969705886,0
5076,658,Germany,Female,34,5,76014.34044792232,2,1,0,160518.7818786986,0
5077,653,France,Male,32,3,104054.95651904096,1,1,0,176380.0901825331,0
5078,732,France,Male,42,2,108382.06900984324,2,1,0,165240.61131380138,0
5079,676,Germany,Male,26,3,87601.47394169972,1,1,1,26745.858147260988,0
5080,768,France,Female,28,2,112252.40415000182,1,1,1,110652.36309741001,0
5081,570,France,Female,37,7,130406.51169710103,1,1,0,41917.163127027394,0
5082,660,France,Male,31,5,0.0,2,0,1,29822.774510722964,0
5083,656,Spain,Male,41,5,59483.13336061395,2,0,0,10700.864632620745,0
5084,564,France,Male,32,0,0.0,1,1,1,15809.367330859122,0
5085,726,Spain,Female,53,4,59173.45942001971,1,1,0,76915.14463285444,1
5086,835,France,Female,44,7,0.0,2,1,1,13468.9317484523,0
5087,648,France,Male,44,10,156056.1509127834,1,1,0,91389.00134800166,0
5088,690,France,Male,31,1,0.0,2,1,0,35190.18585520754,0
5089,656,Spain,Male,62,2,0.0,1,1,0,166611.5707770444,1
5090,592,Spain,Male,33,8,117091.26935045396,1,1,1,82591.45439957379,0
5091,504,France,Female,30,3,81910.96815125097,2,1,0,131515.37766811764,0
5092,593,France,Male,45,10,170776.48340914116,2,1,0,99787.06769820894,0
5093,538,Spain,Female,39,9,88581.84267142517,2,1,1,96919.50433547457,0
5094,786,Germany,Male,29,4,141048.01891861926,1,1,0,100033.54550348359,0
5095,640,France,Male,59,10,100814.81500698338,1,1,0,63068.56647941791,1
5096,622,Spain,Male,47,6,135421.36600459853,2,0,0,33501.227285418354,0
5097,721,France,Female,38,4,0.0,2,1,1,178006.76092965296,0
5098,560,France,Female,62,1,141976.89960046788,1,1,1,153287.44586136896,1
5099,588,France,Male,46,6,153301.96151894913,3,0,1,57647.224600874106,1
5100,655,Germany,Male,37,10,0.0,2,1,1,13167.407202175924,0
5101,732,France,Male,60,5,0.0,2,1,0,110467.24329262573,0
5102,690,Germany,Male,44,10,177825.79501705122,2,0,1,27022.50922390748,0
5103,669,Spain,Female,44,8,120604.4996725578,1,1,1,145101.81021224556,0
5104,656,Germany,Male,34,1,137118.6850656401,1,1,0,68193.13307566993,1
5105,682,France,Male,38,1,143596.11251534394,1,0,0,121692.37411914386,0
5106,666,France,Female,33,7,86399.56281225567,1,1,0,93527.97344246838,0
5107,567,Germany,Male,52,9,76638.78696201179,2,1,1,26971.20386287371,0
5108,653,Spain,Male,21,10,121791.96734074847,2,1,0,195867.6757598372,0
5109,564,Germany,Male,51,0,0.0,3,1,0,10236.831163465255,1
5110,656,France,Female,29,7,0.0,1,0,1,187250.90153333195,0
5111,611,France,Female,37,4,59413.29089001306,2,1,1,142663.90203552917,0
5112,850,Spain,Male,35,0,109996.72150412994,2,1,1,114151.65880312088,0
5113,646,France,Female,32,9,115361.09768246654,1,0,0,167398.64574544513,0
5114,537,Spain,Male,44,10,0.0,1,1,0,15432.709191010872,1
5115,639,France,Female,37,0,116316.11843165888,1,1,0,36053.011339387085,0
5116,691,France,Female,31,5,73699.22592921328,3,1,1,123908.33089260224,0
5117,783,France,Female,39,9,0.0,2,1,1,111186.41375612354,0
5118,602,France,Female,31,10,0.0,1,0,1,114422.64679980969,0
5119,523,France,Male,32,1,0.0,3,1,1,172204.42080218656,0
5120,715,Spain,Female,23,1,165564.20073603943,1,1,0,136575.1651275608,0
5121,539,France,Female,33,0,119961.99660805671,1,1,1,77234.75985809682,0
5122,615,France,Male,42,0,0.0,2,1,0,125420.45794298552,0
5123,629,Germany,Female,38,3,127898.60526435313,2,0,0,142338.94166885392,1
5124,644,France,Female,56,4,159385.67318746203,2,0,0,46705.587425907455,1
5125,705,France,Male,64,3,45791.99407183414,2,1,1,15027.247629452995,0
5126,595,Spain,Male,33,5,94134.42406903184,2,1,1,105722.63573186574,0
5127,628,Germany,Female,29,7,96357.30767833994,1,1,1,138257.04257576092,0
5128,648,France,Female,49,10,122034.17116044616,1,0,0,175053.9264170497,1
5129,661,France,Female,41,10,0.0,1,0,0,120594.10786327186,0
5130,657,Spain,Female,49,1,0.0,1,1,0,121558.98808142058,1
5131,684,France,Female,41,0,129255.36296375206,2,0,1,106234.13974045998,0
5132,717,Germany,Female,36,1,121783.87930262322,1,1,0,185682.50887041108,1
5133,681,Germany,Male,36,9,106796.45025143368,2,1,1,173258.908662213,0
5134,686,Germany,Female,42,10,0.0,2,1,1,106546.44449035596,0
5135,523,France,Male,35,5,0.0,4,1,0,138575.53562759078,1
5136,654,France,Male,50,10,94657.7699734311,2,1,0,133949.77485965844,0
5137,688,Germany,Male,24,3,0.0,1,0,1,57090.93994556423,0
5138,708,France,Male,50,6,78476.125084575,2,1,1,55120.04956186276,0
5139,594,France,Male,19,1,81954.81725193019,1,1,1,199825.11315737214,0
5140,597,Spain,Male,39,0,0.0,2,1,1,166311.50575778392,0
5141,604,France,Male,34,4,158036.60160705313,2,1,1,151777.0567606256,0
5142,692,France,Male,22,8,0.0,2,0,0,185678.92042203597,0
5143,732,Germany,Male,18,5,74720.63841074213,2,0,0,148515.37832956758,0
5144,617,France,Female,27,5,121483.07617765515,3,1,1,162656.5962694835,0
5145,722,France,Female,38,0,0.0,1,0,0,64767.53819104281,0
5146,659,France,Female,31,0,131715.33174869808,1,1,1,106500.04913855286,0
5147,640,Spain,Male,27,3,102879.15253907588,2,0,0,91199.77115628446,0
5148,633,France,Female,51,1,0.0,2,0,0,71928.97193709997,1
5149,709,France,Male,25,2,0.0,2,0,0,150956.58382903042,0
5150,676,Spain,Male,44,10,137240.77077416485,2,0,0,96979.98776859332,0
5151,832,Germany,Female,29,5,114539.12104188066,1,0,0,183878.5133555146,0
5152,581,France,Female,26,9,89304.89223366238,2,0,1,85907.61436997488,0
5153,691,Germany,Female,31,0,116436.86772265949,1,0,0,93308.90028651692,1
5154,607,France,Female,44,10,109723.78256227131,1,0,0,179187.0180859434,1
5155,580,Spain,Male,24,10,128457.24385483211,1,1,1,15615.872593239845,0
5156,649,France,Female,40,9,0.0,2,1,1,108286.5394503675,0
5157,660,France,Female,28,1,0.0,2,0,1,57333.59765149008,0
5158,850,Spain,Female,30,3,115803.76967017568,1,1,1,91572.77641642469,0
5159,635,France,Female,42,5,0.0,2,0,1,136986.01511800403,0
5160,559,France,Male,59,2,80925.93933291198,1,1,1,127715.0529893223,1
5161,671,France,Male,28,8,138296.5156474001,1,1,1,74744.69615407137,0
5162,484,Spain,Male,45,9,126333.49903468831,1,1,0,70483.79443525583,1
5163,642,France,Male,34,3,0.0,1,0,1,79657.73733816811,0
5164,651,France,Male,33,6,95150.55673194696,2,1,1,150466.69130957455,0
5165,713,France,Male,48,10,0.0,2,0,1,94826.14738924138,0
5166,727,France,Female,29,4,0.0,1,1,0,37692.730399467415,0
5167,609,France,Female,26,5,150344.83298416223,1,1,1,184414.94873610762,0
5168,637,France,Female,42,8,0.0,4,1,0,75130.05540123029,1
5169,588,France,Male,53,8,155712.42273571843,1,1,1,96787.53577536857,0
5170,559,France,Male,45,5,88014.26832254052,1,1,0,106500.46387748921,1
5171,674,Germany,Female,23,1,0.0,2,0,0,145982.45068390062,0
5172,548,Spain,Male,31,8,114036.81449194996,1,1,1,64245.43949881607,0
5173,616,Germany,Female,47,10,0.0,2,1,0,156486.1638600255,1
5174,570,France,Female,53,1,127187.18954818492,2,1,1,10551.596461832412,0
5175,693,Germany,Male,40,1,0.0,2,1,0,150822.32982300708,0
5176,794,France,Female,32,1,75883.29870867985,1,1,1,41902.176771450286,0
5177,545,Germany,Male,54,6,89206.65673382115,2,1,1,45248.55027166368,1
5178,501,France,Female,37,10,110332.3876067078,2,1,0,112886.06652011735,0
5179,640,France,Male,31,3,0.0,2,1,1,68412.8228496669,0
5180,651,France,Male,30,7,164416.57807361678,2,1,1,36387.44993906416,0
5181,667,France,Female,26,7,126075.13637679625,1,0,1,44507.576615506296,0
5182,614,Germany,Female,66,0,153603.36223052233,1,1,0,182631.6730495328,1
5183,633,Spain,Female,52,0,108834.76971969104,1,1,0,144456.32785180878,1
5184,679,Germany,Male,31,3,76632.30891620883,3,1,0,39419.23978814361,1
5185,733,Spain,Female,55,1,0.0,1,1,1,163008.22426020712,0
5186,493,France,Female,43,2,119510.29994095588,2,1,0,191826.90310048888,0
5187,620,France,Female,42,9,107470.63546893552,1,0,0,29424.918866483233,1
5188,667,Germany,Female,30,1,72513.13900097151,1,0,1,144885.36101482637,0
5189,576,Spain,Female,32,9,58776.14065666152,1,0,1,61234.5955340037,0
5190,788,Spain,Female,37,8,155061.50701142283,1,1,1,112017.2118800087,0
5191,599,France,Female,18,5,100939.50468104213,1,0,1,53511.47564363104,0
5192,646,Spain,Male,33,6,0.0,1,1,1,37107.871135577276,0
5193,694,Germany,Male,38,5,170018.66306793143,2,1,0,114773.29756657228,0
5194,602,France,Female,51,0,0.0,2,0,0,168002.35367878826,1
5195,502,France,Female,31,4,0.0,1,0,0,193476.39277269488,0
5196,615,France,Female,46,2,134495.65385418828,1,1,0,163747.61848602074,1
5197,732,Germany,Male,18,9,152572.6095812731,1,1,0,59447.89387135739,0
5198,623,France,Male,49,7,121637.58979590035,1,0,0,131133.38153731058,1
5199,582,France,Male,28,6,131430.18927118584,2,0,0,35982.8999073436,0
5200,724,France,Male,39,8,0.0,2,0,1,88398.30322040322,0
5201,623,Spain,Male,42,0,74249.71927268131,2,1,1,38268.32273047991,0
5202,609,France,Female,40,1,0.0,2,1,1,156545.71520366787,0
5203,661,France,Male,36,1,75063.71610648878,2,1,0,38437.27221018303,0
5204,711,Germany,Male,25,0,0.0,1,1,1,150955.17883630536,0
5205,840,Germany,Male,29,7,0.0,1,0,0,29320.04639024604,0
5206,716,France,Female,47,3,163357.77045077443,1,1,0,113405.61964676862,1
5207,742,Spain,Female,32,6,178433.61016971237,1,1,1,49301.866683203945,0
5208,609,Spain,Male,36,9,0.0,1,1,1,38323.88611148963,0
5209,567,France,Female,23,0,0.0,1,1,1,93154.96605405756,0
5210,654,France,Male,46,7,0.0,1,0,1,193087.22979165238,0
5211,658,France,Male,24,10,99460.86800283831,2,1,0,26559.528106830272,0
5212,563,France,Female,47,7,142838.161928691,2,1,1,94362.33982302234,0
5213,635,France,Male,27,10,0.0,1,0,0,27592.712387736552,0
5214,681,Germany,Female,48,9,115596.69837296892,2,1,1,56292.15907576141,0
5215,678,France,Female,38,2,136276.04874483138,1,0,1,61707.31106451913,0
5216,690,Spain,Female,32,8,106090.64087628477,2,1,1,106319.5766982983,0
5217,673,France,Male,54,4,0.0,2,1,1,158635.94522922297,0
5218,609,Spain,Male,37,4,54695.15754378505,1,1,0,73564.50127847001,0
5219,608,France,Male,34,4,84859.0583943172,1,1,0,158243.08044073742,0
5220,554,Spain,Male,47,0,125501.18420192011,2,0,1,13072.605803356604,0
5221,792,Germany,Male,23,9,128700.29318052194,2,1,1,20554.517129790336,0
5222,651,Germany,Male,18,1,0.0,1,1,1,42201.51861940676,0
5223,632,France,Female,49,0,118569.86228366621,1,1,1,95078.71592967647,0
5224,575,Spain,Female,29,1,81633.6140855443,4,1,0,79888.82429188768,1
5225,850,Germany,Male,46,8,0.0,2,1,1,147525.49065561147,0
5226,564,Spain,Male,38,8,124758.2042073708,1,0,0,198637.47087033998,0
5227,615,France,Male,26,4,119500.14832667033,1,0,1,161647.02714672108,0
5228,683,Spain,Male,44,3,140216.77494196958,2,0,1,165346.84096682633,0
5229,698,France,Male,33,1,0.0,2,1,0,197680.353977702,0
5230,726,Germany,Male,27,5,95787.64080063617,1,0,1,97922.99604195455,0
5231,794,Spain,Female,27,8,0.0,2,1,0,193646.5178864432,0
5232,690,France,Female,20,7,120419.08102062957,2,0,0,120975.0813735464,0
5233,565,France,Male,42,9,139460.35565947267,1,0,1,138584.29228033702,0
5234,629,France,Female,28,3,153707.48669684367,1,1,1,15640.655840852625,0
5235,674,Germany,Male,37,5,112342.63618437244,1,1,1,98973.25841608876,0
5236,815,France,Female,36,10,139386.63998339625,2,1,1,195227.8341631343,0
5237,538,France,Male,28,8,125309.78744972177,1,1,1,187075.01742191394,0
5238,746,Germany,Male,22,9,82508.69098598731,1,1,1,83459.76775514883,0
5239,664,France,Male,63,9,0.0,2,1,0,118574.73717014118,1
5240,717,France,Male,37,10,0.0,1,1,0,171231.2515094232,0
5241,641,Spain,Female,56,3,152431.96392411357,4,1,0,69653.88233785855,1
5242,582,France,Female,49,8,84131.03089668794,2,0,0,51373.08263345743,1
5243,710,France,Female,34,7,73528.25072927753,2,1,1,38154.275057928084,0
5244,702,France,Male,39,2,146628.0954508534,1,0,1,34041.109790159884,0
5245,727,Spain,Female,39,8,0.0,2,0,1,179416.909805611,0
5246,648,Germany,Female,56,4,111213.94941438221,2,1,1,120110.9580469915,1
5247,602,France,Female,46,0,0.0,2,1,1,111861.23896190661,0
5248,525,France,Female,29,10,65057.14043498638,1,1,0,42841.75079608141,0
5249,715,France,Female,41,7,46000.23760775983,2,1,1,85453.87146587324,0
5250,683,Germany,Female,46,4,0.0,2,1,1,198186.25017411917,0
5251,572,France,Female,26,4,189018.6713245678,2,1,1,101625.68553901932,0
5252,606,Germany,Male,42,1,0.0,2,1,1,20301.808256816803,0
5253,612,France,Male,51,8,132649.87206898304,1,0,0,85644.69880976265,1
5254,531,Germany,Female,29,5,0.0,2,1,1,20279.875136985316,0
5255,584,Spain,Female,30,10,80077.10205924479,2,1,0,133716.7157755377,0
5256,559,Spain,Male,49,9,0.0,2,1,1,89673.34377424311,0
5257,617,France,Female,34,2,153618.45928419838,3,1,1,38914.8663058909,0
5258,590,Germany,Male,28,6,132359.72299395906,1,0,1,170943.36017794948,0
5259,519,France,Male,46,1,47519.33201719062,1,1,1,122053.69384731576,0
5260,811,France,Male,43,6,0.0,1,0,0,102187.24454625385,0
5261,750,France,Female,38,10,117144.55599382024,2,1,0,160483.67143618458,0
5262,587,Germany,Male,49,1,96959.39751413981,2,1,0,119059.79235148338,1
5263,671,Germany,Male,49,10,111562.88052070096,2,1,1,22398.98750357292,0
5264,683,Spain,Male,37,4,106708.32883575367,3,0,1,58996.979562627035,0
5265,745,Spain,Male,57,9,0.0,2,1,0,118971.21697978234,0
5266,584,France,Female,53,9,0.0,1,1,0,30045.83735672249,1
5267,737,Germany,Male,18,8,0.0,2,1,0,57511.827045887396,0
5268,606,Germany,Female,27,8,93926.37472983908,2,1,1,125223.38073597004,0
5269,543,Spain,Female,18,5,0.0,1,1,1,185863.49923729483,0
5270,707,France,Male,34,2,0.0,1,1,0,149133.10328567403,0
5271,753,Germany,Female,25,3,0.0,2,0,1,106437.58350427164,0
5272,850,Germany,Male,29,3,139541.59087398133,1,1,0,50263.16140409294,0
5273,554,Spain,Male,48,8,124345.71632269172,2,0,1,46592.82050967574,0
5274,705,France,Female,20,3,66710.78836052393,2,1,0,157463.7705375436,0
5275,617,Spain,Female,39,3,0.0,2,0,1,186040.99242916226,0
5276,712,Spain,Male,39,4,0.0,4,1,0,32893.81876166002,1
5277,532,France,Male,37,5,127941.50323734584,1,1,1,138305.92817406447,0
5278,548,France,Female,39,7,0.0,2,0,1,148294.01136092874,0
5279,587,France,Female,18,0,0.0,1,0,1,106950.36863237622,0
5280,656,Spain,Male,29,4,143525.62829986532,2,1,0,72922.05182912818,0
5281,598,France,Male,53,8,0.0,2,0,0,144593.7581314027,0
5282,702,France,Male,26,9,0.0,2,0,1,96903.48737785853,0
5283,732,Germany,Male,54,3,136518.5053192831,2,0,0,97109.43217986514,1
5284,697,Spain,Male,23,7,0.0,2,0,0,29337.425129486066,0
5285,779,France,Male,22,8,177176.95257649125,1,1,0,129655.92452103384,0
5286,683,France,Male,28,0,190418.32787868503,2,1,1,27320.99619352371,0
5287,552,Germany,Female,49,7,0.0,2,1,0,63033.07339869323,1
5288,759,Germany,Male,32,7,0.0,1,1,0,44215.53545470044,0
5289,601,France,Female,41,4,175248.1135922502,2,0,1,189573.48586042374,0
5290,722,Germany,Male,38,9,112119.95165993643,2,1,0,25241.858619888684,0
5291,775,France,Male,37,1,189602.97203753644,2,1,1,97874.7621320555,0
5292,686,Germany,Male,50,6,125002.45663464494,1,1,1,126455.29890844284,1
5293,530,France,Female,45,10,0.0,2,0,1,98547.85308958015,0
5294,576,France,Male,26,10,97819.42726005349,2,0,1,135747.49514976447,0
5295,755,France,Male,35,4,0.0,1,1,0,15990.824190582407,0
5296,636,France,Male,55,4,125734.44236877463,2,0,0,186198.48567142963,0
5297,656,Spain,Male,41,5,84976.44281341272,2,0,0,77406.02026234735,0
5298,710,Germany,Male,22,9,0.0,1,1,1,92240.35643562456,0
5299,705,Germany,Female,23,7,153346.96783241245,2,1,0,112188.02645287258,0
5300,672,France,Male,46,10,100152.74226306299,2,0,1,132418.83784597093,0
5301,633,France,Female,45,0,63304.39333576598,1,1,0,33856.80138396358,1
5302,624,France,Female,28,2,140395.7272466623,1,1,1,79732.12167657632,0
5303,718,France,Male,45,6,105377.87578643329,2,1,1,123269.51326825241,0
5304,694,Spain,Female,53,10,0.0,2,1,0,110304.58195695437,0
5305,629,France,Female,52,8,86434.2271302901,2,1,0,19813.67018790239,1
5306,736,Spain,Female,54,9,0.0,2,0,1,152513.86132357214,0
5307,639,Spain,Male,43,1,0.0,1,1,1,83525.94987005477,0
5308,581,France,Female,36,3,0.0,2,1,1,13695.49247793443,0
5309,589,Spain,Female,33,10,106393.29380201647,2,1,0,161359.46707806713,0
5310,571,France,Male,37,3,0.0,2,1,0,11093.699801004639,0
5311,628,France,Male,29,10,55814.619047770815,1,0,1,48406.30057869893,0
5312,748,Germany,Female,34,6,0.0,2,1,0,147662.45538682575,0
5313,585,France,Female,50,4,133331.67165861357,3,0,0,122689.69528357474,1
5314,665,France,Male,21,10,0.0,1,1,0,116025.29321946316,0
5315,597,Spain,Female,22,4,44625.60570389632,2,0,1,106284.53771677904,0
5316,629,France,Male,46,6,0.0,1,0,1,192049.1775293895,0
5317,529,Spain,Male,34,1,137267.35517032677,1,0,1,21329.54671975663,0
5318,632,France,Female,18,7,67629.33944402102,1,1,1,97818.64942524425,0
5319,634,France,Female,37,5,0.0,1,0,0,194054.44175102978,0
5320,693,Germany,Female,35,4,0.0,2,1,1,59869.154695153054,0
5321,667,Spain,Male,33,0,0.0,2,1,0,16250.953880706187,0
5322,554,France,Female,44,1,159714.06331309097,2,1,1,100336.64881939009,0
5323,736,France,Male,24,5,0.0,2,1,1,156483.02003843212,0
5324,666,Germany,Female,38,5,170189.9071269703,1,0,1,48208.347732946546,0
5325,665,France,Male,35,10,133978.2333535242,2,1,1,57172.92835800252,0
5326,649,Spain,Male,38,8,0.0,1,1,1,40621.25421072494,0
5327,608,Spain,Female,20,10,0.0,1,1,1,78255.39844854006,0
5328,667,Spain,Male,32,5,93776.19421833433,1,1,1,178083.1407117429,0
5329,688,Germany,Female,38,0,0.0,2,0,1,48580.7557269963,0
5330,510,Spain,Male,43,6,113928.80967900605,1,0,0,59866.48024735173,1
5331,606,Spain,Male,56,2,106764.40307724377,4,1,1,178112.87563413617,1
5332,629,Germany,Male,46,7,96620.00764137684,1,1,1,186490.02207408394,1
5333,670,Spain,Female,42,5,167914.04226616386,1,1,0,20152.731725922193,0
5334,745,France,Male,50,2,97047.17271435063,2,1,1,112750.78073512758,0
5335,588,France,Female,34,2,74430.24831694577,3,1,1,66328.88603922022,1
5336,610,Spain,Female,53,7,74963.785742712,2,0,1,42091.57429894767,0
5337,608,Germany,Male,49,5,0.0,1,0,1,108449.327118638,1
5338,585,France,Male,33,1,169087.26442777953,1,1,1,157999.04994993057,0
5339,622,France,Male,57,2,58160.44280510657,4,1,0,42604.7806225407,1
5340,711,Germany,Female,42,5,0.0,1,1,1,71365.60871268975,0
5341,565,Spain,Male,59,6,157969.53382433794,1,0,0,118080.64108925873,1
5342,684,France,Male,41,3,92582.13939334129,1,1,1,179504.94541795598,0
5343,513,Spain,Male,32,7,0.0,2,1,0,179255.25648450793,0
5344,605,Germany,Female,30,2,0.0,2,1,0,135295.3936719457,0
5345,623,Germany,Female,34,5,158462.30822740388,1,1,1,149896.7587122003,0
5346,783,Spain,Female,32,6,0.0,1,1,0,30760.878285798834,0
5347,628,France,Female,50,7,132124.66842787844,2,1,1,138730.6688800143,0
5348,473,Germany,Male,37,10,119948.93593036347,1,0,0,73705.63910330982,1
5349,490,Spain,Male,21,3,147800.3863805008,2,0,0,145545.05465598204,0
5350,652,Germany,Female,40,4,118017.07052339624,1,0,0,34323.07094492257,1
5351,699,France,Female,39,5,99310.43553938676,1,1,1,120801.72102667992,0
5352,680,France,Male,33,0,0.0,2,1,0,78225.27702369937,0
5353,663,France,Male,40,8,158834.73406939858,1,1,0,91251.3921949839,0
5354,742,France,Female,37,2,0.0,1,0,0,30654.279725535776,0
5355,606,Spain,Male,44,1,121948.16730412842,1,1,0,141084.69984390083,0
5356,721,Germany,Male,43,10,139030.34132515028,2,0,0,151633.81895565885,0
5357,519,Spain,Female,41,6,0.0,2,1,0,35529.78445376051,0
5358,577,Germany,Female,25,10,82976.3807937892,2,1,0,105689.83826064499,0
5359,505,France,Male,59,10,106492.66922320871,2,0,1,159541.05646175053,0
5360,628,Germany,Male,22,3,82612.33530863137,2,1,1,52417.96171478711,0
5361,646,Germany,Male,36,3,93155.74187550311,2,0,0,27456.145187622304,0
5362,659,Spain,Female,27,9,165169.03459432392,2,0,0,183173.49383499575,0
5363,654,Spain,Female,41,8,206861.90553992987,1,0,0,154981.71650253658,0
5364,575,Spain,Female,39,6,0.0,1,0,0,67744.11886971322,1
5365,634,Spain,Male,36,8,102389.551587255,2,1,0,149325.24002505545,0
5366,530,France,Male,53,0,0.0,2,1,1,15477.359938547805,0
5367,759,Germany,Female,49,2,37280.19427309901,2,1,1,163503.51030992248,0
5368,625,Germany,Male,34,9,193966.77177732682,2,1,1,83886.1664352813,0
5369,610,France,Female,46,10,81504.93114359034,1,1,1,60315.32550734732,0
5370,777,Spain,Female,53,9,111031.54696125306,1,0,0,49955.17820118644,1
5371,550,Spain,Male,49,5,131663.12814871385,1,1,0,88421.3588752791,1
5372,559,Spain,Female,36,10,0.0,2,0,1,133920.28168490244,0
5373,562,Spain,Male,22,0,121760.5195466668,1,1,0,160934.61411998156,0
5374,644,Germany,Female,41,4,130505.45652455783,1,0,1,13667.397006318455,0
5375,684,France,Male,44,3,79055.01974202905,1,0,1,188716.95218308028,0
5376,709,France,Female,30,3,118710.14933368121,2,1,1,169042.87703735183,0
5377,850,Germany,Female,38,6,158224.45447145987,1,1,0,192272.2021669282,1
5378,470,Spain,Male,37,4,103840.8317156343,1,0,1,58836.97508066901,0
5379,698,Germany,Male,51,6,122929.11888350654,1,1,1,40387.41824937868,1
5380,605,France,Male,56,0,133591.7627042292,2,0,1,176206.6425988292,0
5381,603,France,Male,49,10,137260.59522605324,2,0,1,13521.851020201433,0
5382,600,Germany,Female,37,8,124559.84841861366,2,1,1,88948.52238767614,0
5383,577,France,Male,49,7,0.0,1,0,1,91653.16078338964,0
5384,784,Germany,Male,44,6,91272.69580342341,1,1,1,52975.39647946732,0
5385,717,Germany,Male,37,9,79754.60995858567,1,1,0,54023.802969660916,1
5386,651,Spain,Female,58,1,131658.25206092623,2,0,1,136772.40100859894,0
5387,758,France,Female,30,10,107680.46572890336,1,1,0,70686.76433144421,0
5388,528,Spain,Male,44,5,128858.46668756902,2,0,1,29685.896893977482,0
5389,543,Germany,Female,46,3,119301.24242004078,1,1,0,74202.97116194895,1
5390,475,France,Female,35,2,0.0,2,0,1,105045.6026406845,0
5391,594,France,Male,43,7,103032.42209932634,1,0,1,17796.30465695162,0
5392,662,France,Female,47,3,66788.83862796592,3,0,0,198241.83402112217,1
5393,658,France,Male,40,2,116359.02920592282,2,1,1,144486.3675016874,0
5394,661,Germany,Male,42,10,90365.1390419801,2,1,0,31537.86460707304,0
5395,537,Germany,Female,39,4,134688.62490473624,1,1,0,18223.559190254426,1
5396,714,Germany,Male,45,8,0.0,1,1,0,198321.5826220117,1
5397,669,Spain,Female,35,9,0.0,3,0,0,128917.59421343984,1
5398,708,Germany,Male,34,2,126259.23484635429,1,1,0,123978.8838310974,0
5399,498,France,Male,38,8,139996.33336703238,2,1,0,52153.33298259699,0
5400,674,Spain,Male,49,3,139537.30350852993,1,1,0,176197.3597006586,1
5401,554,Spain,Female,20,9,108060.15264152884,2,1,0,23330.459309587444,0
5402,618,Germany,Female,28,3,137888.54984993368,2,0,0,155547.76887867632,0
5403,692,Germany,Male,60,1,0.0,2,0,1,35348.790501244024,1
5404,657,Germany,Female,40,7,0.0,2,1,0,162554.74338030996,1
5405,581,Germany,Female,33,3,140978.26266367495,1,1,0,50773.41567900478,1
5406,650,Germany,Male,45,2,127578.2167831153,2,0,0,195189.3841866494,1
5407,527,France,Female,30,2,0.0,2,1,1,48573.596581187245,0
5408,742,Germany,Male,18,0,137633.3696193911,1,0,1,124134.92326478199,0
5409,633,Spain,Male,41,7,154387.17661677225,1,1,0,174885.55164659958,0
5410,739,France,Male,30,10,0.0,1,1,1,92287.08799985539,0
5411,607,France,Male,39,4,140815.9331556457,1,1,0,99608.21255686674,0
5412,608,Spain,Female,41,4,0.0,2,1,0,189843.55056097548,0
5413,588,France,Male,39,3,159931.75514112492,1,1,0,23725.667454527716,0
5414,720,France,Female,20,4,130712.48993795009,2,1,1,107319.0760073071,0
5415,593,Spain,Male,38,4,143378.83347977645,1,0,0,86154.06562088654,0
5416,701,Germany,Female,42,8,115503.77477184137,2,1,0,104216.83979860292,1
5417,619,Germany,Male,23,10,0.0,1,0,0,65884.04023924998,0
5418,491,France,Female,22,5,120843.05746166725,1,1,1,23600.38918080111,0
5419,604,France,Male,27,8,117229.95916718639,1,1,1,57570.124174241384,0
5420,555,France,Female,45,7,129132.2557146779,2,0,1,14025.308393229727,0
5421,652,France,Female,18,2,188537.797885729,3,0,0,33434.15239238683,0
5422,554,France,Female,46,1,128438.98919673843,1,1,1,56473.12022058603,0
5423,724,Germany,Male,41,5,0.0,1,0,1,66131.67332581311,0
5424,642,Spain,Male,35,1,120921.35255524082,2,0,0,81444.11696227099,0
5425,635,France,Female,23,2,133165.3795624322,1,1,1,180934.63602485304,0
5426,702,France,Male,30,2,124494.6807475276,1,0,0,117447.55193025159,0
5427,727,Spain,Male,45,0,125940.79619770683,2,1,0,179924.01211714532,0
5428,648,Spain,Female,50,4,0.0,1,1,1,22141.72206616371,0
5429,588,France,Male,27,7,0.0,1,1,1,73220.69604831543,0
5430,508,Germany,Male,49,8,92645.40388932114,1,1,0,83376.20864016173,1
5431,595,France,Female,44,6,107619.6110789726,3,0,1,21423.67100613883,1
5432,600,France,Male,37,4,155845.47483915414,2,1,0,185346.7752428566,0
5433,658,France,Male,30,7,111054.34280680338,1,1,0,64664.50385687276,0
5434,622,Spain,Male,32,8,94852.39611617746,2,1,0,158517.11173073997,0
5435,705,France,Male,56,8,125402.88918545889,2,1,1,98834.32687522413,0
5436,600,France,Female,39,8,105132.54818093506,1,1,0,95338.07408473479,1
5437,645,France,Male,51,10,0.0,1,0,0,171114.5445371165,1
5438,744,Spain,Female,40,1,0.0,1,1,1,73552.41111275142,0
5439,677,France,Male,33,2,105123.02680217111,2,1,0,17788.85764115807,0
5440,645,France,Male,43,1,0.0,1,1,1,108194.0892607734,0
5441,601,France,Male,59,10,117514.29439689184,1,1,0,55257.39672624016,1
5442,599,France,Male,31,10,107341.55914403056,2,0,1,75484.31471377656,0
5443,581,Spain,Female,47,4,108400.95489783066,2,1,0,78127.9874568355,0
5444,606,France,Male,39,2,0.0,1,1,1,179018.24580178992,0
5445,710,France,Female,23,8,155326.3081789738,3,1,0,175062.24731127682,0
5446,632,Spain,Female,23,1,129545.67872645639,1,0,1,187458.9581542109,0
5447,542,France,Female,33,4,0.0,2,1,1,119411.99960000871,0
5448,791,France,Male,41,4,103609.32634415434,1,1,0,122889.78183812274,0
5449,675,France,Male,46,4,123026.33782382213,2,0,1,103295.74503629954,0
5450,537,Germany,Female,22,0,84313.02706410881,4,0,1,149562.71763552545,1
5451,614,Spain,Female,44,9,139723.95668015452,2,1,1,185294.67703369507,0
5452,658,Germany,Female,36,6,151329.6282620551,1,0,1,14836.573978339056,0
5453,786,Germany,Male,38,1,141643.48955417727,1,1,1,61888.65903625551,0
5454,561,Germany,Female,43,1,147370.7071192547,3,1,0,19792.308782819586,1
5455,728,Germany,Female,55,8,119503.87350441834,2,1,1,74678.08632103693,0
5456,761,Spain,Male,41,0,0.0,2,1,0,171134.1024557318,0
5457,599,France,Female,24,8,146838.51650078103,2,1,0,101724.8902181234,0
5458,627,France,Male,36,5,0.0,1,1,0,179206.1470771204,0
5459,567,Spain,Male,46,4,119865.566264734,1,1,1,173413.95821220463,0
5460,633,Germany,Female,46,4,101729.20988716648,1,0,0,36907.96877048936,1
5461,647,France,Male,44,4,161478.51788784986,2,0,1,63888.64481868193,0
5462,702,Spain,Male,32,5,122872.65905733065,1,1,1,115517.386633927,0
5463,737,France,Male,24,6,118820.70415965217,2,1,1,79556.20294924697,0
5464,590,France,Male,43,10,0.0,3,1,1,127657.57583742053,1
5465,492,France,Male,25,8,0.0,1,0,1,123367.79887063906,0
5466,648,Spain,Female,44,1,0.0,2,1,1,16059.996204815972,0
5467,673,France,Male,44,3,92350.27505729429,2,0,0,85628.1535742463,0
5468,669,Spain,Male,33,10,95608.27953541998,2,1,1,95318.6119920093,0
5469,623,Germany,Female,36,4,138071.73057512162,1,0,0,179069.04980207793,1
5470,659,Germany,Male,39,5,112082.43811241,2,0,1,145170.43889586738,0
5471,771,France,Male,31,6,124465.62364629941,1,0,0,54192.37635922835,0
5472,680,Germany,Male,24,2,0.0,2,0,1,121180.84399358633,0
5473,620,France,Male,37,2,0.0,1,1,1,89039.2224642216,0
5474,609,France,Male,38,8,155688.83000753957,1,0,0,180988.04987062069,0
5475,636,Spain,Male,51,8,127942.74411689081,1,1,1,16736.07034318191,0
5476,780,France,Male,30,1,0.0,1,1,0,199347.7982961209,0
5477,635,France,Female,48,3,132556.15597102648,1,0,1,35556.70669783158,0
5478,648,France,Male,26,3,117343.44657767551,1,1,0,129910.00951242907,0
5479,611,Spain,Female,24,4,105282.35664938207,1,1,0,66441.02516871603,0
5480,737,France,Female,34,1,71701.0160344422,1,0,0,106720.85965742527,0
5481,806,Spain,Male,28,10,60411.89141053948,1,1,1,67709.62516735384,0
5482,686,Spain,Female,24,10,145022.41878619947,2,1,1,92775.33092282081,0
5483,656,Spain,Male,57,3,0.0,1,1,0,53973.13030295222,1
5484,652,Germany,Male,33,10,0.0,2,1,1,25701.386200744408,0
5485,459,France,Male,61,2,116733.33240576711,2,0,1,128358.24947559653,0
5486,709,France,Female,28,10,0.0,2,1,1,176393.79610528337,0
5487,660,France,Male,20,5,0.0,1,0,1,116622.80233372588,0
5488,684,France,Male,50,3,0.0,2,1,1,98291.64902509272,0
5489,593,Spain,Male,30,0,171618.04713844537,2,0,0,15188.539338526978,0
5490,619,France,Female,39,2,111059.67329177332,2,1,0,103374.07111362494,0
5491,617,France,Male,24,7,148297.14806885167,1,1,1,149890.47842193727,0
5492,731,Germany,Male,37,2,134289.63973615388,3,1,0,40042.39867335711,1
5493,619,Spain,Male,24,6,121519.30519068458,3,0,0,155243.76734474456,0
5494,816,Spain,Female,37,1,100663.78529392513,2,1,1,101916.83694447673,0
5495,684,Germany,Male,33,4,158198.18217904627,1,1,0,154946.0644623298,0
5496,547,Germany,Male,40,6,154906.38448589848,2,1,0,38253.17844446753,1
5497,639,Spain,Female,44,0,115286.68799107424,1,0,0,48332.34294010991,1
5498,597,France,Male,40,10,0.0,2,1,1,94776.2328037587,0
5499,474,Germany,Female,42,0,138489.65472794743,1,1,0,100572.4051755173,1
5500,777,Spain,Female,36,10,0.0,1,1,0,198890.94018205252,0
5501,706,France,Female,33,7,92346.71685222664,2,1,1,197369.3132055923,0
5502,692,France,Male,42,1,92414.30654735782,1,1,1,96812.25598216872,0
5503,663,Spain,Male,36,10,115135.79094188544,1,1,1,55562.30938582688,0
5504,539,Germany,Male,37,3,132267.2202311683,2,1,0,141601.00347033862,1
5505,611,France,Female,41,2,173050.94273574615,2,1,0,46783.68475873612,0
5506,717,France,Female,27,4,76315.77409903359,1,0,1,62496.097290267506,0
5507,565,Germany,Male,52,1,153561.61947428397,1,1,1,112390.72887770731,1
5508,447,Germany,Female,35,5,0.0,2,0,1,189642.854145484,0
5509,631,France,Female,39,7,127147.43794428211,2,1,1,15508.868860404198,0
5510,638,France,Male,37,4,64933.84230330262,2,1,0,138138.0344399545,0
5511,660,Spain,Male,44,6,161184.31767074717,2,0,1,174388.78422463094,0
5512,708,France,Male,41,4,0.0,1,0,1,149406.98120268754,0
5513,701,Germany,Male,37,5,132527.79672517342,2,0,0,101570.58316460799,0
5514,670,France,Female,52,8,144840.46741574394,2,1,1,172905.8738576982,0
5515,745,France,Female,18,10,111856.47445601801,1,0,1,158638.244436125,0
5516,528,France,Male,50,9,68178.64921435344,2,1,1,149404.63657007733,0
5517,690,France,Male,47,10,0.0,1,0,0,30163.823566641655,0
5518,700,France,Male,19,0,136511.14414670435,1,1,1,143890.77988203798,0
5519,550,France,Female,47,9,112016.00235490622,1,1,1,39562.184493311695,0
5520,529,Germany,Female,48,8,156180.6423579552,1,0,0,180629.5817865752,1
5521,590,France,Male,43,2,0.0,1,1,0,133145.76348277478,0
5522,597,Germany,Female,22,9,140091.5113132666,1,1,0,176791.2264412004,0
5523,710,France,Male,44,2,147804.26451204362,2,1,1,42497.639151340416,0
5524,600,Spain,Male,48,3,147238.3303123451,1,1,1,119934.8150373586,0
5525,581,France,Female,32,7,113114.5082349172,2,0,0,12661.359626741243,0
5526,601,France,Male,42,0,0.0,1,1,1,27639.369228321677,0
5527,739,Spain,Male,34,3,0.0,1,0,1,75997.54618206201,0
5528,651,Spain,Male,46,6,127741.1839580088,1,0,0,63769.425412694516,0
5529,635,Germany,Male,34,2,67138.6299188798,2,1,1,162110.93061200302,0
5530,641,Germany,Female,32,6,55248.62520425915,2,1,1,113313.21816668755,0
5531,753,Spain,Female,37,10,0.0,2,1,1,181921.79813016258,0
5532,590,France,Female,24,4,148315.97001653464,1,1,1,190957.5947621917,0
5533,755,Germany,Male,36,9,120793.37919434559,2,1,0,175492.34768905948,0
5534,666,Spain,Male,41,10,167785.26311366554,2,1,1,64055.51832805243,0
5535,637,Germany,Male,46,8,0.0,1,1,1,126184.66578042548,1
5536,850,Germany,Female,40,7,80511.58581064438,2,1,1,154741.92669559948,0
5537,565,France,Male,23,10,150606.3692443805,1,1,1,110937.756924528,0
5538,621,France,Female,51,2,83615.96471848025,2,1,1,73390.96422746562,0
5539,551,Spain,Male,52,3,0.0,1,1,1,44655.60358924806,0
5540,726,Spain,Male,39,6,0.0,2,1,1,193067.6354997682,0
5541,785,Spain,Male,30,1,163100.80616485994,1,1,0,49182.54477175997,0
5542,783,Germany,Female,32,9,0.0,2,1,0,164202.0028799137,0
5543,747,France,Male,35,10,119711.48065101593,2,1,0,35302.55928033806,0
5544,634,France,Male,40,5,124441.70140249433,1,1,1,197752.23881220495,0
5545,620,France,Male,34,8,94058.48516972462,1,0,1,74112.93108380237,0
5546,516,Spain,Male,29,8,0.0,2,1,1,157927.82356930414,0
5547,812,Spain,Male,48,5,123595.43190134819,3,1,0,38974.815379578235,1
5548,687,France,Male,40,5,0.0,2,1,0,146225.7928262628,0
5549,610,Spain,Male,27,5,113458.61306302053,2,1,0,141166.50763540564,0
5550,756,France,Male,40,10,94014.70506926603,1,0,1,82143.2187578077,0
5551,572,France,Male,39,9,119831.04924370738,1,1,0,17657.58618808932,0
5552,682,Spain,Male,30,5,94728.11399466089,2,1,0,88288.8139830135,0
5553,636,France,Female,49,2,92921.19796396678,1,1,1,116349.2495338913,0
5554,701,Spain,Male,39,3,0.0,2,1,0,20488.47490766285,0
5555,644,Germany,Male,35,5,0.0,2,0,1,61127.72026448581,0
5556,533,Germany,Male,37,9,123767.16834734695,2,0,1,196033.91530686183,0
5557,656,France,Male,42,0,103534.28319425731,1,1,1,184781.13056653106,0
5558,733,France,Female,37,0,131111.56179718507,2,0,0,165358.30201928213,0
5559,647,Spain,Female,37,6,117261.32912305984,1,1,0,38526.967841725476,0
5560,712,Germany,Female,48,0,0.0,3,0,1,87094.09646968608,1
5561,566,Germany,Male,23,4,152460.56644349784,2,1,0,49406.73801251663,0
5562,647,France,Male,25,9,0.0,1,1,1,50927.990612201764,0
5563,600,France,Male,45,10,0.0,2,1,1,177265.78784378545,0
5564,709,Spain,Female,62,7,129109.30355079133,2,1,0,88337.25116712243,1
5565,652,Spain,Male,46,5,142195.08215673643,1,0,1,171306.48387293553,0
5566,705,France,Male,56,2,88478.21580370518,1,0,0,79655.36743239388,1
5567,737,France,Female,33,1,123622.80508142668,1,1,1,20289.99178642225,0
5568,705,Spain,Male,31,1,118048.92230798732,2,1,1,35537.865656579525,0
5569,671,France,Female,42,3,0.0,1,1,0,18539.065638851505,0
5570,570,France,Male,47,8,0.0,2,0,1,62974.79623504438,0
5571,649,France,Female,24,8,0.0,2,0,0,108519.4480798814,0
5572,607,France,Male,35,0,0.0,1,1,1,51802.89640421126,0
5573,622,Spain,Female,37,4,107518.75332469601,1,0,0,119840.28801304741,0
5574,620,France,Male,31,8,153528.329884595,1,1,1,65920.97503877309,0
5575,571,France,Male,32,3,109393.08077341875,2,1,0,102451.05624561822,0
5576,493,France,Male,46,10,116276.80695461512,1,1,1,69582.70728920132,0
5577,596,France,Female,42,6,108486.13772632826,1,1,0,123770.44760346254,1
5578,665,Spain,Female,45,10,0.0,1,0,1,130817.60861795624,0
5579,542,France,Male,41,5,0.0,1,1,1,173304.23256956995,0
5580,651,Spain,Female,29,3,139619.40221787943,1,0,1,166781.8838942537,0
5581,802,France,Male,42,9,0.0,2,0,0,114562.52233696672,0
5582,731,France,Male,28,10,98426.86209707138,2,1,0,85576.28513135944,0
5583,781,France,Male,34,6,99962.90746831683,1,0,0,50098.55568198195,0
5584,681,France,Female,27,6,0.0,2,0,1,127369.91322166758,0
5585,743,Spain,Male,31,1,101136.01718789742,1,1,0,113687.49315769218,0
5586,592,France,Male,38,6,113843.11475452293,1,0,0,17137.406249573643,0
5587,598,Germany,Male,33,8,91198.79390344028,1,1,0,17101.37020119404,1
5588,430,France,Male,29,5,129189.9043402105,1,0,1,38514.57347025235,0
5589,744,France,Male,49,5,115590.83648206163,2,1,0,146286.22798310284,0
5590,773,France,Male,36,10,98303.90119550763,3,1,0,173256.87558364746,1
5591,605,Germany,Male,32,5,125090.05178908234,1,1,1,14853.85321125933,0
5592,629,France,Male,27,1,119762.68895125092,2,0,1,165458.47801010095,0
5593,589,France,Male,19,5,0.0,1,0,0,98421.31465041052,0
5594,680,France,Male,35,5,0.0,1,1,0,86231.78383011294,0
5595,739,France,Female,24,8,0.0,2,1,1,113488.47756795998,0
5596,510,Germany,Male,45,1,0.0,1,1,1,188027.63048617085,1
5597,682,Spain,Female,38,8,144232.42563921696,1,1,0,118088.68216756712,0
5598,627,Germany,Male,53,4,86305.94420215156,1,1,0,29870.185810427272,1
5599,659,Spain,Male,40,8,119824.87018110452,1,1,1,99637.004217726,0
5600,686,Spain,Male,30,9,108458.29304772693,2,1,0,195790.87175027895,0
5601,634,France,Female,19,9,132528.91406715318,1,1,0,41030.41036912218,0
5602,641,Spain,Female,46,1,163695.82949953884,2,1,1,97814.14064265288,0
5603,632,France,Male,25,4,121761.03182654138,2,1,1,142443.2367896263,0
5604,727,France,Male,33,10,104320.50661506134,1,1,0,79345.31056777974,0
5605,683,Spain,Female,54,1,121535.27439743359,2,0,1,156122.4727632468,0
5606,667,Germany,Male,44,4,53718.24656151926,2,1,0,50311.18231883662,1
5607,548,Spain,Female,41,6,107354.41446613565,1,1,0,27774.731225415173,1
5608,619,Spain,Male,47,6,58029.40542379956,1,0,0,72524.3991095084,1
5609,721,France,Female,47,10,148788.80716921034,1,1,0,175035.3907868428,1
5610,653,France,Male,53,6,0.0,1,1,1,145702.20494529023,0
5611,702,France,Male,31,4,138255.9666747465,2,1,1,196777.11140241855,0
5612,791,Spain,Female,34,6,95351.24123728686,1,1,0,72662.75540426001,0
5613,733,Germany,Male,28,5,0.0,1,1,0,105462.73933496088,0
5614,657,France,Male,37,6,148368.57738803182,1,1,0,90441.45432866772,0
5615,609,France,Male,36,4,195502.19016400643,1,1,1,102586.48899676747,0
5616,445,France,Male,20,1,139036.9219388758,1,1,1,36917.60283843818,0
5617,636,Germany,Male,31,8,165544.28248188307,1,1,0,47459.82036380062,1
5618,623,Spain,Female,52,1,125766.83962647608,1,0,1,105111.60918773143,0
5619,681,France,Female,40,2,0.0,2,1,0,193955.2724312378,0
5620,637,Germany,Male,45,8,171165.75173950536,1,1,1,189486.5100700815,0
5621,624,Germany,Female,36,1,0.0,1,1,1,27858.954347728795,0
5622,507,France,Male,19,7,149560.61980119505,1,0,0,120712.57046441238,0
5623,574,Germany,Female,36,2,0.0,1,1,0,127852.37021526806,1
5624,688,France,Male,48,5,0.0,2,1,1,130827.16109159637,0
5625,787,France,Female,26,8,0.0,1,1,1,131989.84333172796,0
5626,642,France,Female,45,9,0.0,1,1,1,21678.23550094381,0
5627,676,Germany,Female,20,9,0.0,1,0,0,106383.8142494373,0
5628,726,Spain,Male,38,2,182325.4464598791,2,1,0,10428.90085296207,0
5629,585,France,Male,43,8,0.0,2,1,1,184430.33186346514,0
5630,679,Germany,Male,34,6,0.0,1,1,0,13211.612115779048,1
5631,590,France,Male,62,4,99715.28314046364,1,0,1,157693.9501769215,1
5632,719,Spain,Male,33,7,137402.78295471895,3,1,1,55629.200585058985,0
5633,662,Spain,Female,32,5,52454.061940201995,2,1,0,121414.27360250571,0
5634,673,France,Female,40,6,0.0,1,1,1,95784.81815955116,0
5635,587,France,Male,30,2,0.0,1,0,0,113326.50714009383,0
5636,706,Germany,Male,23,9,85868.1714472416,1,0,0,124228.03190829244,0
5637,816,France,Female,27,10,131674.17525572673,1,1,1,196814.73216262076,0
5638,569,Spain,Female,45,5,0.0,1,1,1,158488.21641609998,0
5639,622,Spain,Male,34,10,111463.8662938016,2,0,1,162298.7631972389,0
5640,668,Spain,Male,55,2,0.0,2,1,0,180393.0619208564,0
5641,712,France,Female,33,6,117590.36997399892,2,1,1,183064.45218066385,0
5642,605,France,Female,45,9,0.0,1,1,1,172109.8680355032,0
5643,423,France,Male,43,5,0.0,1,0,0,152411.43697144726,1
5644,758,Germany,Female,33,9,132796.76968037663,1,1,1,10138.725470799933,0
5645,710,France,Female,29,7,116722.37283438582,1,1,1,124305.78201276064,0
5646,510,France,Male,20,7,119009.69003735881,2,1,0,22567.950531703802,0
5647,601,Germany,Female,43,5,0.0,2,1,0,12343.627834987816,1
5648,775,Germany,Male,49,1,66791.10523871222,2,0,0,13843.490762585876,1
5649,765,France,Female,22,9,0.0,2,1,0,187511.63110008647,0
5650,725,Germany,Male,34,9,82327.57113815867,1,1,1,64492.41638053793,0
5651,635,Spain,Male,31,5,142611.20338854694,2,0,0,118176.3846684041,0
5652,656,France,Female,43,0,142775.7132551714,1,1,1,46184.068585190784,0
5653,639,France,Female,34,5,110701.59296981673,2,1,1,153843.8322804434,0
5654,740,Spain,Female,51,5,134044.28447996528,2,1,0,163479.327253986,0
5655,579,Germany,Male,34,5,132204.55878936357,1,1,1,77233.64316588412,0
5656,585,France,Male,25,8,0.0,2,1,0,12141.205254241828,0
5657,730,France,Female,33,3,0.0,2,1,1,130815.05659821346,0
5658,646,France,Female,34,10,0.0,1,1,1,176174.10663239713,0
5659,760,Spain,Female,43,6,0.0,1,1,0,34237.02134574021,0
5660,596,France,Male,34,10,123543.81400778539,1,0,1,143327.21932271746,0
5661,645,France,Male,42,2,58772.90762555291,1,0,1,60656.472471484456,0
5662,576,Spain,Male,30,7,0.0,2,1,1,92765.09144154216,0
5663,650,Germany,Female,35,1,0.0,1,1,0,73411.12340284247,1
5664,531,Spain,Female,30,1,0.0,2,1,1,182241.10171599462,0
5665,610,France,Male,29,4,118947.49513958363,1,0,0,66987.18331722416,0
5666,535,France,Male,50,0,198779.6765759925,2,1,1,192329.2810340703,0
5667,705,France,Male,30,0,104518.53114416073,2,1,0,31891.20962810609,0
5668,707,Germany,Female,34,10,76477.3558358972,2,1,1,185388.12543968722,0
5669,511,Germany,Male,48,2,103574.32563894372,2,1,0,135564.4853830547,1
5670,756,France,Female,45,5,0.0,2,0,1,60584.55259278503,0
5671,849,France,Male,54,9,0.0,1,1,0,14923.180859000786,0
5672,653,Spain,Male,42,5,88830.23379547283,2,1,0,38594.00614847802,0
5673,598,Spain,Male,31,7,139655.24387218998,2,1,1,186779.61252605254,0
5674,850,France,Female,58,6,127402.1543109046,1,1,0,104780.02493197967,1
5675,544,Germany,Male,43,0,100204.11873528454,1,1,0,119661.40863087626,1
5676,651,Germany,Female,36,0,75796.11299856854,1,1,1,167533.52610214503,0
5677,664,Spain,Female,38,3,0.0,1,1,0,128575.62272613794,0
5678,757,Germany,Male,39,0,0.0,3,1,1,48142.49413550255,1
5679,678,Germany,Male,35,0,73884.9555294596,1,1,0,118874.72806663661,1
5680,610,Germany,Female,24,9,96221.14403394083,2,1,1,134532.90415614343,0
5681,573,Germany,Male,54,0,73307.69536491517,1,1,1,55124.41272021245,1
5682,622,France,Male,37,10,0.0,2,1,1,187011.68947654957,0
5683,569,France,Female,39,2,112706.93976750187,2,1,1,43611.6976692661,0
5684,653,Germany,Female,58,9,100352.79377613075,2,1,0,145283.40009265285,1
5685,604,Germany,Male,31,1,0.0,2,1,1,182205.86014839433,0
5686,530,Germany,Male,44,10,130101.92002760057,2,0,1,72723.35861011269,0
5687,750,France,Female,30,9,135565.287453226,1,1,1,171759.41416680705,0
5688,610,Spain,Male,41,7,0.0,1,1,0,122203.78037042047,0
5689,548,France,Male,40,6,169255.53398170957,2,1,1,67841.90014164992,0
5690,636,Spain,Male,45,9,132150.44736731084,2,1,1,148999.18657010054,0
5691,655,France,Male,50,7,0.0,1,0,1,88471.13296438447,0
5692,510,France,Female,32,3,0.0,1,1,1,48365.794645302405,0
5693,676,France,Female,52,8,130560.99539103995,2,1,0,184229.95962198696,0
5694,566,Spain,Female,52,4,131338.844363381,1,1,0,105834.24468097847,1
5695,786,France,Female,35,6,93149.74946816998,2,0,0,160709.4512073148,0
5696,691,France,Male,37,3,0.0,1,1,1,189808.57368806447,0
5697,618,France,Male,33,0,84824.28982706968,1,1,1,149475.3211284179,0
5698,590,France,Female,34,10,73950.63610107552,1,1,0,99256.97326215623,0
5699,641,Germany,Male,25,7,137090.00941820003,2,1,0,172882.12932738458,0
5700,699,France,Male,45,8,99247.6497014292,1,0,1,121839.5919680534,0
5701,647,France,Male,18,8,103481.96709533047,2,1,0,29098.350162157956,0
5702,632,Germany,Male,31,9,101282.27627213403,1,1,1,126227.08020629258,0
5703,654,Spain,Male,37,7,124074.32824211728,4,0,0,11023.6391516837,1
5704,601,Spain,Male,50,0,108730.36171303873,2,1,0,195391.83272582054,0
5705,622,Spain,Male,32,2,119114.07105022403,1,0,0,108953.2681542265,0
5706,483,Germany,Male,42,4,143409.29111748413,3,1,0,27521.46555795771,1
5707,727,France,Male,37,6,0.0,1,1,0,66913.00129821966,0
5708,673,Germany,Male,47,7,133693.6085500267,1,1,1,135167.4136702813,0
5709,588,Germany,Female,41,0,165389.91404919635,1,1,1,64870.46025479598,1
5710,801,Spain,Female,46,4,86012.65426468206,2,0,0,89982.07781458744,0
5711,656,Spain,Female,32,2,0.0,1,1,1,66782.07717139524,0
5712,567,Spain,Female,27,6,0.0,3,1,1,129506.8333960348,0
5713,718,France,Female,41,5,0.0,2,0,0,63977.7499091722,0
5714,681,France,Male,33,0,73888.29781149261,1,1,1,164479.22030573976,0
5715,681,Germany,Male,38,10,0.0,1,1,0,147675.11176504608,1
5716,615,Spain,Female,41,1,0.0,2,1,1,71800.19737372056,0
5717,686,France,Female,50,4,140739.63873889128,2,1,0,128645.44545174534,0
5718,629,Germany,Male,45,4,0.0,2,1,0,102192.70545544877,1
5719,694,Spain,Female,31,0,0.0,1,1,1,20270.23341796514,0
5720,497,France,Male,26,10,69062.23305425895,1,1,0,88841.96566751548,0
5721,615,Spain,Male,55,3,128071.63561108548,1,1,0,34980.3444983823,1
5722,787,Spain,Male,22,8,0.0,1,1,1,32591.69840213712,0
5723,588,France,Male,33,8,0.0,1,1,1,40357.74959436067,0
5724,601,Germany,Male,44,4,0.0,2,1,0,91421.40624183536,1
5725,614,France,Female,54,6,83227.51024307983,2,1,1,184263.40157521018,0
5726,552,France,Male,36,10,90970.42478567008,2,1,1,156600.74551865624,0
5727,473,France,Male,38,1,123071.27468595629,1,1,1,172119.0833261792,0
5728,631,Spain,Male,29,0,75948.88138967784,2,1,1,149805.19501122413,0
5729,660,France,Female,39,1,90475.98000620262,1,1,1,194230.81162427994,0
5730,645,France,Female,26,3,116604.79484739612,1,1,0,150739.40490830774,0
5731,638,Germany,Male,30,5,0.0,2,1,1,160269.38745977858,0
5732,653,France,Male,45,2,0.0,1,1,1,164508.83915432825,0
5733,731,Germany,Male,33,1,128450.882652662,1,1,0,140816.59343338828,0
5734,634,Spain,Female,47,6,0.0,2,1,1,48771.27093165581,0
5735,604,Germany,Male,36,7,121628.67342211764,2,1,1,194495.1147922,0
5736,627,Spain,Male,24,8,0.0,1,1,1,101356.48303578151,0
5737,696,France,Male,49,10,116617.13603166978,2,1,1,167577.216620162,0
5738,762,France,Male,24,9,137869.42391908017,2,1,0,161784.89718516247,0
5739,599,Germany,Female,31,7,131386.10743777556,1,1,1,91232.34628035755,0
5740,657,Germany,Male,36,1,89689.28411112301,2,1,1,169524.7939501437,0
5741,677,France,Male,48,2,86453.54594820159,1,0,0,57182.284634379284,1
5742,570,Spain,Female,32,0,163643.64748109796,1,0,1,77354.71048480559,0
5743,651,France,Female,28,0,141790.88067454685,1,0,0,53514.198335021734,0
5744,532,Germany,Male,39,5,113788.37581659606,1,1,1,20886.585328931855,0
5745,508,Germany,Female,35,2,154982.73061869765,2,0,1,54615.07352068302,0
5746,679,Germany,Female,33,3,115376.96856399515,1,1,0,133235.71232441577,1
5747,619,Germany,Male,40,9,188439.56865621297,2,1,1,154700.80401953237,0
5748,666,Germany,Male,25,7,112194.62227508934,2,1,0,76768.81866853854,0
5749,648,France,Male,20,4,193995.73762005102,1,0,1,150113.86776278066,0
5750,571,Germany,Male,59,10,0.0,1,0,0,11339.771289811219,1
5751,646,Spain,Male,39,5,83505.8493164693,2,0,0,154229.98734438026,0
5752,551,Germany,Female,39,8,121001.39157065457,1,1,0,169552.65176030347,1
5753,761,Spain,Female,30,10,0.0,2,0,1,198482.33757248576,0
5754,541,France,Male,46,10,0.0,2,1,0,179948.97229065813,0
5755,634,Spain,Male,32,1,102456.19513445607,2,1,0,141336.5639862501,0
5756,566,Spain,Male,18,2,127931.18478686776,1,1,0,75926.24727531493,0
5757,695,France,Female,32,4,138827.60648798366,1,0,1,64045.8077769105,0
5758,623,France,Female,35,1,99013.67135997936,1,1,0,32216.028270875227,0
5759,608,Spain,Male,36,7,118201.593696301,1,1,0,64508.02571600343,0
5760,718,France,Female,36,1,89981.19266957734,2,0,1,67989.08755394479,0
5761,652,France,Male,31,3,130877.83314980823,2,1,0,145607.33577239007,0
5762,691,France,Female,30,2,91891.40671385503,2,1,1,148014.3441705654,0
5763,571,Germany,Male,35,3,127018.86268896572,1,1,0,108997.7511742088,1
5764,537,Germany,Male,21,3,0.0,2,0,0,156715.88472953648,0
5765,658,France,Male,18,5,140190.42943940038,2,1,1,75008.50420199796,0
5766,624,Germany,Female,38,9,112484.35687236101,1,1,0,99441.11834258871,1
5767,700,Spain,Female,39,9,80674.65422005982,1,1,1,19181.58876262368,0
5768,643,France,Female,46,9,120626.56590471459,2,0,0,111953.24525535361,0
5769,666,France,Male,35,8,108875.29701440663,1,0,1,83653.19903361055,0
5770,520,Spain,Male,26,2,120770.45344472812,4,0,1,22638.056039789895,1
5771,801,France,Male,18,0,123328.07616042715,2,1,0,27645.60155598504,0
5772,636,Germany,Female,29,7,107962.87710996323,2,1,0,134913.3003401311,0
5773,705,France,Female,42,6,0.0,1,1,0,151248.43818500312,0
5774,583,France,Female,52,1,132701.8440950095,1,1,0,28691.635284205342,1
5775,674,Germany,Female,38,4,166093.3093603476,2,1,0,157226.3439659782,1
5776,545,France,Female,25,9,125649.59367850909,1,1,1,174076.60871773327,0
5777,686,Spain,Female,29,3,0.0,1,1,0,117564.99863940573,0
5778,621,France,Male,29,8,150873.88520538431,1,0,0,102858.4522516204,0
5779,652,France,Female,33,3,0.0,1,1,1,97412.01722544109,0
5780,705,France,Female,49,4,158763.48205691704,2,0,0,66364.89659970623,0
5781,551,France,Male,49,7,143946.33702834081,1,1,0,180454.8298279103,1
5782,595,France,Female,36,2,38121.25343358255,1,1,0,175062.40597727164,0
5783,686,France,Male,39,5,132143.6547272481,2,1,1,107192.99225644332,0
5784,817,Spain,Male,30,5,0.0,1,1,1,56062.55869498892,0
5785,638,Spain,Female,20,6,143705.48193409626,1,0,0,182949.0851796401,0
5786,697,France,Male,55,8,71513.08878857648,1,1,1,148960.05394860706,0
5787,641,Germany,Male,18,10,0.0,2,0,0,166337.92661854773,0
5788,805,France,Female,19,2,114944.71985454041,1,1,0,167266.0210012767,0
5789,510,France,Male,55,4,108260.23484662423,1,1,1,45890.44501330753,1
5790,657,Spain,Male,38,4,150238.30254861258,2,1,0,20270.097224491386,0
5791,519,France,Female,26,4,204381.69956389902,2,0,1,105994.20400588684,0
5792,449,France,Male,44,5,127529.25528593255,1,1,1,98555.61066517295,0
5793,673,France,Male,45,0,0.0,2,1,1,71065.57216516744,0
5794,661,Germany,Male,24,8,160208.63661499674,2,1,1,147440.5305765959,0
5795,627,Spain,Male,32,2,192713.33584352265,1,0,0,125278.03121040913,0
5796,641,France,Male,46,5,143255.83343615255,1,1,0,83195.990410633,0
5797,850,France,Female,29,3,144756.72321522192,2,0,1,102756.42773356737,0
5798,629,Germany,Male,40,6,116496.1300803232,2,1,1,112476.61235053629,0
5799,690,Spain,Male,52,7,91455.22522420411,1,0,0,188745.08767859545,1
5800,598,France,Female,18,3,154131.53785857794,1,1,0,108383.46820590757,0
5801,673,France,Female,34,9,103719.21681630456,1,1,1,134355.96058339436,0
5802,630,France,Male,40,5,60010.28924477437,2,1,1,182904.88564372083,0
5803,617,Spain,Male,20,9,0.0,1,1,0,146185.31367955933,0
5804,795,Germany,Female,32,6,114644.62542634906,1,1,1,113435.22013801183,0
5805,744,France,Female,48,9,130517.5800117531,2,1,1,86312.29730107293,0
5806,660,France,Female,30,6,0.0,2,0,0,31324.633511780172,0
5807,465,Germany,Male,23,8,0.0,2,1,0,159340.30612340008,0
5808,621,Spain,Male,49,7,0.0,1,1,1,159565.83512031854,0
5809,850,Spain,Male,42,2,125388.99801940555,1,1,1,194667.6473182576,0
5810,631,France,Female,37,3,0.0,2,1,1,107161.05437625526,0
5811,738,Spain,Female,37,8,118378.00367594455,1,0,0,143357.70368801313,0
5812,765,Spain,Male,48,10,98672.4846714442,2,0,0,195804.18809218722,0
5813,667,France,Male,40,6,0.0,1,1,1,126323.62186954031,0
5814,582,Germany,Female,44,6,108984.76958795321,1,1,1,166666.24772950303,1
5815,455,Germany,Male,31,0,0.0,2,1,0,88037.64350367126,0
5816,704,Spain,Male,18,1,121378.01246664707,1,1,0,45417.91068828995,0
5817,584,Spain,Female,44,0,146361.62521267182,2,1,0,170169.09286903602,0
5818,664,France,Male,49,3,65586.63333516264,1,0,0,91774.97842811186,1
5819,550,France,Male,35,3,139475.59811933062,1,1,0,151335.46167713866,0
5820,628,France,Male,46,4,139550.8451520127,2,0,0,109926.70007614969,0
5821,652,Germany,Female,34,4,156296.18425574282,1,1,1,96843.36926196305,0
5822,671,France,Male,37,0,128730.90963522649,2,1,0,19788.355040519076,0
5823,560,Germany,Female,55,6,113204.1360444119,3,0,1,156111.15696774173,1
5824,745,France,Male,35,5,120178.27227194219,1,1,0,71038.5394931075,0
5825,602,Spain,Female,34,7,115974.21358408654,2,1,0,84276.4675460405,0
5826,516,Spain,Male,19,3,0.0,1,0,1,76413.80019594227,0
5827,641,Spain,Male,44,0,0.0,2,1,1,141889.6788119843,0
5828,652,Germany,Female,30,2,134777.34829596698,2,1,1,145515.08071373205,0
5829,662,Germany,Male,39,8,0.0,2,0,1,164912.98525837326,0
5830,758,France,Female,34,9,0.0,1,1,0,138557.83241720282,0
5831,631,France,Male,33,6,0.0,1,0,0,182433.9542755612,0
5832,640,France,Male,36,1,97981.05466453604,2,1,1,55853.399908460575,0
5833,561,Spain,Male,37,2,124933.33603185289,2,1,1,104060.24850430041,0
5834,715,France,Female,49,1,133228.955593869,2,0,1,194108.5513680438,0
5835,664,Spain,Male,53,3,124490.70346672172,1,1,1,57377.4152413685,0
5836,616,France,Female,44,1,89600.90060508632,1,1,1,147838.87978815474,0
5837,497,Spain,Male,50,3,0.0,2,0,0,69670.52893691766,1
5838,765,Germany,Male,46,10,96221.96911572231,2,1,1,96728.40888466768,0
5839,551,Spain,Male,42,6,120989.45757595595,2,1,1,112210.94800384511,0
5840,602,Spain,Male,52,7,160871.2772214108,1,1,0,161910.918256587,1
5841,678,France,Male,24,9,69085.69952611453,1,1,0,127761.26113074763,0
5842,554,France,Female,31,5,94792.55940258516,1,0,1,10191.762011774978,0
5843,530,Spain,Male,29,10,121887.51045386653,2,1,0,73940.30030826552,0
5844,480,France,Male,34,8,105479.39792347864,1,1,0,75714.26748877333,0
5845,707,Germany,Female,44,5,75333.53270977765,2,0,0,103148.48448641323,1
5846,606,Germany,Male,26,10,121389.45192687893,1,1,0,182332.9792913916,0
5847,850,Germany,Male,43,10,54009.240293775554,2,1,0,183490.08902131344,0
5848,570,France,Male,32,2,185344.77222687696,1,1,0,97370.20177031447,0
5849,576,Spain,Male,34,0,0.0,1,1,1,147874.81907765038,0
5850,604,France,Male,40,8,93972.36268082366,2,0,0,77208.17788950952,0
5851,669,France,Male,54,2,110788.25503571339,2,0,0,64624.73686495452,0
5852,612,France,Male,30,0,72187.77155593177,1,1,0,97900.18004073073,0
5853,698,France,Female,37,10,160810.37767496196,1,1,0,170803.07270067045,0
5854,571,France,Female,27,1,124380.43094127292,2,1,1,109007.84737863028,0
5855,539,France,Female,30,2,79095.0509654253,1,1,1,99751.54311985205,0
5856,506,Germany,Male,27,7,0.0,1,0,0,39958.93998808553,1
5857,472,France,Male,40,7,0.0,1,1,0,151118.72652063394,1
5858,608,Germany,Female,42,1,136786.02030678728,2,1,1,78819.01169746922,0
5859,625,France,Male,44,5,137015.16791420055,1,1,0,153512.19792746264,0
5860,599,France,Male,30,1,0.0,2,0,1,194395.4710871681,0
5861,749,Spain,Male,43,6,0.0,2,1,0,27262.27796324834,0
5862,748,Spain,Male,39,9,193477.85957804706,3,1,0,173819.23484545771,1
5863,623,France,Female,37,10,109593.88190588879,2,1,1,41731.66806786689,0
5864,506,France,Male,25,10,130400.87310297736,2,1,1,175092.64102442746,0
5865,604,France,Female,39,2,169867.22736362126,1,1,1,148179.7144228565,0
5866,602,France,Female,39,7,126945.97685342407,1,0,1,90160.5353730123,0
5867,597,Spain,Male,39,2,164101.32724908972,2,0,1,96658.12497896558,0
5868,594,Spain,Male,42,9,154692.3295927844,1,0,0,65291.15015373681,0
5869,597,France,Female,44,5,0.0,1,0,0,142840.3607511605,1
5870,619,Germany,Female,27,0,0.0,2,1,0,180407.029611359,0
5871,599,France,Male,35,7,110591.92152229277,1,0,0,120738.42725463775,0
5872,666,Spain,Male,43,6,0.0,1,1,0,65834.29933253399,0
5873,678,Germany,Male,35,0,0.0,1,0,0,146265.2747802055,1
5874,577,Germany,Male,47,6,0.0,2,1,1,58218.71222462965,0
5875,751,France,Female,38,10,0.0,2,1,1,60494.69310245271,0
5876,571,Spain,Male,18,4,101964.01562867197,4,1,1,131197.80247859942,1
5877,520,France,Male,46,1,108466.65038649738,1,0,1,28021.89432489495,0
5878,680,Spain,Male,36,0,0.0,1,1,1,85231.47759472387,0
5879,584,France,Female,20,1,106962.79944067783,1,1,0,79982.67127688816,0
5880,675,France,Female,35,5,0.0,1,0,1,20053.5517196059,0
5881,457,Germany,Female,25,1,111169.25379703133,1,1,1,184424.83676917764,0
5882,761,France,Female,45,5,142272.4829219507,2,0,1,188162.2351207429,0
5883,703,Germany,Female,37,7,105098.89068983681,2,0,0,85488.48494432087,0
5884,529,Germany,Female,28,7,0.0,2,1,1,80192.57551692924,0
5885,531,Spain,Male,46,5,171102.21565439485,2,1,1,33104.97814792141,0
5886,783,France,Male,42,4,0.0,1,1,0,116881.29505694927,0
5887,591,France,Female,35,3,0.0,1,1,0,76052.31768298996,0
5888,583,Germany,Male,25,5,128403.44225105701,1,1,0,170143.4134549297,0
5889,468,France,Female,29,4,0.0,2,1,0,149290.50804065118,0
5890,621,Spain,Male,29,9,165930.78830804766,1,1,0,33409.22848063545,0
5891,631,Spain,Female,45,3,80071.37126046034,1,1,0,50767.88272618973,1
5892,707,Germany,Male,21,5,145939.466460197,2,1,0,32440.48837350975,0
5893,538,Germany,Male,37,8,0.0,2,1,0,35779.97345076949,1
5894,528,Spain,Female,35,8,0.0,2,1,0,22712.5731769469,0
5895,686,France,Male,48,7,100822.24546890726,1,0,1,79556.66736217194,0
5896,730,France,Female,40,9,127419.31533740439,2,1,0,125114.53237749988,0
5897,524,France,Female,43,0,134290.0795966293,1,1,0,192989.10774771433,1
5898,736,Germany,Female,32,8,153256.8618717075,2,1,1,90620.70023980211,0
5899,653,Spain,Female,25,4,0.0,1,0,1,190851.90675748323,0
5900,737,Germany,Male,34,10,98877.88789590387,2,1,1,28056.033714378053,0
5901,644,Spain,Female,45,2,167929.450853966,2,0,1,41016.35151068553,0
5902,448,Spain,Male,45,7,0.0,3,1,1,86373.13220031478,1
5903,637,France,Male,33,7,138385.02799587324,1,1,0,84793.06707865394,0
5904,734,France,Female,29,8,0.0,1,1,0,13282.815145687193,0
5905,578,France,Female,27,1,118560.4840801486,2,0,0,21253.36058212503,0
5906,618,Spain,Male,36,9,0.0,2,1,0,71887.01106680761,0
5907,635,France,Male,39,3,144904.17905415458,2,0,1,69563.32825012965,0
5908,418,Spain,Female,52,9,123111.63332913296,1,1,0,64328.62762291982,1
5909,783,Spain,Male,39,1,0.0,1,1,0,109401.60971897734,0
5910,577,France,Female,44,5,0.0,1,0,0,47747.796411665,1
5911,690,France,Female,30,0,144536.09761793006,1,1,1,106170.18713269183,0
5912,643,France,Male,38,9,0.0,2,0,0,19641.281803134312,0
5913,750,France,Male,39,2,111566.08094939946,1,1,1,104599.87641654564,0
5914,682,Spain,Male,36,1,75522.29886833156,2,1,0,152140.6856236584,0
5915,631,France,Female,37,6,160096.53784858968,2,1,1,185322.50213798438,0
5916,578,Germany,Female,39,7,0.0,1,1,1,180094.57113894104,1
5917,713,Germany,Female,42,1,0.0,2,1,1,132936.60210770392,0
5918,500,France,Male,49,8,115362.10666541825,2,0,0,196654.1112241587,1
5919,701,Spain,Female,18,10,0.0,2,0,0,79632.42731166823,0
5920,562,Spain,Male,49,0,79300.0089676639,1,1,0,141696.94168573184,1
5921,750,Spain,Female,20,1,125767.80254016549,4,1,1,197951.3821355183,1
5922,662,France,Male,41,2,158824.26443789224,2,1,1,142003.9791469668,0
5923,701,France,Female,61,1,193687.54990433867,1,0,1,59227.928716376744,1
5924,656,France,Female,37,0,137532.955103286,1,0,1,164414.39564077868,0
5925,509,France,Male,39,7,175639.2244837234,2,0,1,76557.02448560324,0
5926,581,Germany,Female,34,0,138823.26404946594,1,0,0,63585.43304079287,1
5927,703,Spain,Male,44,4,0.0,1,1,1,167211.1902415289,0
5928,663,Germany,Male,41,10,119510.21785781393,2,1,1,86210.24369933025,0
5929,744,France,Male,31,5,130174.09215222544,1,0,1,132655.70444341825,0
5930,682,France,Female,36,6,132755.98930622553,1,1,1,174899.68435795823,0
5931,572,Spain,Female,26,2,0.0,2,1,1,39009.39384626349,0
5932,586,France,Female,36,10,0.0,3,0,1,126839.43044913189,1
5933,658,France,Female,33,6,142799.5779660964,1,1,0,44157.501382976334,0
5934,464,Spain,Male,39,7,0.0,1,0,1,124727.25313178894,0
5935,783,France,Male,30,9,133013.674139731,2,1,0,103226.29971644374,0
5936,685,Spain,Male,35,2,113284.10942597083,2,0,0,175902.13241419572,0
5937,748,France,Female,38,4,0.0,1,0,0,181159.44407064383,0
5938,523,Spain,Female,38,0,157172.81017300105,1,0,1,156386.3543642717,0
5939,749,Germany,Male,40,8,102967.53061948431,2,1,0,129446.89321934506,0
5940,828,France,Female,36,7,112087.68285235598,1,1,1,63767.65461417789,0
5941,544,Germany,Female,30,2,110516.86590342192,2,0,1,102688.41872662077,0
5942,711,Spain,Male,38,3,0.0,1,0,1,39370.405151601284,0
5943,650,Germany,Female,36,0,57160.58375054191,2,0,1,11514.264252185058,0
5944,526,France,Female,48,0,133752.47337427063,2,1,0,117740.2635393259,1
5945,689,Spain,Male,49,5,78655.963529973,1,0,1,59809.64729603669,0
5946,716,France,Female,24,5,102805.35117676263,2,1,1,63090.43774931026,0
5947,601,Germany,Male,44,8,0.0,2,0,1,43877.23205474496,0
5948,743,Spain,Male,46,4,172293.37982813886,1,1,1,24728.491220775817,0
5949,516,France,Male,24,2,115862.27490399269,1,1,1,57264.352235819766,0
5950,530,Germany,Female,43,5,132959.05720392373,2,1,1,54567.24186565238,0
5951,660,France,Male,46,7,86001.88793909704,2,1,0,88409.99661193426,0
5952,652,France,Female,28,6,0.0,4,0,1,24474.86905556119,1
5953,592,Spain,Male,35,10,95873.50602735822,2,0,1,98172.62650565189,0
5954,714,Spain,Male,39,9,126651.12668606394,2,1,1,20480.440485440067,0
5955,692,France,Female,43,2,88269.73526052957,1,0,0,47200.06874324552,0
5956,718,France,Male,28,0,154678.62776990348,2,1,0,170220.366009291,0
5957,640,Germany,Female,49,3,99245.04172777668,1,0,1,22118.577972521627,1
5958,698,Spain,Male,18,5,0.0,3,0,0,29901.948410255976,0
5959,614,France,Female,51,3,97934.403792417,1,1,1,121025.76571930887,0
5960,814,France,Female,43,4,82021.70769523067,1,1,1,59946.241400002,0
5961,584,Germany,Female,31,9,71170.47154293628,1,0,1,156945.5551218844,0
5962,818,Spain,Male,46,6,48835.741414110715,1,1,0,91179.29396360644,0
5963,652,Germany,Female,27,4,0.0,1,1,1,118826.89543578152,0
5964,539,France,Male,39,4,0.0,1,0,0,31008.91587220709,0
5965,759,Spain,Male,40,1,0.0,2,0,0,142507.8369095111,0
5966,660,Spain,Male,40,0,81315.35156261153,1,0,1,189875.8890761927,0
5967,718,France,Male,29,3,0.0,2,0,0,192522.79184093676,0
5968,747,Spain,Female,33,10,0.0,2,1,0,133374.19207435328,0
5969,677,Spain,Female,39,9,0.0,3,1,1,25672.414120364003,1
5970,602,France,Male,30,7,148081.15738147066,2,1,1,173157.0112178037,0
5971,728,Germany,Female,40,2,158682.99012169876,1,1,1,198734.69100076286,0
5972,650,Germany,Male,31,5,112003.54685384581,2,0,1,35576.314934778435,0
5973,704,Germany,Female,48,9,71310.12538442994,2,1,1,167525.00310365073,0
5974,477,Germany,Female,53,1,89548.47404889518,1,1,0,39556.85614015967,1
5975,685,France,Female,35,8,115679.58796904678,1,0,0,95016.47570869881,0
5976,598,France,Male,47,8,78874.47549537668,1,1,0,185703.68810129008,1
5977,782,Germany,Female,35,3,119777.27103507424,1,1,1,187095.50845905786,0
5978,699,France,Male,28,10,131876.68982031615,1,1,1,114998.61675246684,0
5979,669,France,Female,33,7,113831.55482164444,2,1,1,187914.48160222583,0
5980,688,Spain,Male,38,1,119400.35458827854,2,0,1,17176.469235780336,0
5981,570,France,Female,20,9,91201.01985807277,3,1,1,140372.6623160353,0
5982,779,Spain,Male,44,1,97526.51822093976,1,0,1,91369.26415843322,0
5983,809,France,Female,38,5,118097.79264394936,1,0,0,115227.72111812067,0
5984,681,France,Female,48,1,0.0,1,0,0,46771.72414525186,1
5985,777,Germany,Female,44,0,120275.8796209965,2,1,1,48337.036215006665,0
5986,604,Germany,Female,39,9,86254.26216041567,1,1,1,148583.79878940585,0
5987,586,Germany,Female,34,1,75046.55485218065,3,0,1,155929.97969571658,1
5988,653,Spain,Female,53,1,112646.94020782215,1,1,0,131669.37767890556,1
5989,684,Germany,Male,59,4,154173.2170447294,2,0,1,75675.49372730493,1
5990,618,Germany,Female,34,5,71976.11798499263,1,1,1,144153.16461436867,0
5991,693,Spain,Male,48,10,161496.55282966996,1,1,0,108412.20834276525,0
5992,674,Germany,Female,30,2,163828.9898788561,1,0,1,143203.14431230188,0
5993,570,France,Female,32,7,0.0,1,0,0,50916.593957831814,0
5994,691,Germany,Male,34,1,0.0,2,0,0,103459.28284065473,0
5995,719,France,Female,44,9,0.0,2,1,0,33901.12535304495,0
5996,663,Spain,Female,27,2,133281.57215992297,1,1,0,192846.51669011053,0
5997,742,France,Male,53,3,0.0,1,0,0,198790.84398180226,1
5998,552,Spain,Male,47,4,131303.54864191226,3,1,0,91559.09448778475,1
5999,687,Spain,Male,44,4,0.0,1,1,0,85293.90888722581,0
6000,556,Germany,Female,35,5,144240.8271194799,1,1,0,91293.92044753372,1
6001,560,Germany,Male,46,3,212799.20076116506,1,0,0,45442.21203076871,1
6002,599,Germany,Female,18,9,0.0,1,1,1,49535.512924256014,0
6003,574,France,Male,42,10,157249.95250463404,1,1,1,195244.8540205886,0
6004,606,Germany,Male,39,6,0.0,1,0,0,74422.42810888277,1
6005,632,France,Female,19,7,0.0,1,1,1,175358.23567141368,0
6006,716,Germany,Male,42,3,0.0,2,1,1,11453.710188244328,0
6007,624,France,Female,43,8,148795.8090888112,2,0,0,123296.28838179869,0
6008,523,Spain,Male,19,5,138348.50354569586,1,1,0,53271.614260587376,0
6009,741,Germany,Male,26,7,107959.10446565156,2,1,0,118307.42096785315,0
6010,583,Germany,Male,58,8,108562.60930729726,2,1,0,137300.32441969364,1
6011,645,Spain,Female,36,0,94600.41750700497,1,1,1,164499.9522222479,0
6012,685,Germany,Male,47,4,0.0,1,1,0,56599.884491047684,1
6013,665,France,Male,49,6,135563.95965688507,2,1,0,131381.30460154358,0
6014,737,Spain,Male,41,9,153700.33611553803,2,1,0,10780.495145621973,0
6015,688,Spain,Male,48,1,77369.01911423515,2,1,0,199858.2227632984,0
6016,581,France,Female,18,10,229770.86232710426,2,1,0,89497.27373377419,0
6017,824,France,Female,35,6,86233.73166534008,1,1,1,47709.10912396638,0
6018,665,France,Male,18,6,90665.8061858146,2,1,0,132458.85328594258,0
6019,638,Spain,Male,20,2,0.0,1,1,1,111478.39630906243,0
6020,727,France,Female,32,8,0.0,1,1,0,10604.23380163762,0
6021,669,France,Male,31,6,138582.61299683354,1,1,1,86351.08539974017,0
6022,681,France,Male,38,9,139308.89140633732,2,0,1,167319.41524914518,0
6023,849,Spain,Male,37,10,139538.35259024292,2,1,0,59247.105944420946,0
6024,627,Spain,Male,39,4,0.0,2,1,1,192413.12980712875,0
6025,624,Spain,Male,39,6,149813.24942031305,1,1,1,174268.25127434896,0
6026,659,Spain,Male,41,6,0.0,2,1,0,80461.72627702566,0
6027,735,France,Female,28,5,108451.56822555969,2,1,1,86209.60819916974,0
6028,529,France,Male,30,3,0.0,2,0,0,95961.80014090707,0
6029,492,Germany,Female,37,7,114316.56975004837,1,1,0,131058.76005205102,1
6030,603,France,Female,37,1,157969.68621216266,1,1,0,72278.64738592872,0
6031,519,France,Female,27,7,142960.12875762876,1,1,0,10201.200267644675,0
6032,616,Spain,Female,48,4,0.0,1,1,0,92952.62357437103,1
6033,690,France,Male,45,6,0.0,2,0,0,104007.07204139869,0
6034,578,Germany,Male,29,2,0.0,2,1,1,144774.17002764225,0
6035,535,France,Female,35,6,78778.17021211314,1,1,0,13449.774921635213,0
6036,655,Spain,Male,58,8,92155.10417703178,2,0,1,130075.43246803553,0
6037,719,France,Male,39,6,132254.38081083435,1,1,1,24481.34489475024,0
6038,514,France,Female,41,0,115836.01076507734,1,1,1,109820.4240028132,0
6039,715,France,Male,31,8,0.0,1,0,0,48209.634748768556,0
6040,715,Germany,Female,34,6,0.0,1,1,1,177094.2963955064,0
6041,726,Germany,Female,53,1,144714.45063920194,3,0,1,91129.37631156183,1
6042,747,France,Female,39,4,119807.1482977829,2,0,1,33665.65345459087,0
6043,826,Germany,Female,37,10,137874.30710065557,2,1,0,15234.02832865577,0
6044,621,Spain,Male,38,9,131746.23995283377,2,1,0,171883.30913996932,0
6045,658,Germany,Female,63,1,111483.14769768353,2,1,0,188144.72795203116,1
6046,616,Germany,Male,38,6,0.0,1,0,1,147994.01277529597,0
6047,650,France,Female,29,8,111970.68885356262,1,1,0,136176.0630457749,0
6048,772,Spain,Male,31,3,0.0,2,1,1,57231.71246760529,0
6049,542,Spain,Female,45,2,65493.29917709363,1,1,1,147824.2829460624,0
6050,581,France,Female,23,5,87571.97363064237,1,1,0,39165.492583157305,0
6051,760,France,Male,42,7,0.0,1,1,1,164913.01188907368,0
6052,731,Germany,Male,30,7,73811.1160461315,1,1,0,93051.04081445994,0
6053,620,Germany,Male,19,7,104021.89647842852,1,1,1,176191.66829801246,0
6054,718,Germany,Male,28,4,145050.8854265894,2,1,1,75180.04366138946,0
6055,677,Germany,Male,38,10,0.0,1,1,0,12156.799910569813,1
6056,770,Germany,Female,51,5,142086.80270139477,1,1,0,164286.6466872434,1
6057,655,France,Male,47,1,162482.4867767403,1,1,0,177484.2449608287,1
6058,732,France,Male,35,5,0.0,1,1,1,13586.66781022842,0
6059,850,France,Female,47,4,89379.7700931624,3,1,0,58744.58059462112,1
6060,697,France,Male,34,2,0.0,1,0,1,70324.14630683251,0
6061,653,France,Male,23,7,118358.71035513403,2,1,1,123650.71275733413,0
6062,707,Spain,Female,38,3,124272.17903724793,2,0,0,54862.0881788506,0
6063,620,Germany,Female,22,1,0.0,1,1,0,185948.2895792276,0
6064,841,Germany,Male,45,10,0.0,2,1,1,193029.1210332724,0
6065,664,Spain,Male,46,2,146676.80656251314,2,1,0,121220.19902384518,0
6066,628,Germany,Male,29,1,44319.93474647349,2,1,1,197285.3029837335,0
6067,583,Spain,Male,39,1,138203.00776673504,1,0,0,42426.71682751855,0
6068,737,Germany,Male,39,2,99570.86734822503,1,0,1,31914.249152312044,0
6069,719,France,Female,46,6,0.0,1,1,1,87093.17797946915,0
6070,610,France,Female,25,9,69838.25551647255,2,0,1,161180.40506402557,0
6071,696,Germany,Male,43,0,132300.04228353937,2,1,0,121953.08738367396,0
6072,529,France,Female,24,9,111574.26245204145,3,0,0,129686.8502608151,1
6073,664,Spain,Male,45,5,165687.7229416677,3,0,0,192166.74222178396,1
6074,686,France,Male,48,10,0.0,1,0,0,123622.08918648494,0
6075,786,Spain,Female,31,0,84286.99645796402,2,1,1,92387.36303002316,0
6076,588,Germany,Female,50,2,117518.91565667305,1,1,1,159116.15964067253,1
6077,547,France,Male,22,3,0.0,1,1,1,155331.8338234401,0
6078,578,Germany,Male,48,7,94385.31900841268,1,1,1,189926.64446150255,1
6079,543,France,Female,52,1,172725.43685991992,1,1,1,126703.05027719916,1
6080,756,France,Male,41,6,0.0,2,0,1,12814.426374464521,0
6081,773,France,Male,36,2,130815.99777663508,2,1,0,73423.57969041487,0
6082,675,Germany,Male,41,0,0.0,3,1,1,90077.47160351499,1
6083,747,France,Female,31,5,126028.67955732338,2,1,0,147895.64645499413,0
6084,660,Spain,Male,64,1,144458.08194060938,2,0,0,122999.95309340025,1
6085,642,France,Female,32,2,94458.69530100551,1,0,0,130725.77406542414,0
6086,623,France,Male,51,5,124776.92354989937,2,1,0,60344.45714633638,0
6087,625,Germany,Male,30,2,124106.55883369506,2,1,0,167564.3783749776,0
6088,526,France,Female,53,4,0.0,1,1,0,70806.0331052008,1
6089,671,France,Male,58,2,154757.65252345448,1,0,0,146005.86015814642,1
6090,646,France,Male,41,6,0.0,1,1,1,59825.17629672787,0
6091,709,Spain,Male,40,6,133682.53944050908,2,0,0,130202.1247746563,0
6092,657,Spain,Male,28,0,169655.17875650094,2,1,1,106580.13505288067,0
6093,636,France,Female,27,5,0.0,2,1,1,34505.54039589618,0
6094,580,France,Male,40,2,122161.13084338511,1,0,0,67803.54967607657,0
6095,655,France,Female,52,6,107403.10671614026,2,1,1,112855.04789529146,0
6096,709,France,Female,32,0,158876.65069000016,3,0,1,93422.75652363984,0
6097,558,Germany,Male,60,9,84374.96515939414,1,1,1,86725.6121115996,1
6098,656,Germany,Male,31,2,0.0,1,1,1,147503.43980454715,0
6099,668,Spain,Male,40,9,125557.79700504919,1,1,1,146146.65433555652,0
6100,592,France,Male,40,1,0.0,3,0,0,198678.37957858195,1
6101,602,Spain,Female,36,7,0.0,2,1,0,33258.57252675478,0
6102,668,Germany,Male,18,7,0.0,2,1,0,57177.720023822025,0
6103,559,Spain,Female,31,10,0.0,1,1,0,64800.39750217154,0
6104,677,Germany,Male,39,8,80477.6384173024,2,1,1,68732.35253172398,0
6105,578,Spain,Male,37,8,121417.48875575463,1,1,1,72933.26626600843,0
6106,735,Spain,Male,44,10,150685.48749424602,1,1,0,117629.93012425845,0
6107,837,France,Male,45,1,97469.24364653876,1,1,0,19026.03814998009,0
6108,581,Spain,Female,35,6,70398.3431598498,2,1,0,98480.36369144298,0
6109,692,France,Female,28,6,96159.32451709344,2,1,1,144593.15581562588,0
6110,591,Germany,Male,53,3,134801.0161618799,1,1,1,147776.60415483295,1
6111,733,Germany,Female,24,5,0.0,2,1,0,115028.78970775283,0
6112,548,Germany,Female,32,0,0.0,1,1,1,184992.75707174843,0
6113,688,France,Female,29,5,0.0,1,1,1,46351.51796173102,0
6114,580,France,Female,45,0,150406.45376212604,1,1,1,197328.2959334615,0
6115,633,France,Female,51,4,96614.96643562142,2,0,1,41937.464298673585,0
6116,567,Spain,Male,36,3,172864.4965832947,1,1,1,75287.28228685285,0
6117,715,Germany,Male,40,5,120206.99732354934,1,1,0,19811.806788414393,1
6118,583,Spain,Male,42,10,138680.00008445838,2,1,0,192796.9659550543,0
6119,694,France,Female,56,10,121410.00128817637,2,1,0,120386.56790609765,1
6120,622,Germany,Female,20,4,0.0,2,1,1,138287.36599251704,0
6121,640,Germany,Female,45,4,104818.59832958657,2,0,0,192453.35047473278,1
6122,661,France,Female,41,2,100617.56229357998,2,0,1,153695.76351581846,0
6123,589,Spain,Male,34,9,0.0,2,1,1,196056.66304740022,0
6124,666,Germany,Female,41,1,149183.22661351808,1,0,0,111414.3581713684,1
6125,772,Spain,Female,45,6,159699.0917886363,2,1,0,146891.49407853544,0
6126,587,Germany,Female,43,9,108648.40485074354,2,1,1,39797.86981627486,0
6127,743,France,Female,59,7,0.0,2,0,1,18020.999964527276,0
6128,769,Spain,Male,39,4,130176.15531378824,2,0,1,94556.1513536545,0
6129,584,Spain,Male,38,8,121906.14093241811,1,1,1,27088.768594404784,0
6130,533,Germany,Female,36,0,125935.59922108984,2,1,0,105315.91916234083,1
6131,674,Germany,Male,43,2,0.0,4,1,1,77115.45891809757,1
6132,606,Germany,Male,37,7,134466.70952892434,2,0,0,45283.79030793053,0
6133,799,Spain,Male,38,4,69147.07814812861,1,1,1,197129.45885024566,0
6134,652,Germany,Male,38,1,74373.8217448385,1,1,1,188620.24074390266,0
6135,585,France,Female,36,9,98863.61038671776,2,1,0,62963.707203662794,0
6136,558,France,Female,31,8,0.0,1,1,1,91285.71750702764,0
6137,737,France,Female,42,0,132344.28024541607,2,1,1,137016.23298146445,0
6138,604,Germany,Male,35,2,124041.18436146354,1,1,1,110181.46265907364,0
6139,653,Germany,Female,44,3,0.0,3,1,0,183303.55547863268,1
6140,726,France,Female,39,6,0.0,2,1,0,197646.93762085817,0
6141,611,France,Female,34,3,0.0,2,1,0,21830.520504243585,0
6142,646,Germany,Female,53,10,0.0,2,0,0,95399.632087651,1
6143,648,Spain,Female,36,1,110981.64957649825,1,0,0,81712.50235843784,0
6144,704,Germany,Male,44,1,166161.96336329053,1,0,1,19960.0907981431,0
6145,697,France,Male,31,9,0.0,2,0,0,183212.57095855116,0
6146,632,France,Female,18,0,127136.0935576648,2,1,0,39646.45892648019,0
6147,655,France,Female,32,6,119482.52024562494,2,0,0,17064.099304539857,0
6148,620,France,Female,18,8,118750.45799367463,2,1,1,28233.444945794756,0
6149,531,France,Male,35,9,0.0,2,1,0,93175.80686664625,0
6150,670,France,Female,52,1,88296.37123394881,1,0,1,88036.56964901928,0
6151,801,France,Male,28,6,87357.43577806138,2,1,0,181942.06511432043,0
6152,579,France,Male,18,7,117563.41191625052,1,1,1,13674.726216956595,0
6153,588,Germany,Male,53,2,113312.2940321214,1,0,1,185682.83848820103,1
6154,580,France,Female,33,3,0.0,2,1,1,86840.14444995734,0
6155,707,France,Male,37,8,0.0,1,1,1,51755.859804845815,0
6156,685,Germany,Female,45,3,87685.66317969485,3,0,1,195700.7374712526,1
6157,637,Spain,Male,43,5,88489.28476159385,1,1,1,183696.504010357,0
6158,576,Spain,Female,45,7,110533.39492797392,1,0,0,129539.66599802046,1
6159,657,Spain,Female,47,9,107120.7467954034,1,1,0,27061.035324903816,1
6160,524,Germany,Female,20,1,122259.06454018167,2,1,0,156671.62094706408,0
6161,661,Germany,Male,23,0,148418.72736662137,1,1,0,24682.396586889176,0
6162,719,Spain,Male,49,6,0.0,1,1,0,59433.06739005574,0
6163,549,Germany,Female,30,0,140019.9868176108,1,1,0,124846.11130142023,1
6164,527,Spain,Male,31,3,106477.02029318096,1,1,0,16645.89296478765,0
6165,776,France,Male,25,4,97505.22867604025,2,1,0,66530.7273496426,0
6166,601,Germany,Male,33,1,100724.28041052743,2,0,1,78054.83577916201,0
6167,740,Spain,Female,34,9,110600.89825954931,2,1,1,19771.149221597254,0
6168,637,Germany,Male,28,3,124659.29966436073,2,1,1,117486.34993583037,0
6169,637,France,Male,27,10,118379.33633322328,2,1,1,138310.77227193816,0
6170,685,France,Female,41,10,103086.43280074469,1,1,1,27938.051019592032,0
6171,579,Germany,Male,29,9,119886.36351537048,2,0,0,81324.50498052924,0
6172,660,France,Male,31,10,104058.33602565668,2,1,1,70600.7926158619,0
6173,619,Germany,Male,18,6,0.0,2,1,0,103339.55175484774,0
6174,544,Germany,Female,57,3,0.0,2,1,0,187224.21387898613,1
6175,676,Germany,Male,47,10,0.0,2,0,1,102917.22786998414,0
6176,628,Spain,Female,33,0,0.0,2,1,1,10519.222829643815,0
6177,637,Spain,Female,29,9,127407.313664684,2,0,0,16874.689174233485,0
6178,553,Germany,Male,38,3,115292.58465812803,2,1,0,74830.47224588049,1
6179,777,Germany,Female,37,10,128915.49990620033,1,1,1,29879.31809995511,0
6180,720,Spain,Male,25,5,178388.4404239786,1,1,0,66604.07812961051,0
6181,727,Germany,Male,18,4,154108.69058164553,2,0,0,131644.11255859054,0
6182,625,Spain,Female,32,3,98470.2159019763,1,1,1,59118.39129807126,0
6183,511,Germany,Female,22,1,0.0,1,0,1,31806.530932421214,0
6184,806,France,Male,39,9,0.0,1,0,0,143244.26773400628,0
6185,645,France,Male,39,10,134464.9063927349,2,0,0,184272.02344770008,0
6186,590,France,Male,28,5,136006.1933770028,2,0,0,183005.05535439216,0
6187,683,France,Male,32,5,0.0,2,1,0,134029.60208944834,0
6188,743,Germany,Female,55,5,101683.62683798552,1,0,1,45161.658374738356,1
6189,648,France,Female,45,3,124692.30801289793,2,0,1,175908.25815406992,0
6190,752,Germany,Male,33,7,130510.1240312033,1,1,1,154734.85979944112,0
6191,736,France,Male,60,0,0.0,2,1,0,169390.65962539354,0
6192,563,France,Male,26,9,144456.20465336708,1,0,1,38238.08477348901,0
6193,596,France,Male,29,7,127617.6889300962,1,1,0,101982.90358471264,0
6194,726,Spain,Male,36,7,36835.61367771792,2,1,0,111274.03756186482,0
6195,432,France,Male,22,4,127615.1592625407,2,0,1,157266.16475389883,0
6196,638,France,Male,55,8,124388.55905413663,1,0,1,71870.09957932243,0
6197,535,Spain,Female,39,8,86263.2278586577,2,1,1,75850.86062345364,0
6198,611,France,Female,30,9,138518.9810183785,1,1,1,178316.0966605106,0
6199,626,France,Male,42,3,159379.39622761263,2,1,0,150667.51145065698,0
6200,621,Germany,Female,39,1,178174.7220698671,2,0,1,131434.73789229963,0
6201,605,France,Female,34,0,123994.42265221839,1,1,0,32972.95795170277,0
6202,562,France,Female,25,7,103864.88162657314,1,1,1,23092.708490479217,0
6203,833,France,Female,23,7,156992.07191372832,2,1,0,132667.67428300914,0
6204,799,France,Female,59,10,0.0,1,1,1,107443.08109818336,0
6205,557,Spain,Female,24,6,0.0,2,1,1,197063.96255451912,0
6206,776,France,Male,54,10,84922.91570522993,2,1,0,171908.3099381288,0
6207,618,Germany,Female,29,2,0.0,1,0,0,118316.21387581789,1
6208,660,Germany,Female,45,2,102260.16212595695,2,0,0,32664.019702353908,1
6209,644,France,Male,42,9,0.0,2,1,1,28667.34425931673,0
6210,597,Germany,Female,44,7,122245.95410985022,3,1,0,97724.4709243604,1
6211,728,France,Male,45,10,137407.02455227944,2,1,0,38374.918982796604,0
6212,660,France,Male,21,7,111315.34463642797,1,1,1,140185.60203693822,0
6213,611,France,Male,31,1,0.0,1,0,1,18958.836216561584,0
6214,545,France,Female,24,0,148575.54969093908,2,1,1,198829.0103714522,0
6215,578,Spain,Female,39,0,105692.74161494942,1,0,0,189710.86552065948,1
6216,518,France,Female,24,10,0.0,1,1,1,124774.43520170871,0
6217,650,Germany,Female,18,0,157631.08560234832,1,1,1,47626.22443355187,0
6218,554,Spain,Male,35,2,0.0,2,1,1,63633.1310062253,0
6219,628,France,Female,18,0,0.0,2,1,0,65941.54106481871,0
6220,759,Spain,Male,40,7,98698.42860067889,2,0,1,45400.53683951834,0
6221,745,Germany,Female,25,7,113372.95626004634,1,1,1,30893.33598136649,0
6222,647,France,Male,29,8,76393.78756181741,2,1,0,135982.97930854087,0
6223,643,France,Male,18,3,123103.03084069774,1,1,0,152090.58244497713,0
6224,800,France,Female,54,7,0.0,2,0,0,56430.98606830873,0
6225,691,France,Female,23,6,123805.46083444351,3,0,1,154110.01609691238,0
6226,623,Spain,Male,34,3,182647.71052425675,2,0,1,41343.854025466746,0
6227,535,France,Female,20,0,0.0,2,1,0,54264.46631820738,0
6228,681,Spain,Female,29,10,84159.21560624892,1,1,0,159026.26410453397,0
6229,716,Spain,Male,55,2,69579.97564396143,2,0,1,195763.5876724582,0
6230,599,Spain,Female,40,7,0.0,4,1,1,157794.5197583669,1
6231,673,France,Male,30,7,122964.13549428924,1,0,0,47506.248095641866,0
6232,620,France,Female,37,1,86074.7403925835,1,1,0,66610.8687237188,0
6233,635,France,Male,32,6,54650.586987214476,1,0,1,131539.3185774114,0
6234,450,France,Female,37,0,0.0,3,1,0,191398.2766878337,1
6235,632,Germany,Male,45,3,0.0,1,0,1,198985.85492235215,0
6236,727,France,Male,34,6,129765.17963693025,1,1,1,121644.78734349372,0
6237,599,France,Male,40,3,115224.9152606959,2,1,0,92921.57081814737,0
6238,654,France,Female,40,3,137103.10709961757,2,1,0,55942.740340314354,0
6239,589,Germany,Female,34,10,91868.93474470037,2,1,1,24476.863913304886,0
6240,678,Germany,Female,30,6,0.0,1,1,1,68363.43863024435,0
6241,632,Spain,Female,32,0,157580.53030248618,2,1,0,116374.34342646677,0
6242,574,France,Male,44,4,169353.4759194021,1,0,0,131381.2590215998,1
6243,756,France,Male,45,5,79880.17564005837,2,1,0,72859.96248935172,0
6244,724,Spain,Male,26,6,126916.25372524098,2,1,0,192313.51226431466,0
6245,601,Germany,Male,35,6,93038.38867825446,1,1,0,27925.751637485362,1
6246,689,Spain,Female,30,6,0.0,1,1,0,144803.0066125082,0
6247,692,Spain,Male,45,1,126951.63799782957,2,0,1,81626.57879850667,0
6248,701,France,Male,33,5,0.0,2,1,0,158111.1670986595,0
6249,514,France,Male,60,8,0.0,1,1,0,168600.14074403376,1
6250,730,Germany,Male,40,6,108967.98093809243,2,1,1,147776.2495250133,0
6251,604,France,Male,49,6,0.0,1,1,0,118471.4638134589,1
6252,621,Germany,Female,27,1,153635.0094132623,2,0,0,24710.23781729603,0
6253,850,France,Male,38,6,117505.01023149703,1,1,0,36741.830279341666,0
6254,674,France,Female,44,8,0.0,1,0,0,123416.93145139256,1
6255,619,Spain,Female,27,2,118497.26392430198,2,0,1,193238.99577775973,0
6256,473,France,Female,38,1,110374.54728634037,2,1,0,110618.50198969021,0
6257,761,France,Female,48,5,96313.25470014189,2,0,0,181056.58905035158,0
6258,542,France,Female,34,1,0.0,2,1,1,185882.65541029797,0
6259,569,Spain,Male,29,0,0.0,2,0,0,32824.724200577526,0
6260,623,France,Male,56,9,0.0,1,1,1,96680.28139765645,0
6261,763,France,Female,26,3,0.0,3,0,0,153034.5811337044,0
6262,711,Spain,Male,39,8,109661.56212701081,1,0,1,87628.9973581747,0
6263,637,France,Male,30,9,181340.1281724879,2,1,1,65765.53664727023,0
6264,674,Germany,Male,28,2,139479.06376754906,1,1,0,183674.40736774227,0
6265,601,France,Female,45,2,0.0,1,1,1,123469.9731906918,0
6266,661,Spain,Male,35,5,110616.17073575393,2,1,1,129348.40680708506,0
6267,655,France,Female,42,5,110454.17611871575,1,1,0,142776.33742614702,1
6268,727,Germany,Female,18,7,76213.21732794713,2,1,0,194841.79503688388,0
6269,727,Spain,Male,43,9,84246.98937266367,2,1,0,126922.13256497408,0
6270,689,Germany,Male,30,5,87313.53384198298,1,0,0,13079.885863199179,0
6271,621,France,Male,19,7,71648.2604779941,1,1,1,193604.21402546775,0
6272,709,France,Male,56,7,117495.30180765121,1,1,0,53174.923780196295,1
6273,642,Spain,Male,44,6,71426.82049785963,1,1,0,192664.8256858342,0
6274,563,France,Male,40,4,129128.71091087721,2,1,0,85402.74519472859,0
6275,617,France,Female,50,3,0.0,1,1,1,173248.3139171657,0
6276,656,Germany,Female,40,0,167307.18338282232,1,0,0,86197.22830078249,1
6277,722,France,Male,30,5,0.0,1,1,1,129712.15853584126,0
6278,635,Germany,Female,36,7,86190.58071845864,2,1,0,86334.03826850592,1
6279,553,France,Female,31,10,79299.0035272461,2,1,1,150386.95797773704,0
6280,654,Spain,Male,32,3,0.0,2,1,1,163044.71382565424,0
6281,659,Spain,Male,25,6,93151.65334605848,1,0,0,171250.55130364624,0
6282,664,Spain,Female,28,2,99928.3617818694,1,0,1,52349.83485053665,0
6283,723,Germany,Female,46,4,108392.14108654877,2,1,1,167808.6214257867,0
6284,731,France,Female,41,6,118513.81270155242,1,1,1,86755.18849467784,0
6285,602,Germany,Male,32,10,165025.73544233356,1,1,1,125311.46196223653,0
6286,600,Spain,Female,27,8,0.0,2,0,0,21852.69544195766,0
6287,566,France,Female,33,8,0.0,1,0,1,123934.04282886394,0
6288,705,Germany,Male,21,6,117439.92855328853,2,0,0,166674.98203042295,0
6289,765,France,Female,39,3,121916.6555183067,2,1,1,63758.67079648196,0
6290,624,Germany,Male,47,5,144278.00884726536,1,0,1,97698.30718767809,1
6291,630,France,Male,61,3,104457.2062390716,1,0,1,166084.4390310478,1
6292,767,Germany,Male,26,2,0.0,2,1,1,67054.79323330287,0
6293,690,Spain,Female,47,8,149174.619822249,1,0,1,184657.78974755947,0
6294,684,France,Female,30,4,103240.5814532324,2,1,1,39349.78020707392,0
6295,554,Spain,Female,26,7,100404.07375070777,2,0,1,100360.98441379092,0
6296,704,France,Female,26,2,156844.82754116997,1,1,1,130442.75925233115,0
6297,575,France,Male,39,8,110872.43710574502,2,1,0,99562.53834117664,0
6298,559,France,Female,28,0,116498.86121474931,2,1,1,88403.60797485466,0
6299,622,France,Female,31,1,109578.81895970761,4,0,1,130980.13961529877,1
6300,603,France,Female,33,3,103919.90003217373,1,0,1,178745.86508241214,0
6301,632,Spain,Male,30,1,110725.36718499809,1,0,1,135907.76642155455,0
6302,534,France,Female,29,8,111619.576973354,2,1,1,128580.40116863814,0
6303,726,Spain,Male,18,6,146724.39504549594,2,1,0,151571.9514483098,0
6304,740,France,Female,38,1,93166.77356107648,2,1,0,86758.47344043604,0
6305,494,Spain,Female,38,10,178609.37689250679,1,1,1,13298.325999273104,0
6306,728,Spain,Female,30,10,100045.55161040927,1,1,1,188395.6440801105,0
6307,585,France,Male,41,3,146073.02372128319,1,1,1,68191.94147807437,0
6308,718,Germany,Male,51,5,77187.59882849969,1,1,1,155952.9921525769,1
6309,644,Spain,Male,38,1,100005.50467159502,1,1,1,121971.2224294616,0
6310,652,Spain,Female,51,8,0.0,1,1,1,141899.96837975,0
6311,635,France,Female,60,2,0.0,3,1,0,165381.55812547603,1
6312,746,France,Female,63,1,0.0,1,1,0,103588.9880457602,1
6313,550,Germany,Male,26,3,0.0,3,1,0,16472.373824298425,1
6314,698,Germany,Male,26,4,98753.20958922482,2,1,1,193021.46855498914,0
6315,738,France,Male,33,3,65544.0052011553,1,0,1,162549.96501911434,0
6316,707,France,Male,39,2,0.0,2,1,1,132047.25544615288,0
6317,835,Spain,Female,53,2,0.0,1,1,1,178853.5320236137,0
6318,607,Spain,Female,44,2,105438.91564580238,2,1,0,185528.3498243043,0
6319,726,Germany,Female,25,2,102641.97881620601,2,1,0,176684.61632457105,0
6320,641,France,Male,31,5,0.0,2,1,0,37059.24428031179,0
6321,748,France,Male,37,3,145422.55273010873,1,0,1,148476.79580880163,0
6322,649,France,Male,23,6,0.0,1,1,0,70602.26433114122,0
6323,618,France,Female,38,6,161393.25784202723,1,0,1,18048.040944950935,0
6324,754,France,Female,26,3,0.0,1,1,1,62986.03144925167,0
6325,610,Germany,Male,21,0,0.0,1,1,0,134379.9045290146,0
6326,536,Spain,Male,28,8,0.0,2,0,1,183432.13013569257,0
6327,608,Germany,Female,42,6,141121.61200507186,1,1,1,141246.2240746841,1
6328,699,France,Female,42,5,109118.43884645277,2,1,1,120521.17883056418,0
6329,761,France,Male,38,4,0.0,2,1,0,73403.9516770698,0
6330,658,France,Female,47,8,115251.62505811237,1,1,0,52085.06196976619,1
6331,755,France,Male,46,8,192953.14767328848,1,1,1,114797.1722435799,0
6332,541,Germany,Female,40,9,0.0,1,0,1,101923.47433065687,1
6333,614,France,Male,38,10,147956.20284642745,2,1,0,140182.33073370374,0
6334,626,France,Male,39,5,120166.24470568604,1,1,0,112156.71265825468,0
6335,640,France,Male,36,7,0.0,2,1,0,89015.34320022343,0
6336,656,France,Male,18,6,93188.54814012088,2,1,0,170998.72440597127,0
6337,705,Germany,Male,49,0,47916.2006287587,2,1,1,161071.39148731288,0
6338,614,France,Female,41,1,118023.962710702,2,1,1,164560.62215617558,0
6339,661,Spain,Male,25,8,135636.4641988749,2,1,1,27309.045516776914,0
6340,646,Spain,Female,52,9,55064.492880386315,2,1,0,38346.562542370746,1
6341,575,France,Male,32,3,26460.57807426789,2,1,0,48079.51962224849,0
6342,640,France,Male,36,10,93164.27772132082,2,0,1,182883.04377289498,0
6343,638,Germany,Female,48,2,123039.74195229216,1,1,1,78734.12005051185,1
6344,636,Spain,Female,40,1,90057.47112296236,1,1,1,134461.79201466322,0
6345,652,France,Male,51,7,124637.99928910553,1,1,1,18048.829975036548,0
6346,656,France,Male,34,6,102418.98054033508,2,1,0,149306.22599454856,0
6347,615,France,Female,54,8,78057.35006966561,1,1,1,154983.50796409018,0
6348,751,France,Male,30,2,141625.32275833172,2,1,0,151661.9918475721,0
6349,556,France,Female,51,0,129263.62420839249,3,1,1,18257.902364291767,1
6350,592,France,Male,18,8,108673.77885844777,1,1,1,28673.297223578207,0
6351,850,France,Male,26,4,63655.85285754132,1,0,1,151093.6828970631,0
6352,566,France,Male,40,4,103598.91300510717,1,0,1,129101.34997778993,0
6353,541,France,Female,33,2,92719.64331419262,2,1,1,79168.80962951996,0
6354,708,Germany,Male,37,7,103162.46549060458,1,0,0,115325.25701427957,1
6355,483,Spain,Male,38,7,0.0,1,0,0,10689.25078447677,0
6356,631,Germany,Female,26,0,0.0,1,0,0,91924.19656768197,1
6357,821,France,Female,26,3,109353.13362896044,1,1,0,41736.80695905687,0
6358,526,Spain,Male,40,5,145868.85167684994,3,1,0,193536.50761712145,1
6359,491,France,Female,31,8,97923.31279601277,1,0,0,70216.60904273679,0
6360,530,Spain,Female,51,1,122408.24298268794,2,0,0,161438.69411399332,1
6361,721,France,Male,36,6,92246.52571240724,2,0,1,34164.62249657621,0
6362,739,France,Male,45,9,97988.05295368908,1,0,0,44218.22579513701,0
6363,608,Germany,Female,42,0,100218.22692397871,1,0,0,142630.9092908805,1
6364,704,Spain,Male,31,9,0.0,2,0,0,156865.24831249155,0
6365,761,Germany,Male,18,3,108441.63949762465,2,1,0,180761.691611394,0
6366,792,France,Female,49,9,114393.4447512553,1,1,0,141937.253776136,1
6367,630,France,Male,28,10,0.0,2,0,1,144441.10625207736,0
6368,465,France,Female,33,6,115443.49574358878,2,0,1,54192.852861701744,0
6369,584,Spain,Female,36,2,114472.30175696607,2,1,0,189724.4455289608,0
6370,615,Spain,Male,37,2,103439.4400138402,2,1,0,145424.5026863109,0
6371,629,Germany,Male,47,3,61359.78870384694,3,1,1,43713.71916400139,1
6372,634,France,Male,38,7,0.0,2,1,0,133302.94682088483,0
6373,739,Spain,Female,36,2,123306.78060846122,2,1,0,163825.57609778325,0
6374,751,France,Female,48,7,140239.27019764928,1,0,1,98026.62553044733,0
6375,636,France,Male,44,9,0.0,2,1,1,74142.94608248546,0
6376,737,Spain,Female,30,8,79264.55516611159,1,1,0,173342.14977210047,0
6377,678,Spain,Male,26,7,101359.78807596574,2,0,1,172408.7841994952,0
6378,655,France,Male,29,7,105625.050938416,2,1,0,159200.85969031887,0
6379,722,France,Male,37,8,52228.7906809648,1,1,0,48931.94029875515,0
6380,655,France,Male,25,3,119201.44215337682,2,1,1,116395.2332081311,0
6381,814,France,Female,38,2,147787.1206916413,2,1,1,93616.64571309526,0
6382,534,France,Male,36,7,96066.5104107979,1,1,0,142541.48068267055,0
6383,608,France,Male,18,0,113765.05077873677,1,1,1,180078.14659664172,0
6384,639,France,Male,23,9,0.0,2,0,1,56905.576811927705,0
6385,685,Germany,Female,18,0,0.0,2,0,0,68907.3949659148,0
6386,751,Germany,Female,34,3,99620.80352011696,2,1,0,54934.90105575667,0
6387,648,France,Female,48,9,100872.28017783783,1,1,0,153776.03618205438,1
6388,536,Germany,Male,19,2,117437.39536559813,1,1,1,104424.80260854762,0
6389,717,Spain,Female,24,9,138990.28255689697,2,1,1,100500.9559438791,0
6390,710,France,Male,36,1,118738.68433801943,1,0,1,104146.82784509545,0
6391,494,France,Male,27,8,0.0,1,1,0,68528.58372802645,0
6392,649,Germany,Female,27,4,112928.09989616502,1,0,1,53479.02689893912,0
6393,522,Spain,Male,43,2,113695.7985190411,1,1,0,162666.69576863726,1
6394,596,Germany,Male,33,8,0.0,2,0,1,129636.07432161877,0
6395,577,Germany,Male,23,7,91576.58953282458,1,1,0,146926.20544076597,0
6396,714,France,Male,18,3,140175.2030533782,2,1,0,66835.97710446635,0
6397,659,France,Male,60,9,0.0,2,1,0,42770.04716863517,1
6398,547,France,Male,49,4,100490.78952565456,2,1,1,61468.75696941319,0
6399,720,France,Male,33,10,85642.07930446495,2,1,1,179630.82245455115,0
6400,535,France,Female,38,4,118324.59387142643,1,1,1,73997.5439733085,0
6401,676,France,Female,33,7,122990.31746573711,2,1,1,22154.51846514221,0
6402,584,France,Female,43,6,160152.4962523437,2,1,0,103074.77691454484,0
6403,620,France,Female,29,2,123420.05279930122,1,1,0,72526.14025752654,0
6404,690,France,Female,32,5,0.0,2,1,1,101081.99739367607,0
6405,691,France,Male,42,5,0.0,3,0,1,140975.42557835265,0
6406,756,France,Male,52,1,156320.27557006496,1,1,0,191455.67998385197,1
6407,643,France,Female,45,0,121481.25589004185,2,0,0,158009.91881069745,0
6408,674,Spain,Male,50,6,128444.0050963739,2,0,1,103986.77261325755,0
6409,614,Germany,Male,34,2,61739.1941199068,2,1,1,156932.05493343854,0
6410,664,France,Male,31,4,0.0,2,1,0,55498.810145656964,0
6411,685,France,Female,18,7,93783.75844009523,1,0,0,167167.40359956518,0
6412,642,Germany,Female,38,4,0.0,2,1,1,114819.14890120452,0
6413,505,Spain,Male,41,10,99442.8502388073,1,1,0,164335.07324257347,1
6414,676,Germany,Female,34,4,121563.94111663572,1,1,1,118894.22340054324,0
6415,679,France,Female,30,4,96045.70497042392,2,1,0,73001.54908817839,0
6416,595,Germany,Male,50,10,0.0,2,0,0,30717.34202896051,1
6417,547,Germany,Male,44,6,79177.24355436894,2,1,1,98406.57918827451,0
6418,768,Spain,Male,51,1,121855.25873748673,1,1,0,150049.7192027794,0
6419,689,France,Female,28,0,91547.60642532681,1,1,0,66333.90158016265,0
6420,631,Germany,Male,30,10,109551.54148782478,1,1,1,66273.73156309634,0
6421,559,Germany,Male,50,3,156549.37618092302,1,1,0,156049.21013170618,1
6422,584,Germany,Male,37,4,0.0,1,0,0,45475.632892220296,1
6423,754,France,Female,32,6,0.0,2,1,0,87311.27872491037,0
6424,661,Germany,Female,33,0,0.0,2,1,1,127483.66694903238,0
6425,605,France,Male,37,8,0.0,2,1,1,80252.99586525271,0
6426,690,France,Female,48,10,99359.34175695336,2,1,0,193229.23681627167,0
6427,584,Spain,Male,36,9,55775.89957368241,2,1,0,184707.37624556007,0
6428,770,France,Male,45,3,127862.25528739956,2,0,1,190305.44722302657,0
6429,758,Spain,Female,42,5,79966.33964394825,3,0,1,196632.45864174113,1
6430,612,Spain,Male,29,10,107995.11768799272,1,1,1,194956.31763067763,0
6431,599,France,Male,29,0,0.0,2,1,1,70066.0202904502,0
6432,440,Spain,Male,33,8,96988.46425269965,1,0,1,110240.62763911228,0
6433,531,Germany,Female,24,3,84985.25808425127,1,1,0,158915.76174871917,1
6434,542,France,Female,32,4,133480.6842441444,1,1,1,146728.1530607697,0
6435,660,Spain,Female,53,7,72379.93119727366,1,1,1,59836.73114346588,0
6436,623,France,Female,37,5,91714.58088373786,1,1,1,79030.73565833404,0
6437,542,France,Female,30,9,118376.09392543064,2,1,0,188210.58132864846,0
6438,627,France,Male,57,2,112763.74890000121,1,1,1,187359.51402424136,0
6439,690,France,Female,28,9,0.0,2,1,0,147928.07586951862,0
6440,692,France,Female,28,7,158992.14564100935,1,1,0,11237.476414916917,0
6441,498,Germany,Male,50,5,133493.67841032668,1,1,1,108077.72923055885,1
6442,639,Spain,Male,44,1,139540.2164880685,1,1,1,49849.63141740091,0
6443,539,Spain,Male,36,4,0.0,1,1,0,157211.6478386987,0
6444,722,France,Female,46,2,163971.62703380187,2,0,0,25429.323164308127,0
6445,712,Spain,Male,41,3,98300.33965635812,2,0,1,163482.11240532322,0
6446,578,France,Male,26,8,127328.29443679002,2,0,1,68134.26331163943,0
6447,588,France,Male,18,2,125958.93627902206,2,1,1,80595.30784886626,0
6448,613,France,Male,32,4,0.0,2,1,0,141875.75591987732,0
6449,469,France,Female,48,7,80980.24755023723,2,1,0,53561.489173701506,1
6450,676,France,Male,33,8,110185.89637329968,2,1,0,170022.73656848443,0
6451,628,Spain,Male,42,6,101906.77342757481,1,1,0,186715.57024410248,0
6452,727,Germany,Female,39,10,0.0,3,1,1,197752.98336005452,1
6453,562,France,Female,21,3,97293.75954118578,3,0,0,141630.55023509628,1
6454,600,France,Male,33,8,138748.4377088343,1,1,0,116572.32774778367,0
6455,529,France,Male,41,1,93331.22454491616,1,0,0,179331.2037666779,1
6456,569,Germany,Female,30,1,136808.4769998208,1,1,1,63863.46903859143,0
6457,555,Germany,Male,34,3,130294.38863528048,1,0,1,111234.74625255815,0
6458,729,Spain,Female,41,1,126783.10559555935,2,0,0,51258.92553326391,0
6459,594,Germany,Male,38,2,180609.6813407801,2,1,0,71913.31064782145,0
6460,659,France,Male,48,4,95463.02771710162,1,1,0,143443.43243815424,1
6461,619,Germany,Male,41,2,0.0,1,1,0,28504.705947189253,1
6462,548,France,Male,28,0,0.0,1,1,0,102320.47636484513,0
6463,636,France,Female,33,10,0.0,1,1,0,169868.08758406283,0
6464,697,Spain,Female,38,2,0.0,1,1,0,104219.13399073467,0
6465,553,France,Female,51,5,0.0,2,1,1,55778.85618059765,0
6466,714,Spain,Female,33,2,0.0,2,1,0,77537.79430992289,0
6467,582,France,Female,20,8,115885.4042098694,4,1,0,120012.93335304275,1
6468,611,Spain,Female,42,2,73598.49229595036,2,1,0,128289.26295754239,0
6469,692,France,Female,30,10,110680.28809622164,2,1,1,11544.899154216873,0
6470,596,France,Male,25,2,89877.17738096834,1,1,0,44020.33605597165,0
6471,653,Germany,Male,38,2,0.0,2,1,1,141430.7941040783,0
6472,624,Germany,Female,47,4,60368.00334465927,2,1,1,25799.73636941416,0
6473,660,Germany,Female,32,6,71237.49493090052,2,1,0,171687.4209775626,0
6474,459,Spain,Female,42,4,103139.05220438208,2,1,0,68032.04365540388,1
6475,503,Spain,Female,44,8,143155.46297697804,2,1,1,159668.63516622403,0
6476,699,Spain,Male,45,5,112334.8094050138,1,1,1,169914.91774254738,0
6477,732,France,Female,30,0,0.0,1,1,1,188290.6837578111,0
6478,577,France,Female,26,8,128868.3784732963,1,1,1,144670.32704578782,0
6479,630,France,Male,28,2,88913.0591921891,1,0,0,173738.2813032994,0
6480,673,Germany,Female,45,7,80956.31901315175,2,1,1,61824.24667132256,0
6481,705,France,Male,44,2,0.0,1,1,0,12971.252701418973,0
6482,487,Germany,Female,28,7,109771.2511779979,1,0,1,139101.41870709736,0
6483,579,Spain,Female,59,3,0.0,2,1,0,58652.39651298669,1
6484,623,Spain,Male,27,0,94692.69066416955,1,0,1,152451.8928417421,0
6485,706,France,Male,47,10,0.0,2,1,0,81294.29779942286,0
6486,849,France,Male,53,5,0.0,2,0,1,155944.76061945906,0
6487,631,Germany,Male,39,6,0.0,1,1,1,154741.89493065077,0
6488,537,France,Male,30,7,134407.8513555716,1,1,1,93904.78684747669,0
6489,682,France,Male,30,5,89482.31089214148,2,1,0,173304.20039963318,0
6490,755,France,Female,35,0,74711.20323558012,1,1,1,99154.33313464314,0
6491,658,France,Male,48,4,91762.71192622553,1,1,1,192199.84575675512,0
6492,577,France,Male,26,8,111251.78725168241,2,0,1,17579.07980237111,0
6493,726,Spain,Female,19,2,106845.423855623,1,1,0,112986.49515395841,0
6494,703,France,Female,41,4,0.0,1,1,0,13532.875489685004,0
6495,567,Spain,Female,43,5,0.0,2,1,0,69912.3390421978,0
6496,680,France,Female,57,4,147923.8621439387,2,1,1,97769.33270181774,0
6497,729,Germany,Male,24,3,144641.7613982541,1,1,1,42448.88850800047,0
6498,744,Germany,Male,36,1,0.0,2,1,0,164679.5969389127,0
6499,644,France,Male,49,4,63729.395932924155,1,1,1,89664.52924618535,0
6500,621,France,Female,39,9,0.0,1,1,1,37441.704149557685,0
6501,748,France,Male,36,0,140251.0041601052,2,0,0,65433.990159377776,0
6502,553,Germany,Female,45,0,0.0,2,1,0,35429.01357249952,1
6503,685,Spain,Male,32,7,150059.50659523674,2,0,1,113228.34468743356,0
6504,540,Germany,Male,46,3,0.0,2,1,0,98832.20502606602,1
6505,735,France,Female,25,0,82086.60588074177,1,1,1,50114.09702181273,0
6506,629,France,Female,22,1,120316.516373487,2,1,1,194590.42586140003,0
6507,751,France,Male,35,4,0.0,2,1,1,135323.83424240426,0
6508,689,France,Male,18,6,0.0,3,1,1,70765.17834554915,0
6509,552,Spain,Male,38,4,161491.85864569765,1,1,0,79959.22540987407,0
6510,763,France,Male,20,10,194277.14802204337,1,1,1,189063.66335568202,0
6511,774,Spain,Female,40,9,92588.50990312669,2,1,0,119792.96097915396,0
6512,720,Spain,Male,39,5,68537.63490575028,4,0,1,31267.95891780542,1
6513,589,Germany,Male,37,6,87302.03583120063,2,1,0,163233.26007307845,0
6514,625,France,Female,42,2,87667.71242612434,1,1,1,176923.32333093867,0
6515,661,Germany,Male,40,10,0.0,3,0,1,133550.6011867877,1
6516,593,Germany,Male,35,9,121605.12757800764,1,1,1,18992.65741728781,0
6517,785,Germany,Male,56,4,0.0,1,1,1,66106.46948813718,1
6518,661,Germany,Male,41,7,113530.68984894,2,0,1,149128.33057292798,0
6519,433,Germany,Male,45,10,0.0,1,1,0,58060.9288914688,1
6520,677,Spain,Female,48,5,119011.56868585086,1,1,0,93401.9254039204,1
6521,622,France,Female,44,1,138685.54377998237,4,0,0,63725.44895457638,1
6522,644,Spain,Male,58,8,132471.11957983405,1,1,0,29336.796968879993,1
6523,620,Spain,Female,39,1,163273.14603007596,2,0,0,96212.17681620583,0
6524,714,Germany,Male,37,5,92980.18227085606,1,0,1,129214.04603017255,0
6525,739,Spain,Male,31,10,190323.64002389467,2,1,0,64970.93320764591,0
6526,672,France,Female,35,1,93311.53626068434,1,1,0,53053.73666197915,0
6527,622,Spain,Male,30,9,88041.62878997473,2,0,0,33688.51695553496,0
6528,646,Germany,Male,44,6,0.0,2,0,0,139515.63890991907,1
6529,651,France,Female,28,0,123058.7250395641,4,1,1,53236.53170320428,1
6530,585,France,Male,38,3,0.0,2,1,1,91902.01586291996,0
6531,696,Spain,Male,43,7,157334.11987473004,1,1,0,41987.60397199879,0
6532,686,France,Female,39,8,181791.71825870738,1,1,0,127024.51682210735,0
6533,773,France,Female,29,9,0.0,1,0,0,128626.21375322332,0
6534,750,France,Female,44,2,0.0,2,0,0,172729.36959160565,0
6535,595,Germany,Male,37,8,152988.98798225046,2,1,0,197212.27852222792,0
6536,715,France,Male,18,7,59367.31425279971,2,1,0,181263.27377988887,0
6537,573,France,Male,28,3,137383.77639412845,3,0,1,166335.7799776509,0
6538,705,Germany,Female,52,0,53077.51043566085,2,1,1,177837.04344859454,0
6539,608,Germany,Male,52,9,151507.76449687543,2,1,1,20221.275388641418,0
6540,568,Germany,Female,43,4,136765.41986367755,1,1,1,154699.91340064013,1
6541,672,France,Male,45,10,0.0,2,1,0,80224.19579939799,0
6542,436,Germany,Male,30,6,77298.43668813357,2,0,1,45789.15008527935,0
6543,509,France,Male,35,4,136518.97002478756,2,0,1,92151.15825938642,0
6544,635,Spain,Female,50,10,127592.54950849352,2,1,0,31906.77243022854,0
6545,656,Spain,Female,42,4,100574.77773349518,1,1,1,60947.8919776222,0
6546,620,France,Female,38,4,128169.40609631114,2,1,1,88425.46250609377,0
6547,523,Spain,Male,36,2,94076.4477261671,1,1,1,121602.48464653936,0
6548,584,France,Male,49,5,101895.14565297819,2,1,0,187522.02994488846,0
6549,681,Germany,Male,49,10,0.0,1,0,1,24017.606794632382,1
6550,696,France,Female,44,3,115312.28342179178,1,1,0,127975.46589005708,1
6551,648,Spain,Male,38,9,0.0,2,1,1,24564.49502460236,0
6552,742,France,Male,34,1,121048.03421376662,2,1,0,122725.3530606799,0
6553,681,France,Male,44,3,130545.15602477295,2,1,1,124697.06146746584,0
6554,590,Germany,Male,26,5,121368.37824584334,2,1,0,84053.29479467667,0
6555,627,Germany,Male,29,5,55337.91382368233,2,0,0,19888.12628149656,0
6556,537,Germany,Male,23,10,0.0,2,1,0,165998.98417181763,0
6557,641,France,Male,50,8,101304.31008786429,2,1,0,74040.17454129299,0
6558,738,France,Male,30,7,62686.97709592999,2,0,0,21357.957297406414,0
6559,704,Spain,Male,42,4,121081.90808256922,1,0,1,20070.997584642253,0
6560,762,France,Female,36,9,0.0,1,1,1,26632.220647694092,0
6561,625,France,Male,66,2,0.0,1,1,0,174503.6865656955,1
6562,757,Spain,Female,42,3,0.0,1,1,1,100029.15173135363,0
6563,634,France,Male,19,4,105914.9755613308,1,0,0,175830.61929322119,0
6564,767,France,Male,49,0,0.0,1,0,1,152276.06104474972,0
6565,648,France,Female,34,8,120814.78688963849,2,1,0,12671.133943852208,0
6566,706,Spain,Female,35,3,136770.75762244934,2,1,1,67910.27443892369,0
6567,768,Spain,Female,31,7,0.0,1,0,1,109244.49858023625,0
6568,634,France,Male,39,4,147124.02425399754,1,1,0,15665.13945716627,0
6569,667,Spain,Male,39,10,0.0,2,1,0,192079.84193192224,0
6570,753,France,Male,31,4,111395.62550067434,1,0,1,182787.23263302387,0
6571,639,Germany,Male,32,1,110243.44566488604,1,1,0,54818.51698763854,1
6572,544,Germany,Male,39,7,176600.46292390054,2,1,0,79516.65970304543,1
6573,821,Spain,Male,18,10,104289.49231619411,1,0,1,148089.43819921024,0
6574,612,France,Male,23,9,170882.25821908299,2,1,1,13268.078766363462,0
6575,662,Spain,Female,54,6,140596.9477878365,1,0,1,52732.197654159914,0
6576,742,Spain,Female,41,1,92416.57054852496,1,0,0,107443.66452918961,0
6577,601,Germany,Male,32,10,118156.69645855488,2,1,0,78965.81212416614,0
6578,569,Germany,Female,21,5,0.0,1,1,1,30979.274934025005,0
6579,670,Germany,Female,37,8,95769.25974619851,1,1,0,115430.38401032933,1
6580,506,France,Male,47,7,0.0,2,1,0,166237.32724546304,0
6581,626,Germany,Male,64,9,95870.97326676105,2,0,0,53920.96868427445,1
6582,669,Spain,Female,56,2,0.0,1,1,0,52294.56288384675,1
6583,628,Germany,Male,29,6,120945.52906430313,1,1,1,23436.894477430506,0
6584,526,France,Female,33,3,149397.4036628949,1,0,0,115313.71265740119,0
6585,777,France,Male,23,10,107769.20384682521,1,1,0,86889.79232786704,0
6586,658,France,Male,29,3,0.0,4,1,1,130074.82362208667,1
6587,764,France,Female,35,6,124433.90242499973,1,0,1,16596.146914564455,0
6588,629,France,Female,34,10,0.0,1,1,1,131612.60304458288,0
6589,579,Germany,Male,58,6,0.0,1,1,1,187040.93863208976,1
6590,671,France,Female,24,10,0.0,2,0,0,166147.96520635835,0
6591,632,France,Male,37,0,98104.81540179547,3,1,1,75608.40486927285,0
6592,555,France,Female,18,10,156681.97431026315,2,1,0,31005.615074543482,0
6593,767,France,Female,41,0,129531.45965109041,1,1,1,112306.49320837377,0
6594,600,Germany,Male,24,5,146455.00037035,4,0,1,63921.211243277445,1
6595,502,France,Male,49,1,90362.48428770398,1,1,1,12047.181534517738,0
6596,756,France,Male,35,2,176342.74962329015,1,1,1,87645.49177234834,0
6597,609,Germany,Male,23,1,81300.65149065774,1,1,0,112592.22061425992,0
6598,601,Germany,Male,18,1,0.0,2,1,1,157340.42600360652,0
6599,508,France,Female,28,7,139201.58556152595,1,0,1,196148.45764471524,0
6600,789,Germany,Male,40,7,114779.07783656726,1,1,1,174657.185955325,0
6601,546,Spain,Male,42,5,145310.27948724333,2,1,1,112889.87880248085,0
6602,654,Germany,Female,33,2,75768.05240880777,2,1,0,163275.1870640927,0
6603,723,France,Male,47,4,0.0,2,1,0,167548.88820450695,0
6604,683,Germany,Male,26,6,145194.988282654,1,1,0,193675.1190683636,0
6605,645,France,Male,18,4,0.0,1,0,0,56922.212966292376,0
6606,513,France,Female,40,6,0.0,2,1,0,57849.608421828125,0
6607,585,France,Male,50,9,0.0,2,1,0,51525.654377703766,0
6608,665,France,Female,50,6,0.0,2,0,1,181226.81133172897,0
6609,587,Germany,Male,25,3,0.0,2,1,0,139970.61700262997,0
6610,666,Spain,Female,32,9,160427.17004385218,1,0,1,36575.41500702579,0
6611,704,France,Female,45,9,0.0,1,1,1,192654.80229979375,0
6612,727,France,Female,31,5,0.0,1,1,0,125034.83973447404,0
6613,551,France,Male,39,8,0.0,2,1,1,10400.103080866353,0
6614,825,Germany,Male,30,3,75210.71754273222,2,1,1,92959.74620948275,0
6615,711,Spain,Female,27,9,125619.39036975664,2,1,0,156833.40218439157,0
6616,649,Spain,Male,29,0,88558.99211501135,2,0,0,68955.04249327868,0
6617,737,Spain,Male,47,7,160088.72326260075,2,1,1,137511.16901546743,0
6618,839,Germany,Female,38,3,122868.07675011334,2,1,0,146426.03803170144,0
6619,534,Spain,Female,50,7,58122.29283221111,2,0,1,167428.88634775003,0
6620,631,France,Male,43,10,160615.84625578244,2,1,0,120286.25759909164,0
6621,459,Germany,Female,54,8,0.0,1,1,1,46393.07438377979,1
6622,665,Spain,Female,46,7,0.0,1,1,1,170023.31441631567,0
6623,679,Spain,Male,45,0,81168.9694885849,1,1,1,44826.27221387028,0
6624,646,Germany,Female,36,8,0.0,1,1,1,97119.74640369344,0
6625,597,Germany,Female,68,4,55460.94690365298,1,0,1,27093.506292452796,1
6626,486,Germany,Female,39,7,134098.09003615426,2,0,0,40251.25051924607,1
6627,679,Germany,Male,18,5,0.0,2,1,0,46447.20338455555,0
6628,766,France,Female,40,6,0.0,3,1,0,146704.5970383778,1
6629,602,France,Male,28,2,109613.92422348284,1,0,0,51765.32033261095,0
6630,685,Spain,Male,48,8,0.0,1,1,0,107310.5617077535,0
6631,524,France,Female,45,8,109355.78153483795,2,0,0,138717.7011148036,0
6632,686,Germany,Male,36,9,104253.51716161607,1,1,1,114498.73372029052,0
6633,618,Germany,Male,29,1,88625.73463403253,1,0,0,135500.20274618443,0
6634,589,Spain,Male,39,3,133344.26127727382,1,1,1,180899.87120694146,0
6635,589,Germany,Male,31,3,89608.20171825096,1,1,0,193522.78702735467,1
6636,618,France,Male,45,0,104558.40939514984,2,1,1,139970.07436815987,0
6637,680,Spain,Male,43,3,151903.421059032,2,0,0,45485.761564346314,0
6638,545,Spain,Female,67,2,77612.24843732064,2,1,1,196056.3424919137,1
6639,618,France,Male,33,10,67064.34698397617,1,1,0,23344.047910354773,0
6640,646,France,Female,34,10,101535.39511273301,1,1,0,186269.64538444584,0
6641,562,Germany,Female,36,1,115582.83366317574,1,1,1,95829.33931950542,0
6642,793,Spain,Male,36,5,131264.09818366295,1,1,1,170071.8481578473,0
6643,581,Germany,Male,48,2,115864.84716015367,1,1,1,74633.10026357422,1
6644,596,Spain,Female,35,9,0.0,2,0,0,116684.12446848441,0
6645,571,France,Female,57,8,167941.87030924502,2,0,0,36916.76326299792,1
6646,793,France,Male,43,8,0.0,2,1,0,181970.96665489837,0
6647,694,France,Female,33,10,0.0,1,0,1,66963.76206465584,0
6648,575,Germany,Male,30,7,117360.90590552257,2,1,1,59839.03609711092,0
6649,738,France,Male,48,7,112195.41179774312,2,1,0,94678.03249039587,0
6650,666,Germany,Male,38,1,143352.19001919244,2,1,0,79448.41516508497,0
6651,670,Germany,Male,38,10,160561.1561767585,1,1,1,36202.840861469944,0
6652,622,Germany,Male,32,5,115615.97899931122,3,1,1,14678.856499556561,1
6653,590,France,Female,37,3,81881.07423758559,1,1,1,70997.84205290089,0
6654,677,Germany,Female,31,9,155071.3990761044,1,1,1,146768.16910074872,0
6655,606,France,Male,51,1,93089.05504428141,2,0,0,45920.00446179383,0
6656,795,France,Female,45,1,122693.55668330076,1,1,0,42774.77290032923,0
6657,548,France,Female,36,9,39827.88473539316,1,0,1,111133.2434343925,0
6658,772,Germany,Male,36,6,98950.54887468279,2,1,0,137617.22236438314,0
6659,641,France,Male,38,10,0.0,2,1,0,197497.76312049554,0
6660,673,Spain,Female,37,0,138875.8830199458,1,0,1,25845.83555136838,0
6661,716,France,Female,28,7,89256.96586530955,2,0,1,98065.72084251436,0
6662,599,France,Male,18,4,130519.69291685038,1,0,1,194064.1120227668,0
6663,719,France,Female,30,9,45249.00359137864,1,0,0,132210.0806877253,0
6664,433,Germany,Male,36,7,85776.81143266914,2,1,0,133612.6172609668,1
6665,592,Spain,Male,30,1,92748.31012143406,1,1,1,180807.778262673,0
6666,576,Germany,Male,46,0,0.0,2,1,0,74576.09817789606,1
6667,549,Spain,Female,35,1,0.0,1,0,1,114141.24651044479,0
6668,632,Germany,Male,56,5,0.0,2,0,0,98969.27385181004,1
6669,680,Spain,Male,32,3,0.0,2,0,0,74974.97430264716,0
6670,706,Spain,Male,39,7,119240.86480875088,1,1,1,177760.8462235305,0
6671,669,Spain,Female,35,8,158139.9515379286,2,1,0,89538.39071333593,0
6672,596,France,Female,42,8,93896.17208312682,2,1,0,36834.6108662381,0
6673,679,Germany,Male,48,4,125512.51829342027,1,0,1,39488.05732100995,1
6674,659,Spain,Female,44,5,57066.876534663614,2,1,1,31774.367835951703,0
6675,724,Germany,Male,18,10,139067.45891688234,1,0,0,151588.03327626878,0
6676,712,Germany,Male,42,10,136707.1822647007,2,0,1,192594.1621595471,0
6677,652,France,Male,27,6,0.0,2,1,0,55934.83899666353,0
6678,578,Spain,Male,34,3,101534.51397214974,2,1,0,19437.692079251538,0
6679,597,France,Male,44,9,0.0,2,1,1,34054.09818024453,0
6680,606,Spain,Female,26,2,102891.41834174076,1,1,1,150260.29043735887,0
6681,624,Spain,Female,49,1,148601.85625790307,1,1,0,161481.19121458798,1
6682,671,Germany,Female,34,9,0.0,2,0,1,76205.93327426074,0
6683,707,France,Female,59,3,133406.687373502,1,1,1,11602.423198241271,0
6684,645,France,Female,38,8,80927.78361711703,2,1,1,174787.42680326753,0
6685,651,France,Male,55,4,0.0,1,1,0,27268.96896715787,1
6686,661,France,Female,49,0,123123.3319705296,2,1,0,39104.08512388476,0
6687,608,Germany,Female,31,4,0.0,2,0,1,56885.81653569242,0
6688,575,Germany,Female,24,5,156141.89632701298,1,1,0,130770.25594593854,1
6689,509,Spain,Male,39,9,109413.01238497125,1,1,1,76402.45340033938,0
6690,594,Germany,Male,32,5,158818.90330252057,2,1,1,18644.47191975186,0
6691,687,France,Female,53,4,0.0,1,1,1,154379.78712941037,0
6692,593,France,Female,35,7,141291.31150204834,2,1,1,115202.78789013658,0
6693,630,France,Male,34,4,113481.96544593299,2,1,1,167741.54746716013,0
6694,687,Germany,Female,24,10,96492.65422276594,1,0,1,22504.856329250913,0
6695,691,Spain,Male,42,9,104735.89287378443,1,1,1,190766.29493199298,0
6696,563,Spain,Female,26,2,64794.59059677928,1,1,0,29547.293511784257,0
6697,729,France,Male,42,2,104518.69085645174,1,1,0,116013.1614184238,0
6698,740,France,Male,43,3,0.0,1,1,0,108820.4772892825,0
6699,559,Germany,Male,30,9,129494.17905519239,1,1,1,179506.10256347255,0
6700,584,France,Male,47,7,144053.22436636826,2,0,0,116764.28767798463,0
6701,745,Germany,Male,35,8,0.0,2,1,0,62945.49112271919,0
6702,638,France,Female,23,6,78836.77477347352,2,1,0,42656.836266221384,0
6703,472,France,Female,53,1,150354.27036255322,2,0,1,59336.01496400411,0
6704,538,Spain,Male,28,8,108426.75726048314,2,1,1,61362.03595919666,0
6705,630,France,Female,43,5,154320.77400190884,2,1,1,50200.69855737188,0
6706,556,Spain,Male,42,5,128615.4804446934,1,1,1,54452.88698234744,0
6707,616,Spain,Male,41,5,0.0,2,0,0,172839.38787884804,0
6708,652,Spain,Male,41,0,113853.42267724231,2,0,1,175417.71022022623,0
6709,766,Germany,Male,28,8,58426.364724721316,2,1,0,110888.18733851594,0
6710,626,Spain,Female,54,5,0.0,1,1,1,183830.7920229493,0
6711,735,France,Male,47,6,0.0,2,1,0,105906.08577453827,0
6712,764,Spain,Female,42,0,0.0,1,1,1,123969.03590888182,0
6713,764,Spain,Female,24,4,158721.61761325767,2,0,0,198859.80777526757,0
6714,672,France,Female,28,2,128254.56149284754,2,1,1,80913.88306711518,0
6715,492,Germany,Female,44,8,0.0,2,1,0,129238.85466362712,1
6716,686,Spain,Female,18,1,120967.0754094614,2,1,0,139966.49293319118,0
6717,733,Germany,Female,41,3,120787.36341390114,1,1,0,123147.01754448103,1
6718,643,Germany,Male,24,2,63353.14293546251,1,1,0,69894.38000900151,0
6719,789,France,Male,29,8,145754.79937163068,2,0,0,185108.86939056075,0
6720,718,Spain,Female,23,2,142170.7436580867,3,0,0,180258.49663085208,0
6721,695,France,Male,40,0,0.0,1,1,1,190796.62029238418,0
6722,736,France,Female,49,7,0.0,2,1,0,82214.34628162078,0
6723,676,Germany,Male,41,0,83177.80136074018,2,1,1,178754.34715700496,0
6724,450,Germany,Male,42,10,177282.13970424107,3,0,1,130065.704409232,1
6725,610,France,Male,39,0,147713.32859923653,2,1,1,199268.33810264943,0
6726,745,Spain,Female,44,6,104225.47716201928,2,0,1,87732.2817550673,0
6727,585,Germany,Male,42,8,86966.2255446169,2,1,1,10977.120509880826,0
6728,632,Spain,Male,18,3,105264.19855645206,1,1,0,105850.30333637011,0
6729,566,Germany,Male,47,9,0.0,2,0,0,112378.5590972366,1
6730,792,Germany,Male,46,3,0.0,1,0,1,98087.86366945665,0
6731,784,France,Male,34,4,0.0,2,0,1,87115.85423002046,0
6732,579,France,Male,18,4,66553.91619705272,3,0,1,51783.0792344533,0
6733,661,Spain,Male,40,1,106925.8109314833,2,1,0,148820.06593484257,0
6734,595,France,Male,41,8,97971.78684583865,1,0,0,111096.2207722096,0
6735,699,Spain,Female,33,9,0.0,1,1,0,29823.753231331208,0
6736,690,Spain,Female,39,8,180541.84227383544,1,1,0,29109.707468421602,0
6737,714,Germany,Male,48,8,116922.52560100074,2,0,0,157673.59964902388,1
6738,676,France,Male,61,8,0.0,3,1,1,121295.48584906814,1
6739,850,France,Male,39,0,95935.85377587704,2,1,0,105983.86102061963,0
6740,567,France,Female,41,7,0.0,2,1,0,52017.06471921644,0
6741,513,Spain,Male,29,7,0.0,1,1,1,69522.4202947171,0
6742,618,France,Male,32,3,0.0,2,1,1,164923.70802041222,0
6743,524,Spain,Male,36,9,144930.76600345765,2,0,0,63022.709302003495,0
6744,530,France,Male,49,0,0.0,1,1,1,43530.08605348675,0
6745,569,Spain,Male,46,0,111596.14799007447,4,0,1,135218.98703381311,1
6746,576,France,Female,57,0,0.0,1,1,0,156284.77267124178,1
6747,573,Spain,Female,23,2,170950.02633414615,1,1,0,43225.402381645596,0
6748,691,France,Female,24,9,0.0,1,1,1,57965.65635649526,0
6749,609,France,Male,49,2,135691.38978790093,3,1,0,16087.614461794677,1
6750,635,Germany,Female,52,3,137793.45087368062,2,0,1,15583.704516164846,1
6751,721,France,Male,38,10,88639.52214733136,1,1,0,20416.79672542737,0
6752,588,Spain,Male,18,1,134459.32304132567,3,1,1,20918.898767852577,0
6753,628,Germany,Female,30,10,115852.6737905819,1,0,1,157834.64699996228,0
6754,679,Spain,Female,41,10,157672.21139189825,1,1,1,121697.08620914909,0
6755,494,Germany,Male,29,8,0.0,1,1,0,61308.516130510325,1
6756,459,France,Female,39,9,104835.87120015784,1,1,1,31673.777447261695,0
6757,677,France,Male,56,8,0.0,4,1,1,190887.8048540193,1
6758,689,France,Female,52,9,0.0,2,0,0,80786.03268056463,0
6759,815,France,Male,46,6,210081.2712368448,1,1,0,12610.093115115438,0
6760,662,France,Male,37,1,0.0,1,1,1,13041.734829999807,0
6761,715,France,Male,33,2,0.0,1,1,0,50440.765550437696,0
6762,634,Spain,Male,45,7,79001.89341895888,2,1,0,163108.22332693278,0
6763,673,Germany,Male,38,8,0.0,1,0,1,160324.8340993774,0
6764,783,France,Female,38,3,0.0,1,1,1,14486.727476454322,0
6765,480,France,Male,22,8,104527.52444217628,2,0,1,48186.87634803993,0
6766,683,France,Female,30,3,0.0,1,0,1,150161.2990078774,0
6767,820,France,Male,45,1,131320.25552103124,2,0,0,23902.724031254067,0
6768,672,Germany,Female,26,6,109814.97536993152,2,0,0,88980.97911443947,0
6769,782,France,Female,40,8,112499.2801463202,1,1,1,192503.7232083776,0
6770,599,France,Male,42,1,130898.8820623183,1,1,1,119944.5217961995,0
6771,647,Spain,Female,42,7,0.0,1,1,0,91859.23327889662,1
6772,652,Germany,Male,43,5,228695.13029861765,1,1,1,192549.1522571745,0
6773,472,Spain,Male,44,8,137315.78919456934,1,1,1,106229.328836646,0
6774,556,Spain,Male,31,4,77188.77303052242,1,0,0,124346.09181782792,0
6775,562,France,Male,23,0,143079.1087950659,2,0,1,107351.06122065915,0
6776,715,France,Female,29,4,138773.26655847524,2,1,0,152564.67660134766,0
6777,719,France,Female,45,9,130981.40107524801,1,1,1,73142.14072233115,0
6778,675,France,Male,25,6,162774.90190210054,1,1,1,38894.86856456781,0
6779,715,Germany,Female,27,10,133310.86210140452,2,0,1,99660.7196617213,0
6780,636,Spain,Female,27,6,0.0,2,1,1,149211.69512694885,0
6781,746,France,Male,19,3,92151.89616112984,3,1,0,98664.47047522951,0
6782,650,France,Male,26,9,0.0,1,0,0,48444.65937762926,0
6783,654,France,Male,48,5,0.0,1,0,0,38445.57807500426,1
6784,628,Spain,Female,30,5,95249.12239874256,1,1,1,194493.26559149232,0
6785,704,France,Male,20,10,86294.27516843125,1,1,1,185101.7200459671,0
6786,616,France,Male,32,9,199981.0935835595,2,1,1,69083.09283196242,0
6787,728,Spain,Female,43,9,0.0,2,1,1,193047.9686991513,0
6788,559,France,Female,19,0,0.0,1,0,1,127737.57180858974,0
6789,562,France,Male,47,4,36884.47029531743,3,1,1,68543.06965356195,1
6790,704,France,Female,23,6,93126.85637026963,1,1,1,67930.19382587273,0
6791,642,France,Female,34,4,95977.85307032257,2,1,0,181006.53606160957,0
6792,613,France,Male,33,7,119294.21412223019,2,1,1,80403.81851438135,0
6793,721,France,Female,32,0,114382.42267499231,2,1,0,24799.77688598605,0
6794,601,Germany,Male,37,8,132547.1059646465,2,0,0,150540.8388534611,0
6795,633,Spain,Male,45,1,81823.37084363439,2,1,0,37966.81896011316,0
6796,761,Spain,Male,37,7,0.0,1,1,0,141304.71887032723,0
6797,773,Germany,Male,31,4,155928.81725909346,2,1,1,141582.48545423936,0
6798,775,France,Male,42,9,92523.9271515279,1,1,1,118381.34286553762,0
6799,627,Germany,Male,40,6,175198.97529472684,1,0,1,118898.77672492835,0
6800,748,France,Female,31,10,0.0,1,1,1,76545.43636359574,0
6801,574,France,Female,38,10,0.0,1,1,1,88073.50545351706,0
6802,577,France,Male,30,6,92742.16292679666,2,0,1,32991.94937990205,0
6803,461,France,Male,29,0,101092.62877265034,2,1,1,115378.04554268286,0
6804,783,Germany,Female,46,7,0.0,1,1,1,165135.27799901363,0
6805,580,France,Male,42,2,106375.99662230414,2,1,0,15746.415785581903,0
6806,639,France,Male,45,3,141841.72966903867,2,1,1,144682.57786022147,0
6807,577,France,Male,44,2,111085.39955478931,2,1,1,35508.251233546296,0
6808,705,France,Female,29,10,215660.35935509094,1,1,1,161755.85751584452,0
6809,619,France,Female,48,1,162571.60372600172,2,0,0,10185.542063792778,0
6810,545,France,Female,35,6,158614.63514060606,1,1,0,24591.500070351187,0
6811,685,France,Male,47,9,0.0,2,1,0,166172.48283552768,0
6812,535,Germany,Female,36,4,109786.20293665641,3,0,1,61190.869560727464,1
6813,583,France,Male,41,6,105786.9400050889,1,1,1,179811.24583862405,0
6814,481,France,Male,41,0,0.0,2,1,1,158412.93158882842,0
6815,536,Spain,Female,46,9,181788.12421991193,2,0,0,131846.94164221548,1
6816,664,Germany,Female,21,1,0.0,1,1,0,66956.27016426568,0
6817,492,France,Male,22,5,114327.99553433059,2,0,1,169511.68779635485,0
6818,531,France,Male,44,5,132590.2486068813,2,0,1,46813.57789602743,0
6819,649,Germany,Female,41,2,122831.97175908275,1,0,1,179454.73614293482,0
6820,606,France,Female,30,9,90618.14693240414,2,1,0,153719.92080505445,0
6821,809,Spain,Female,41,0,143484.6801723829,1,1,1,76199.28922619489,0
6822,796,France,Male,23,2,122995.12839761615,2,1,0,43123.02379147897,0
6823,580,Germany,Female,70,3,104316.73500403989,1,1,1,93944.39278488234,1
6824,694,Germany,Female,51,0,0.0,2,1,1,34900.973812402895,0
6825,709,Germany,Female,44,6,0.0,1,0,1,102199.28280823589,0
6826,602,France,Male,38,2,0.0,1,1,0,53109.786876874365,0
6827,530,France,Male,31,7,0.0,2,1,1,10851.878431989428,0
6828,649,France,Male,24,6,0.0,2,1,1,111002.49239594162,0
6829,636,Germany,Male,36,5,124272.7403100484,4,1,0,66984.0397665288,1
6830,615,Germany,Male,29,7,67208.45944606687,2,1,1,126111.2165262095,0
6831,685,France,Male,29,8,164146.6871812884,1,1,0,69423.76933237139,0
6832,589,Spain,Male,23,1,75163.92174826341,3,0,1,140041.29604584805,0
6833,557,France,Female,40,9,104495.24487925028,2,0,1,136688.45271233903,0
6834,658,France,Male,34,8,121155.79842371082,2,0,0,14751.305062730986,0
6835,680,Spain,Male,43,9,85029.81599813729,1,0,1,140816.02173533937,0
6836,555,France,Female,42,4,0.0,1,0,0,44760.68823923716,1
6837,724,France,Male,40,0,167247.27965414673,1,1,0,165939.72857253932,0
6838,508,France,Male,64,0,161458.886784017,2,1,0,32610.252611745786,1
6839,603,Germany,Male,46,6,0.0,1,1,1,57019.57808364597,1
6840,629,Germany,Female,25,5,0.0,1,1,1,118993.38103846395,0
6841,599,Germany,Female,42,9,0.0,1,1,1,89721.9354540386,1
6842,604,Spain,Female,37,8,148124.22651074565,1,1,1,198370.87823543508,0
6843,799,Spain,Female,24,0,125847.87589482439,2,1,1,146724.6968138393,0
6844,581,France,Male,23,9,109640.51227921776,1,1,1,51854.25892297642,0
6845,845,Germany,Female,42,9,97845.65005515583,2,1,0,149333.58363283906,0
6846,684,Spain,Female,44,9,102651.76894572665,2,0,1,77693.54498907614,0
6847,657,Spain,Female,27,9,59954.13721094437,1,1,0,14301.233062001495,0
6848,688,Spain,Female,47,6,141809.19907564952,1,0,0,63512.706970660496,1
6849,850,Germany,Male,40,7,0.0,2,1,1,188792.728660376,0
6850,570,France,Male,49,9,123770.73213476135,1,0,1,34340.99150374802,0
6851,560,France,Female,48,3,109172.14343453787,1,1,0,118748.02471478189,1
6852,589,Spain,Female,36,0,0.0,2,0,0,195735.56719610657,0
6853,652,Germany,Female,54,10,0.0,1,1,0,108953.05224767845,1
6854,511,Spain,Female,26,10,115441.65165165739,2,1,1,72728.99983456373,0
6855,651,France,Female,61,2,0.0,1,1,1,123724.73610351294,1
6856,785,France,Female,29,1,118212.69753183694,1,1,1,58751.399578383905,0
6857,662,Spain,Male,37,2,0.0,2,1,0,157364.49746763727,0
6858,626,Spain,Male,32,5,147982.72683055827,2,1,0,173906.98165973247,0
6859,600,Spain,Female,34,9,87603.10074316774,2,1,1,76930.87222199632,0
6860,721,France,Female,67,2,0.0,1,0,1,156852.033878422,1
6861,583,Germany,Female,33,9,42731.3841812328,2,0,0,168703.8896937839,0
6862,797,Spain,Female,46,3,143645.4651096949,2,1,0,87515.06059002645,0
6863,804,Germany,Female,35,0,148509.48653566572,2,1,1,190455.222595159,0
6864,670,France,Male,47,5,144599.32069255126,1,1,1,141063.60528315196,0
6865,649,France,Male,32,1,150374.6295173393,2,1,1,96759.04625544358,0
6866,732,Germany,Female,40,3,0.0,3,1,1,125996.14646705573,1
6867,737,France,Male,44,4,0.0,2,1,0,104420.18776083035,0
6868,585,Spain,Female,30,4,0.0,1,1,1,41346.021223960546,0
6869,607,France,Female,65,3,147732.21847796667,1,1,1,97832.82859689348,1
6870,544,Germany,Male,44,2,100067.0949389464,2,0,0,115946.49149576033,1
6871,682,France,Female,35,3,0.0,2,0,1,40513.84069484883,0
6872,703,France,Male,31,2,135590.84807886626,1,1,1,179419.98440496577,0
6873,542,Germany,Male,38,2,142834.2440307718,2,1,1,123366.06548243375,0
6874,613,Spain,Male,25,3,153894.14203086344,1,1,0,98132.4587840079,0
6875,542,France,Female,55,8,120631.52092749938,1,1,0,159047.94627783477,1
6876,578,France,Male,42,8,123676.39264676385,1,0,0,155588.9232535174,0
6877,694,Germany,Male,37,7,122874.37287692816,1,1,0,83518.18943273828,1
6878,591,France,Male,48,3,103911.14381839945,2,1,0,94883.10213237054,0
6879,625,Spain,Male,30,1,144011.04899997602,1,1,0,99212.42595403279,0
6880,519,France,Female,26,8,138991.77710426724,1,1,1,38255.99125674094,0
6881,664,Germany,Male,36,5,117112.06696263862,1,1,1,147743.5132028412,0
6882,646,Germany,Female,39,7,0.0,2,0,0,43663.40279460279,1
6883,591,Spain,Male,43,3,115344.61049179656,1,1,0,23733.887635456656,0
6884,634,France,Female,23,7,178177.63466284116,2,1,1,137594.21981981694,0
6885,664,Germany,Male,33,5,137843.33892584048,2,1,0,25637.846981937044,0
6886,584,France,Female,18,5,78254.55063013203,1,1,1,174693.64373297495,0
6887,531,Germany,Male,26,5,120114.86713342978,3,1,0,72926.52780792277,1
6888,794,France,Female,45,8,109216.5564233197,2,1,1,54220.44909768306,0
6889,599,Spain,Female,47,0,0.0,1,1,0,91267.27910271093,1
6890,642,France,Female,26,0,104228.07403219887,1,1,0,101764.0053807917,0
6891,730,Spain,Female,34,4,0.0,1,1,1,36995.29911101167,0
6892,850,France,Male,38,0,0.0,1,0,1,179405.5058859077,0
6893,550,France,Female,48,9,0.0,1,0,1,43737.58240654467,0
6894,685,France,Male,53,8,0.0,1,0,1,107006.114110373,0
6895,593,France,Female,39,3,123036.97342279981,2,0,1,124198.07113454657,0
6896,606,France,Female,35,1,79426.69360165372,2,1,0,133655.60465156447,0
6897,592,France,Female,23,2,93212.418934964,1,1,1,106759.61806599956,0
6898,559,Germany,Male,39,8,0.0,1,1,1,59434.727187787015,0
6899,646,France,Male,58,10,127997.38454185022,1,1,1,23412.8448812419,0
6900,532,Spain,Male,50,7,102335.16768870168,1,1,1,189259.13104613987,0
6901,725,France,Male,39,2,0.0,2,1,0,161814.55039458448,0
6902,654,Spain,Male,41,7,112842.62360260777,1,1,0,62450.62868893272,0
6903,683,France,Male,31,3,136261.710539927,1,1,0,29366.333507193154,0
6904,612,Germany,Female,34,5,113104.41533485931,2,1,1,195669.8139774641,0
6905,620,Germany,Female,39,3,122090.10123516814,2,0,0,176694.3715497215,1
6906,673,France,Female,39,10,114250.28395695356,3,0,1,125964.1048385265,1
6907,556,Germany,Male,48,4,0.0,2,1,1,108242.78924097551,0
6908,621,France,Female,47,9,120789.82283049595,2,0,0,64532.186000324575,0
6909,581,Spain,Female,43,8,107598.60466294379,3,1,0,76696.53130229356,1
6910,578,France,Female,28,1,47200.25780530048,2,1,1,174646.45389801305,0
6911,481,France,Male,28,8,116857.52718651334,2,1,1,119994.7625147512,0
6912,757,France,Male,29,2,168439.94672560337,1,1,0,180361.98023776416,0
6913,595,Spain,Female,40,4,77029.28200406503,1,1,1,174729.94399557545,0
6914,743,France,Male,18,6,96294.11946444037,2,0,0,90016.53943158567,0
6915,735,Germany,Female,37,1,185666.1582303838,2,0,0,37514.07049005247,0
6916,547,Spain,Male,52,3,77072.70187761038,1,1,0,189226.82158518236,1
6917,562,France,Male,44,0,143881.08897846384,2,1,1,162772.3083227632,0
6918,850,Spain,Female,34,10,0.0,1,1,1,79487.81704796873,0
6919,790,Germany,Male,31,2,0.0,2,1,0,178275.28070973058,0
6920,647,Germany,Male,46,5,0.0,2,1,0,79068.65910053541,1
6921,670,Spain,Male,41,1,51977.71177833594,2,1,0,133300.14281188924,0
6922,599,Germany,Female,35,7,146168.49180360424,1,1,0,69612.63275357275,1
6923,684,Germany,Male,32,6,97364.71903331774,2,1,0,182471.38571871558,0
6924,592,France,Female,38,2,83509.62521061508,2,1,0,17248.508250727693,0
6925,487,France,Male,34,0,159703.93415443206,1,1,1,139130.1632678769,0
6926,544,France,Female,45,9,0.0,1,1,0,46444.32367378181,1
6927,651,France,Female,50,3,146096.52070545513,1,1,0,28096.540683121522,1
6928,559,France,Male,24,3,0.0,1,1,0,120447.63988074956,0
6929,644,Germany,Male,25,10,90667.29839716265,1,0,0,149054.56818308367,0
6930,564,France,Male,51,4,0.0,1,1,0,198350.41047941014,1
6931,587,Spain,Female,39,2,0.0,2,1,1,33502.328885716124,0
6932,718,Spain,Male,26,10,0.0,2,1,0,53786.77745346698,0
6933,669,France,Male,47,1,134719.69134608158,1,1,1,196152.48566081177,0
6934,649,France,Male,41,1,0.0,1,1,0,53436.73527548779,0
6935,720,Spain,Male,60,7,0.0,1,0,1,128006.86740903337,0
6936,688,Spain,Male,35,6,102327.96410322342,2,1,0,136872.51152808982,0
6937,765,Germany,Female,49,0,128121.93171951822,1,1,0,163752.0507547835,1
6938,613,France,Female,23,8,0.0,2,1,1,79235.73484438473,0
6939,615,Germany,Male,51,2,106650.54677855485,2,0,1,34775.713331323364,0
6940,545,France,Female,47,2,157315.56582259675,1,1,0,19010.711775111304,1
6941,615,Spain,Female,54,0,0.0,1,0,1,26817.62515954032,0
6942,727,Spain,Female,49,10,72177.44979592526,1,0,0,116324.55160380423,1
6943,753,France,Male,37,3,140257.5213122731,2,1,1,79141.26804121614,0
6944,726,France,Male,26,9,0.0,1,1,1,166784.6518905905,0
6945,506,France,Female,31,10,144803.39849032575,1,1,0,87143.82414169631,0
6946,736,France,Female,20,1,169038.45562401184,1,1,0,108872.57038926659,0
6947,502,Spain,Male,28,2,74283.93440263362,1,0,1,190562.907160236,0
6948,721,France,Male,42,10,108317.19060630054,3,1,0,111103.99849826732,1
6949,620,Spain,Male,37,0,81886.60346396784,2,1,1,161343.37011148507,0
6950,706,France,Female,35,2,140242.0854477167,1,1,1,154933.30622592493,0
6951,543,Germany,Male,30,3,0.0,1,1,0,58537.40283818481,1
6952,743,Germany,Female,20,5,164783.91644478444,2,1,0,112366.82057588005,0
6953,532,Germany,Male,39,2,100451.58578909312,2,1,1,38264.394827891934,0
6954,596,Spain,Female,41,10,98105.52229423789,2,1,0,54015.40683826303,0
6955,570,France,Male,28,5,147461.87066155908,2,0,1,193020.0207314263,0
6956,509,Germany,Female,32,1,0.0,1,1,1,41837.66509117209,0
6957,657,France,Female,53,10,145601.75315245977,1,1,0,192597.93070673235,1
6958,794,France,Male,49,7,81922.89475323781,2,1,1,143401.37620415408,0
6959,850,France,Male,23,4,118635.95790697631,1,1,1,174435.8858627293,0
6960,657,Spain,Female,37,0,0.0,1,0,0,50631.30169107716,0
6961,739,Spain,Male,52,5,119343.01707901045,2,1,0,83423.97404469634,0
6962,668,Spain,Female,35,2,74155.10608643119,1,1,1,168957.31962511752,0
6963,689,France,Female,35,3,172226.8514521442,1,1,0,159282.87221337933,0
6964,622,France,Female,48,9,83598.35863470804,2,1,1,146122.45839070794,0
6965,665,Germany,Female,47,7,96195.68419450826,1,1,1,66553.22322876807,1
6966,692,Spain,Female,47,7,0.0,2,0,1,99824.71943714765,0
6967,603,France,Male,35,10,150643.50545950286,2,0,0,99470.82070727111,0
6968,643,Spain,Female,44,7,206273.67592697215,2,1,1,189694.76574569743,0
6969,645,France,Male,52,4,0.0,1,1,1,132941.01331853005,0
6970,716,France,Male,37,0,179859.06629985923,2,1,1,75029.10647610456,0
6971,564,France,Male,33,8,0.0,1,1,1,107333.50541577073,0
6972,645,France,Female,50,10,0.0,1,0,0,178605.81487496247,1
6973,802,France,Male,58,8,114009.46296893596,1,1,1,147141.22097872896,0
6974,743,Germany,Female,59,7,0.0,2,1,0,125774.27999146488,1
6975,757,Spain,Male,34,10,0.0,1,1,0,112724.67496790456,0
6976,651,France,Female,35,2,178105.39211465957,1,1,0,106324.65930594824,0
6977,675,Spain,Male,27,5,125231.14828880582,2,1,0,96118.37757441308,0
6978,730,Germany,Male,39,6,112321.64819695892,2,1,1,179276.35544047746,0
6979,774,France,Male,27,3,0.0,2,1,0,17340.280128031656,0
6980,493,Germany,Male,32,9,134589.53974667424,2,1,1,67676.83094385314,0
6981,544,Spain,Male,45,6,0.0,2,0,0,144714.87784142664,0
6982,754,France,Female,41,8,111310.67094752219,2,1,1,176472.0242373859,0
6983,627,France,Male,19,5,100678.15016434943,2,1,1,193988.23522579353,0
6984,596,France,Female,53,1,0.0,1,0,0,190765.2851308843,1
6985,549,Spain,Male,27,5,137317.18728810453,1,1,1,81429.36706558424,0
6986,605,France,Male,28,2,90709.48805505599,2,0,0,176392.367541665,0
6987,537,Spain,Male,25,6,118083.0337927981,1,1,0,114194.49982616163,0
6988,817,Spain,Male,31,2,109938.45132320232,2,1,1,80565.81740378645,0
6989,648,France,Female,29,7,147131.89562477294,2,0,0,182245.30937443496,0
6990,645,Germany,Female,29,10,110966.34325838256,2,0,0,125474.42280183257,0
6991,697,Germany,Male,18,10,137440.815232951,1,0,0,156166.61062390546,0
6992,726,France,Female,39,4,71909.60377657381,2,1,1,57819.2023742888,0
6993,725,Germany,Male,40,2,155846.02170747038,1,1,1,85207.33128811904,0
6994,735,France,Female,60,0,136683.53116896187,1,0,0,19252.018698114087,1
6995,599,France,Female,42,4,158728.94846317568,1,1,1,34157.458118390256,0
6996,626,France,Female,33,9,128512.40295707283,1,0,0,133405.43871098827,0
6997,711,Spain,Male,25,9,127207.7450529275,1,1,0,52141.84146983836,0
6998,607,Spain,Male,37,10,105768.57339025462,2,1,1,88959.93664311306,0
6999,649,France,Male,42,2,0.0,1,0,0,88335.31309426624,0
7000,681,France,Female,32,3,0.0,2,1,1,155854.39689233666,0
7001,712,France,Female,38,9,95743.6726379436,1,1,1,117733.86878417051,0
7002,507,Germany,Male,56,3,99512.65048775505,2,0,0,138711.6825047682,1
7003,707,Germany,Female,34,2,109779.92519408604,2,1,1,33133.251627230675,0
7004,631,Spain,Female,19,5,41719.599945859125,2,1,0,125277.23810985718,0
7005,706,Spain,Male,46,5,85454.90442303536,3,1,0,127466.8688129016,1
7006,712,Spain,Female,41,0,73623.22035760095,2,1,0,111285.08905359755,0
7007,778,France,Male,20,3,166530.94896178547,1,0,0,29224.744083002108,0
7008,758,France,Male,42,0,86960.58699381351,1,0,1,156554.9408349954,0
7009,757,Spain,Male,28,6,91188.8292522897,1,1,0,113463.84366356232,0
7010,765,Spain,Male,42,6,116234.17344398389,1,0,1,113004.18064059944,0
7011,673,France,Female,57,5,0.0,2,1,0,171440.68522275964,1
7012,652,Germany,Male,36,10,131903.07682261307,2,1,0,56196.227730510356,0
7013,719,Germany,Male,48,1,0.0,2,0,0,106280.0664026588,1
7014,708,France,Male,25,3,0.0,1,1,0,150633.82644353312,0
7015,625,Spain,Female,22,2,0.0,2,1,1,183200.78882986103,0
7016,682,Germany,Female,58,10,117289.35343511988,1,1,1,171528.7738906359,1
7017,647,France,Female,41,7,123037.96306180005,1,1,0,156871.22026637147,0
7018,581,Spain,Male,44,1,147123.673920715,1,0,1,176015.86558680053,0
7019,753,France,Female,49,9,143348.29242846204,2,1,0,60875.025242457756,0
7020,654,France,Female,32,1,65686.6042133571,1,0,1,94718.21660351517,0
7021,813,Germany,Male,46,0,131190.3934550879,3,0,0,196175.4982125289,1
7022,519,France,Female,44,8,120479.99422826042,2,1,1,12859.272462908015,0
7023,605,France,Female,25,2,170592.27022962886,1,0,0,198108.77239401094,0
7024,652,France,Female,53,7,87370.89095852409,1,1,1,29931.750372303413,0
7025,740,France,Female,51,6,0.0,2,1,1,182973.7958140601,0
7026,681,France,Female,25,0,107438.981982944,2,1,1,116794.93264952899,0
7027,674,Spain,Male,40,10,0.0,1,1,0,66282.11614944435,0
7028,559,France,Female,35,5,154628.42428051084,2,1,1,190524.80438632146,0
7029,557,Spain,Female,52,7,110530.62249464609,1,1,0,124681.86287555832,1
7030,675,Spain,Male,23,5,138836.2518373673,1,0,0,178786.2350929402,0
7031,540,France,Female,74,8,101468.96227909194,2,0,0,82720.53182736233,1
7032,607,Spain,Female,36,9,118710.2562560779,2,1,1,134307.20133618946,0
7033,690,Spain,Male,45,2,0.0,1,1,1,76972.36062201792,0
7034,571,France,Female,51,5,177277.96439686106,2,1,1,198425.8630480547,0
7035,778,France,Male,36,9,150538.96672058245,2,0,1,114886.78872456824,0
7036,747,Spain,Female,36,3,154954.77022417152,2,1,0,144034.55090816034,0
7037,524,Germany,Male,32,9,111136.75300674376,2,1,0,68243.33665206906,0
7038,575,France,Female,29,2,68082.71302816563,1,1,1,156314.0635471465,0
7039,467,France,Male,40,7,188747.23772334305,1,1,1,92018.93303699649,0
7040,587,France,Female,36,6,70780.27897338432,1,1,1,181311.08372228514,0
7041,711,France,Female,32,6,0.0,1,0,1,113786.4007366421,0
7042,616,Spain,Male,33,4,0.0,3,1,1,82643.23057676163,0
7043,686,France,Female,43,0,0.0,2,1,1,166632.91841183527,0
7044,528,France,Male,30,5,0.0,2,0,1,124530.51628070508,0
7045,713,France,Female,35,5,0.0,2,1,0,159177.7670372479,0
7046,605,France,Female,46,2,125844.81092440402,2,1,1,143250.9237663822,0
7047,650,France,Female,40,4,98244.62531171434,1,0,1,100038.66773547383,0
7048,642,France,Female,27,8,96136.95551419976,2,0,1,134865.2950190971,0
7049,548,France,Male,37,6,141234.88027589448,2,0,0,154021.42172660475,0
7050,557,Germany,Male,42,7,76958.99840484145,2,0,0,142588.62215821154,1
7051,727,Germany,Female,47,8,0.0,1,1,1,71203.80641881702,1
7052,681,France,Male,30,5,100674.96618418374,1,1,1,85036.98401734441,0
7053,734,Spain,Male,32,4,54856.45694149615,1,1,0,190807.53915467035,0
7054,675,France,Male,31,9,113451.52017542454,1,1,1,68870.09752048358,0
7055,661,France,Female,31,4,149142.89636961752,2,0,0,164344.73252143266,0
7056,511,France,Male,42,4,128129.93673114704,1,1,0,45284.72120060882,1
7057,628,France,Female,43,3,83983.81125260227,2,1,0,84470.85178573258,0
7058,647,Spain,Female,48,1,0.0,1,1,1,74273.18763302435,0
7059,806,France,Female,37,6,68116.5906946834,1,1,0,126979.34555392506,0
7060,704,France,Male,23,6,0.0,1,1,1,186391.41382257667,0
7061,772,Germany,Male,44,7,124022.77887367937,2,1,1,147344.73791479136,0
7062,697,Spain,Female,39,7,138980.50691531244,2,1,1,38457.545730363294,0
7063,593,France,Female,38,10,163046.89744924096,1,1,1,147286.9758855047,0
7064,659,France,Male,25,7,0.0,1,1,0,13617.353956317691,0
7065,668,France,Male,36,8,0.0,2,1,1,136082.673938668,0
7066,574,France,Male,26,5,93558.47430657917,1,0,0,176909.50817958868,0
7067,619,France,Female,42,3,56916.965240972866,2,1,0,79332.08645737394,0
7068,633,France,Female,33,1,98200.95758260638,1,1,1,146345.1144130113,0
7069,778,Spain,Male,32,4,124312.93320446284,1,1,1,130104.63865289824,0
7070,483,Spain,Male,22,5,122697.23539799481,1,1,1,27556.683969155485,0
7071,746,Spain,Female,48,6,127932.39931444904,1,1,0,68887.85975870257,1
7072,575,France,Male,35,5,0.0,1,1,1,139523.18493778416,0
7073,540,France,Female,38,3,99517.48680513901,1,0,1,15481.96080644007,0
7074,744,France,Female,30,3,147789.0012507701,2,1,0,114289.23246457281,0
7075,708,Spain,Female,21,6,125816.97653933907,2,0,0,113631.99421661258,0
7076,750,France,Female,32,0,78316.12907937844,1,0,1,158468.53620630124,0
7077,714,Germany,Female,34,2,0.0,2,0,0,195631.94079229728,0
7078,814,Spain,Female,40,9,168043.93330604615,3,1,1,19375.48727227833,0
7079,694,Germany,Male,34,1,0.0,2,1,1,27510.467200791787,0
7080,637,Spain,Male,30,1,118822.37881297625,1,1,0,68457.43839780914,0
7081,677,Germany,Female,22,6,0.0,1,1,0,119168.51528136113,0
7082,749,Spain,Male,38,4,85991.3725254706,2,1,0,13638.174076434478,0
7083,587,Germany,Female,30,2,118934.90058040759,1,1,1,65324.71355294941,0
7084,597,France,Male,51,8,131324.2187933247,1,0,0,32794.63127599038,1
7085,625,France,Female,39,8,0.0,2,0,1,129181.10797031411,0
7086,481,Spain,Female,43,2,0.0,2,1,0,145507.1206032158,0
7087,661,Germany,Female,35,1,90423.94590619578,2,1,0,14176.692073234433,0
7088,499,France,Male,40,2,86030.13533326038,1,1,0,187722.00269619672,1
7089,654,France,Female,29,8,152732.4156126363,1,1,0,149987.0397014308,0
7090,719,Spain,Male,26,7,148889.76833636544,2,0,1,72640.09015653847,0
7091,611,Spain,Male,38,2,55677.002641379055,1,0,0,147231.58732693768,0
7092,784,France,Male,43,3,0.0,4,1,1,96578.89861995901,1
7093,533,Spain,Female,18,4,66295.22980390026,1,0,0,138854.8837422982,0
7094,745,Germany,Male,33,3,150155.83357727365,2,1,1,90169.84079102299,0
7095,704,Germany,Female,56,10,148054.52995234588,1,1,1,93963.5522605256,1
7096,512,France,Female,42,1,118371.56953769323,2,1,1,45881.9050652371,0
7097,850,France,Female,53,10,153707.61994019436,1,1,0,174755.65055433416,1
7098,644,France,Female,31,8,140276.05030139588,1,1,1,183480.60564701652,0
7099,579,France,Female,33,1,131213.01715309394,2,0,0,85826.08481192855,0
7100,537,France,Female,47,4,0.0,1,1,1,83548.44402633574,0
7101,632,Germany,Female,44,10,76759.63889895071,1,1,0,40051.32598729548,1
7102,639,France,Male,37,8,111510.56623919442,2,0,0,71603.75558188546,0
7103,658,Germany,Male,25,7,119515.17062900442,1,1,1,162393.7139580256,0
7104,626,Germany,Male,49,0,0.0,2,0,0,89118.96428718089,1
7105,700,France,Male,63,2,0.0,1,1,1,159355.41872774734,0
7106,618,Germany,Male,22,9,118378.25518882509,1,1,0,172326.0864481771,0
7107,495,Spain,Female,52,8,0.0,2,1,1,75167.49891379202,0
7108,638,Spain,Female,33,2,89623.7317323285,1,1,1,197802.7355018129,0
7109,460,France,Male,34,10,0.0,2,1,0,122988.81064490843,0
7110,678,Spain,Female,40,3,0.0,2,1,1,73850.26207633546,0
7111,571,France,Male,25,2,0.0,2,1,1,31890.491899985343,0
7112,663,Spain,Male,37,6,0.0,1,1,1,70751.63782325586,0
7113,755,France,Female,21,8,0.0,2,1,1,38230.47214800891,0
7114,574,Spain,Female,42,3,97271.49560836238,1,1,0,155632.89926843438,1
7115,734,France,Male,60,8,105491.3490321285,1,1,1,59745.440195621304,0
7116,615,France,Male,31,1,0.0,1,1,1,75546.92007239154,0
7117,790,Spain,Male,36,1,0.0,1,1,1,70561.32228316512,0
7118,620,Spain,Male,36,8,0.0,2,1,1,124496.97554603391,0
7119,582,France,Female,47,6,148067.4913622116,2,0,0,77264.8262529759,0
7120,704,France,Female,42,4,0.0,1,1,1,37328.295586354376,0
7121,615,Germany,Female,47,4,0.0,2,1,1,128907.22610532437,0
7122,582,Spain,Male,32,8,105482.59542070617,2,0,1,106439.19784386398,0
7123,611,France,Female,42,10,93450.77244836799,1,1,1,154094.0099282385,0
7124,646,Spain,Male,18,3,0.0,2,1,0,58576.976523871075,0
7125,757,France,Female,44,10,0.0,2,0,1,173703.70266996213,0
7126,495,France,Male,25,0,106984.36580671102,2,1,0,82526.01680618757,0
7127,651,Spain,Female,34,5,152045.70565937232,2,0,1,128407.29757858183,0
7128,699,Germany,Female,45,2,121199.300261605,1,1,0,198326.47067096573,1
7129,665,Spain,Female,22,1,160330.41208471556,2,0,0,141055.46437994082,0
7130,754,France,Male,48,3,0.0,4,1,0,108223.27258981575,1
7131,644,Germany,Female,36,8,131040.21049996694,1,1,1,61199.84671766974,0
7132,635,France,Female,52,7,113078.72904620368,1,0,1,85781.59623295332,0
7133,697,Germany,Female,28,6,0.0,1,1,1,26578.9383618301,0
7134,657,France,Male,19,1,145104.2635500737,1,0,1,57839.88108771884,0
7135,618,France,Male,37,0,153992.13351565544,2,1,1,74599.7835066856,0
7136,691,Spain,Male,43,6,109220.7702401884,2,1,0,169672.6068598385,0
7137,597,France,Male,44,9,119750.47602169441,1,1,0,27588.855118755433,1
7138,601,Germany,Female,26,4,0.0,2,1,0,87892.7571053542,0
7139,607,Spain,Female,21,10,176684.825545493,1,1,1,107255.37303041853,0
7140,758,France,Male,34,7,0.0,2,0,0,191936.97294749276,0
7141,392,Spain,Female,43,4,114598.812848474,2,0,0,81233.51539834058,1
7142,681,France,Male,42,9,0.0,2,0,0,196237.42467560788,0
7143,652,France,Male,53,4,60416.87931585284,2,0,0,104618.21874599467,0
7144,515,Germany,Male,34,7,129515.26352745827,2,0,1,145108.9801210113,0
7145,674,Germany,Female,19,8,100945.24307393323,2,1,1,27523.575838434906,0
7146,688,France,Female,49,1,0.0,2,1,1,140739.1603808711,0
7147,697,Spain,Male,39,7,136956.02664252705,2,1,0,28515.135151898037,0
7148,437,France,Female,40,6,117654.30224776738,1,0,1,111479.08511210281,0
7149,759,Germany,Male,45,7,146105.2217206296,2,1,1,73669.9052887216,0
7150,590,Germany,Male,50,2,119067.55000786713,2,1,1,71199.91007909703,0
7151,704,France,Male,37,3,83785.08237834397,2,1,1,25907.005500670322,0
7152,709,Germany,Male,49,6,124898.92997942305,2,0,1,141180.0644435516,0
7153,579,France,Female,43,4,62281.995994392666,1,0,0,115184.46078708743,1
7154,702,France,Female,31,6,143255.9027772756,1,1,0,84629.45963862666,0
7155,619,Germany,Male,35,5,161466.85212893726,1,1,0,195559.76016081934,1
7156,484,Spain,Male,44,3,0.0,1,0,1,15761.780912452261,0
7157,743,France,Male,30,1,125851.4714775744,1,0,0,132897.95814698306,0
7158,587,Spain,Male,46,5,160226.15213504335,2,0,0,100157.10716750126,0
7159,581,France,Male,39,5,119526.0883078913,1,1,0,172294.2430690297,0
7160,617,France,Male,41,5,68846.13511223989,2,1,0,157791.45450661748,0
7161,671,Germany,Female,52,0,0.0,1,1,1,39736.03542550541,1
7162,645,Spain,Male,41,5,104746.88028955116,2,1,0,80463.49127266517,0
7163,693,Germany,Male,38,1,113078.42225138313,2,0,1,144186.83451166732,0
7164,542,France,Female,37,9,168142.07682612157,2,1,0,88530.63144238721,0
7165,590,Spain,Male,36,4,193778.6956105614,1,1,1,140251.68451209113,0
7166,640,Germany,Male,41,6,98137.14110870707,1,1,1,174591.4892071451,0
7167,801,France,Male,51,9,149810.28664675646,3,1,1,147398.898942645,1
7168,640,France,Male,31,0,128543.12813230547,1,1,1,112695.55338833846,0
7169,736,Spain,Male,31,4,173359.18705822044,1,1,0,160739.35769781593,0
7170,653,France,Male,50,8,112113.8537882602,1,1,1,176671.80989141946,0
7171,611,France,Female,32,2,130421.79220082176,2,1,1,86639.91259292491,0
7172,630,Germany,Female,40,1,105282.96625214971,2,1,0,172770.56793662818,1
7173,636,Germany,Female,32,9,174980.30322516523,2,0,1,162740.37024023465,0
7174,698,Spain,Male,21,1,0.0,1,1,1,88009.97867377545,0
7175,759,Germany,Male,39,2,104749.14379496183,1,1,1,21034.02032309074,0
7176,678,Germany,Male,49,0,140776.49628863655,4,1,0,181144.79631235174,1
7177,744,Spain,Male,37,1,95848.04301464598,1,1,1,54189.39638648063,0
7178,572,France,Male,23,5,130680.29289328604,1,1,0,176552.3472238843,0
7179,616,France,Male,39,7,109990.33956213898,1,1,0,143865.17636663665,0
7180,592,France,Male,30,3,102037.00494279344,1,0,0,198086.775391204,0
7181,675,France,Male,18,1,115872.73464666148,1,0,1,49426.44835729119,0
7182,621,France,Male,37,4,87643.45637814976,3,1,1,64927.479212529885,0
7183,708,France,Male,43,2,84017.01121299196,2,1,1,27580.770034641744,0
7184,575,France,Male,49,4,103175.33404945613,1,0,1,197922.58924661585,0
7185,653,France,Male,55,2,184626.96632565418,1,1,1,127725.55769869992,0
7186,704,Spain,Male,44,10,100150.07043452,2,0,0,61100.536322494205,0
7187,484,France,Male,47,3,173797.41823113893,2,1,0,101923.70706749977,0
7188,819,Germany,Male,25,4,0.0,1,1,1,194520.4343381716,0
7189,627,France,Male,54,6,0.0,1,0,0,76011.25248366068,1
7190,487,Germany,Male,50,1,103264.46379888961,2,1,1,163586.03313232912,1
7191,662,Germany,Female,34,5,123230.17415276387,1,1,0,34787.98153557432,1
7192,652,Spain,Male,44,5,0.0,1,1,1,148146.27775116876,0
7193,643,Spain,Male,43,5,0.0,1,1,0,82562.62559550733,0
7194,729,Germany,Male,52,6,110200.48540116097,1,1,0,46834.84498009173,1
7195,709,France,Male,36,10,147221.56510741127,1,1,1,177337.6060043895,0
7196,673,Germany,Male,30,2,0.0,2,0,0,114479.42460697226,0
7197,686,Germany,Female,33,4,124029.22143576607,2,1,0,81329.8956922789,0
7198,641,Spain,Female,46,8,53377.45589712163,1,1,0,86804.41430418368,1
7199,792,France,Male,18,8,126143.51067610797,1,1,0,23859.073970235506,0
7200,531,Spain,Female,18,6,133772.08286611864,1,0,0,103632.82710374227,0
7201,661,Spain,Male,46,8,116765.88630274581,2,1,1,147823.64580891887,0
7202,655,Spain,Male,40,2,111161.09388133188,1,1,0,166384.3586262055,0
7203,715,Spain,Female,38,6,157389.71308668418,2,1,0,167996.03053327772,0
7204,582,France,Male,24,0,137815.68360466207,1,1,1,170312.8254996119,0
7205,510,France,Male,20,6,0.0,2,1,1,171134.96008600146,0
7206,662,France,Female,31,2,183653.5273833405,1,0,0,99093.6580719029,0
7207,672,France,Female,41,2,110435.13413130665,2,0,0,92285.32467091593,0
7208,769,France,Female,32,6,120389.64919623849,1,0,1,31085.940777160566,0
7209,548,France,Female,47,7,172000.31441357036,1,1,0,65392.32334498506,1
7210,742,France,Female,28,3,108194.05333873455,1,1,0,52843.24552682982,0
7211,839,France,Male,32,0,177361.28882538155,1,1,0,125983.1811896399,0
7212,619,France,Male,45,4,117329.00635500114,1,0,0,71520.69267145934,1
7213,546,Germany,Female,34,9,0.0,2,1,0,111250.50141086015,1
7214,617,Germany,Female,34,3,143407.2617420136,2,1,1,81781.3082420033,0
7215,651,Spain,Male,31,8,95163.64809197871,1,0,0,179127.07167857612,0
7216,695,France,Female,29,2,132269.30511773058,4,1,1,90707.96633860124,1
7217,602,Spain,Male,41,3,133912.36045550992,1,1,1,169235.51178865018,0
7218,774,Spain,Male,42,9,0.0,2,1,0,17827.34078175597,0
7219,560,Germany,Male,40,2,185022.39987768064,2,1,0,16231.52705892611,1
7220,510,Spain,Male,31,2,139223.03403732277,3,1,1,148799.9233651813,0
7221,738,Spain,Female,35,6,116401.89588960503,1,1,0,144836.09222273252,0
7222,468,Germany,Male,53,4,0.0,2,1,1,14446.277582461607,1
7223,633,France,Female,23,4,122601.31959952798,1,0,1,102668.37372648393,0
7224,850,France,Female,56,3,104496.49468479908,1,1,1,19404.535435262165,0
7225,649,Spain,Male,38,9,94651.85138191833,2,0,1,41665.88984143661,0
7226,560,France,Female,36,7,117048.1342475786,2,1,1,192931.8180412058,0
7227,645,France,Male,47,0,77173.71321679484,1,0,0,74630.36752022232,1
7228,645,Spain,Female,18,10,0.0,1,1,0,99175.42576933285,0
7229,662,France,Male,51,8,128176.70757720892,1,0,1,139700.7139664418,0
7230,702,Spain,Male,56,10,192351.78886266268,2,1,1,184864.1461524181,0
7231,566,Germany,Female,48,8,148214.5411571733,2,1,0,38277.00672795673,1
7232,785,France,Female,18,10,0.0,2,1,1,53102.962475677974,0
7233,669,France,Female,45,4,0.0,1,1,0,116328.62168477412,1
7234,708,France,Female,54,0,0.0,2,1,0,135575.8987843225,0
7235,599,France,Female,53,1,105420.06560278084,1,0,1,92670.41336520563,0
7236,752,France,Male,23,1,0.0,2,0,1,134119.04043638584,0
7237,629,France,Female,48,5,0.0,1,1,1,12170.280028240115,0
7238,672,France,Male,55,9,179498.8587936391,1,1,1,47546.420933377856,0
7239,575,France,Male,38,8,129899.81130765664,1,1,0,169033.73429978822,0
7240,570,Spain,Male,23,2,0.0,2,1,1,153621.13900774496,0
7241,705,Germany,Male,46,7,105740.51835853448,2,0,1,130785.87180902001,0
7242,614,Germany,Male,48,1,90494.87279662401,2,1,0,114263.09310527572,1
7243,581,Spain,Male,36,4,99881.83019879823,1,1,1,48033.567407417184,0
7244,598,France,Male,26,3,115163.99852822065,2,0,1,61633.21878600153,0
7245,705,Spain,Female,47,4,177927.191369456,1,1,0,193203.32799486112,1
7246,599,France,Female,30,3,0.0,1,1,0,10351.44304963125,0
7247,640,France,Female,41,0,192342.0169168033,1,1,0,93824.1013477901,1
7248,651,Germany,Male,53,0,0.0,1,0,0,11953.773574833893,1
7249,496,France,Female,21,5,110723.52972847098,1,1,0,75049.3528307692,0
7250,532,France,Male,47,7,136182.2125777583,2,0,1,71757.08317573872,0
7251,676,Germany,Female,35,6,0.0,1,1,0,32010.41919147025,1
7252,591,Germany,Male,36,3,182705.14511795735,1,1,1,23191.62445103099,0
7253,734,France,Male,43,4,77859.62550686154,2,1,1,171909.37068092902,0
7254,727,France,Male,30,7,0.0,2,1,1,71596.21995854299,0
7255,707,Spain,Female,26,5,0.0,1,1,1,116340.98802928822,0
7256,795,Spain,Female,20,7,0.0,1,0,0,153813.55600215672,0
7257,643,France,Female,50,5,0.0,1,0,1,112364.32115452868,0
7258,701,Spain,Male,34,7,111551.96498029659,1,0,1,93102.07484092469,0
7259,603,Germany,Male,43,3,98662.64986905736,1,1,0,102936.49791380209,1
7260,846,France,Female,33,9,109937.4489178477,1,1,1,168733.91454730116,0
7261,808,Germany,Male,26,1,156129.18463944166,2,1,0,110848.2534949827,0
7262,650,Germany,Female,44,2,158383.55890383618,2,1,0,44953.60717980877,1
7263,680,France,Male,41,4,147285.4595640028,1,0,1,45302.84946947758,0
7264,758,Germany,Female,35,3,101458.5699253507,1,0,0,105271.73060982356,1
7265,638,France,Female,41,4,85002.36332053828,1,0,0,48332.22651598947,1
7266,597,Spain,Female,28,0,174221.0704253219,1,1,0,160313.76326727663,0
7267,719,Germany,Male,48,0,0.0,2,1,1,176014.4254813125,0
7268,656,France,Male,50,1,113375.63196608241,1,1,0,40644.5703531755,1
7269,664,Spain,Female,45,10,125109.6813956828,4,1,1,93402.90853994103,1
7270,583,Germany,Female,34,1,215854.49976565974,2,0,1,152527.58570876427,0
7271,512,France,Male,38,7,0.0,1,1,1,25897.832571959152,0
7272,668,France,Male,53,9,0.0,3,1,1,122912.19618153323,1
7273,722,France,Female,50,3,0.0,2,1,0,114525.17595642533,0
7274,631,Spain,Female,57,5,159645.9908765604,2,0,0,157653.52318259035,1
7275,764,Germany,Female,30,1,148163.45725151183,1,1,0,191021.70667025275,0
7276,593,Germany,Female,29,0,0.0,2,1,1,102492.40948487583,0
7277,565,France,Female,39,6,131212.52121790173,2,0,1,63560.0605206912,0
7278,644,Spain,Male,42,3,142879.57013928553,2,1,1,19053.35152459763,0
7279,643,France,Male,36,3,110398.26510388961,3,1,0,165973.035622052,1
7280,711,France,Male,34,1,35206.89332143606,4,1,1,43702.40133488789,1
7281,588,France,Female,50,8,99732.16746443926,2,1,0,172196.49727023387,1
7282,759,France,Male,37,1,0.0,1,1,1,127085.6540002704,0
7283,807,Spain,Male,25,4,100340.13088037926,2,1,0,42321.467922862474,0
7284,646,Germany,Male,27,5,117915.58408491615,2,0,1,101001.86832631989,0
7285,749,Spain,Male,40,2,0.0,1,1,0,130736.28277787042,0
7286,565,Spain,Female,68,10,109433.23186982569,1,0,0,125616.02997558832,1
7287,736,France,Female,28,2,0.0,2,0,0,13649.115355875,0
7288,733,Germany,Female,34,5,126356.97096558755,2,1,1,121822.04964723942,0
7289,719,Germany,Male,62,4,0.0,1,1,1,182938.72333652418,1
7290,648,Germany,Female,33,4,51358.55431843219,2,1,0,129963.04273890799,0
7291,413,France,Male,42,4,69281.822865419,2,1,0,118003.14865199085,0
7292,598,Spain,Female,56,8,136602.33143535856,2,0,0,153688.68428926496,1
7293,599,Spain,Male,28,7,89443.27232073083,1,1,0,109450.6725272189,0
7294,571,France,Male,34,3,0.0,2,1,0,151086.40760796645,0
7295,659,Spain,Male,33,5,103716.5473101282,1,0,0,43010.77358392756,0
7296,616,Germany,Female,22,4,102803.33855752624,2,1,0,184834.52180168027,0
7297,584,France,Female,53,10,70310.56721495368,2,1,1,92645.6098002841,0
7298,565,France,Male,32,5,115878.70953577521,1,1,1,82693.49840650617,0
7299,592,Spain,Male,29,10,60514.256384765795,2,1,1,151536.84042803536,0
7300,739,France,Female,33,7,87718.42874848176,1,1,0,121485.08900153903,0
7301,597,Spain,Male,47,5,0.0,1,1,0,56020.43317743794,1
7302,608,Spain,Male,39,5,137190.22230531712,1,1,0,61499.34907554589,0
7303,613,France,Male,30,1,126920.7041272683,2,1,0,131090.23918076837,0
7304,677,Germany,Female,42,6,117033.59775608582,2,1,0,84232.58677537342,1
7305,686,Spain,Male,46,2,0.0,2,0,1,88227.1119615715,0
7306,406,Germany,Female,37,6,100659.96937266577,1,1,0,138256.01281575108,1
7307,731,Germany,Male,35,4,127785.39884916708,1,1,1,127395.5058841896,0
7308,764,Germany,Male,48,3,87822.47655223071,1,0,0,42046.12078708574,1
7309,565,France,Male,36,9,114523.26819673374,2,1,1,177448.46228884725,0
7310,572,France,Female,54,0,0.0,2,1,0,72379.68470863238,1
7311,613,France,Male,30,7,123851.90157608798,1,1,0,137305.29714968687,0
7312,589,France,Female,30,1,132304.64080567766,2,1,0,185448.63304965413,0
7313,667,Germany,Male,28,9,0.0,1,1,0,93569.0017617225,0
7314,494,France,Male,35,7,103404.24314991347,2,1,0,103398.08111551624,0
7315,560,Germany,Female,38,6,0.0,2,0,1,138261.89449838863,0
7316,773,France,Female,24,2,126276.94261397059,1,1,0,72448.3723432165,0
7317,575,France,Male,38,10,0.0,2,1,0,77139.65766047438,0
7318,749,Germany,Female,43,6,0.0,2,0,0,122364.59002007867,1
7319,678,France,Female,23,0,141280.12926364908,2,0,1,69678.0498242758,0
7320,505,Germany,Male,32,4,0.0,1,1,0,69489.33895976914,1
7321,700,France,Male,43,1,106574.21389006036,1,1,1,162248.41221392047,0
7322,640,Germany,Male,27,1,161958.5900015095,1,0,0,16402.665078959675,0
7323,613,Spain,Male,34,2,63968.91751227018,1,1,0,14891.601578783286,0
7324,669,Germany,Female,48,6,97141.65264987986,1,0,1,65990.19651336025,1
7325,687,France,Male,55,1,93279.4734721603,1,1,0,141076.03993989134,1
7326,706,France,Male,42,3,85337.22386625898,1,1,1,68073.19803744408,0
7327,744,Germany,Male,36,3,0.0,2,1,1,129550.57324707885,0
7328,682,Germany,Female,32,0,0.0,2,0,1,64391.825994709354,0
7329,539,France,Female,47,6,0.0,1,0,0,15824.84779507931,1
7330,612,France,Male,49,3,130365.12491139364,2,1,0,148194.6111913122,0
7331,850,France,Male,26,0,126543.3257536002,1,1,0,113226.98921768618,0
7332,707,France,Male,47,2,157914.82473764406,1,0,1,132404.867047665,0
7333,839,Spain,Female,31,7,136449.18045844135,2,0,1,43684.28801768726,0
7334,761,France,Male,29,3,144938.25175811595,2,1,1,127315.49054601742,0
7335,669,France,Female,36,0,174328.32783895935,2,0,1,163728.4531262457,0
7336,674,Spain,Male,47,6,98637.90042251063,2,1,0,36673.912497402904,0
7337,647,France,Female,41,7,117053.003045437,1,1,0,63773.059047964816,0
7338,510,Spain,Female,40,4,99681.83157237883,1,1,1,160430.8349250899,0
7339,651,Germany,Female,41,8,0.0,2,1,1,132316.96906931547,0
7340,746,France,Male,42,6,72443.26714932967,1,1,1,45763.23426414023,0
7341,602,Spain,Female,36,3,118943.42787647853,2,1,0,61655.66434378173,0
7342,682,France,Male,44,8,88985.16407436732,1,1,0,181994.73777724864,0
7343,718,France,Male,31,5,97226.99838375344,2,0,1,81789.0691225108,0
7344,577,France,Female,44,10,0.0,2,0,0,27648.234257124328,0
7345,613,France,Female,46,7,130027.03740736016,2,1,0,136033.2665133534,0
7346,568,France,Female,44,1,0.0,3,0,0,86301.90498374763,1
7347,584,France,Male,45,4,135768.7882732859,1,1,0,148967.82007180803,1
7348,546,Germany,Female,42,2,0.0,2,0,1,31418.04779500091,0
7349,577,Spain,Male,49,4,156446.40434906763,3,0,0,68407.26386757527,1
7350,763,Germany,Male,18,7,118123.00227008792,1,1,1,84617.32112674715,0
7351,576,Spain,Female,46,5,131306.20391950733,2,0,0,119187.08950549267,0
7352,660,France,Male,57,0,105395.7050606036,1,0,1,45153.32043321807,0
7353,609,France,Female,31,6,120156.66554445137,1,0,1,71155.3071784995,0
7354,744,France,Male,30,9,107100.7934002662,1,1,1,155511.83528770728,0
7355,754,France,Male,50,0,0.0,1,0,0,45861.68484324672,0
7356,719,Spain,Female,28,0,0.0,2,0,0,82200.63850210552,0
7357,674,Spain,Female,31,3,0.0,2,0,1,84390.77305123636,0
7358,631,France,Male,39,8,141529.4360567076,2,1,1,49477.32166405273,0
7359,554,France,Male,30,7,83206.47533907118,1,1,0,175798.37504243935,0
7360,805,France,Female,46,9,135023.6300794752,1,0,1,107829.93871390958,0
7361,589,France,Male,30,2,0.0,2,1,1,83351.42669009477,0
7362,703,France,Male,41,5,163052.00780597783,1,1,1,157831.6310157114,0
7363,734,Germany,Female,40,0,81939.24092084818,2,1,0,16981.24343759024,0
7364,605,France,Male,54,9,104149.59802436933,1,0,0,199661.59841683405,1
7365,733,Spain,Female,49,0,0.0,2,0,0,192583.1127307293,0
7366,711,France,Female,32,5,102436.57401614275,1,1,0,26645.298236493647,0
7367,788,France,Female,25,4,98698.41490385795,1,1,1,178747.9864417793,0
7368,612,Germany,Male,46,5,118772.39423418965,1,0,1,69029.49522430968,1
7369,547,Spain,Female,31,8,107992.44741198634,2,0,0,29859.490804973488,0
7370,609,France,Male,34,4,133215.90776265517,2,1,1,118333.98718723831,0
7371,666,Germany,Male,27,1,96700.98241560851,1,0,0,175018.91704808356,0
7372,654,France,Male,44,0,109668.04958865684,1,1,1,40337.35152131779,0
7373,618,France,Male,31,10,0.0,2,1,1,194338.1610996394,0
7374,497,Germany,Male,37,1,0.0,3,0,1,65355.5317854175,1
7375,687,Spain,Male,37,7,93120.41825899045,1,0,1,118209.39797521454,0
7376,807,France,Male,39,0,0.0,2,1,1,136406.31486404734,0
7377,687,France,Male,44,5,0.0,3,1,0,76635.05247580001,1
7378,698,Germany,Female,35,4,105873.1224641921,2,0,1,176807.9712755545,0
7379,695,France,Male,30,9,122068.70241163812,2,1,1,198559.91702332685,0
7380,681,France,Female,19,10,80952.0873230742,1,1,0,87595.55561798664,0
7381,724,Spain,Female,39,8,0.0,2,0,1,37577.65678515293,0
7382,681,Germany,Female,36,3,118187.82400667969,3,1,0,178062.39382959748,1
7383,624,France,Male,30,4,0.0,2,1,1,109929.37491947823,0
7384,586,Germany,Female,38,4,168777.418741007,2,1,0,150629.79862164013,1
7385,630,Spain,Female,46,10,99447.8728651795,1,1,0,78061.76144630801,1
7386,675,France,Female,49,1,132070.51032568622,2,1,0,31531.681087305526,0
7387,624,Spain,Male,22,10,127800.91349730574,1,1,1,173263.31237698396,0
7388,675,Germany,Female,34,1,101562.01358914566,2,1,1,101782.67388469099,0
7389,685,France,Female,47,8,117161.9334116055,1,1,1,30722.198224577573,0
7390,716,France,Male,53,2,124025.91393138141,1,1,1,45598.066488831515,0
7391,752,Germany,Female,29,5,133968.3164030309,2,1,0,150890.34308922672,0
7392,656,Spain,Female,51,3,117353.07378245138,2,0,1,176406.26681911276,0
7393,545,France,Female,24,3,123765.96171514393,1,0,1,62663.83904147323,0
7394,622,Spain,Male,49,4,0.0,2,0,0,63274.017270107244,0
7395,653,Spain,Female,35,4,0.0,1,0,1,29321.54763768097,0
7396,503,Germany,Male,53,6,0.0,1,1,0,89585.12188883308,1
7397,761,Germany,Female,33,6,123313.61532869442,1,1,0,179369.603665158,1
7398,661,France,Male,34,0,46035.81462132267,1,1,0,41224.45312129889,0
7399,680,France,Male,36,5,0.0,2,1,0,158040.56928867294,0
7400,759,Spain,Male,22,3,179241.03836074658,1,0,0,51590.33347063611,0
7401,599,France,Female,20,1,0.0,1,0,0,48496.77342069699,0
7402,695,Spain,Female,43,5,95999.14398946866,1,1,0,12839.50850185592,0
7403,641,France,Male,47,6,0.0,1,1,1,137248.67392749625,0
7404,635,France,Male,44,1,77030.66475800166,1,1,0,83506.99860218195,0
7405,588,France,Male,25,1,0.0,1,1,1,195012.55416130257,0
7406,783,Spain,Female,42,9,159609.28120745477,2,1,1,19816.13438700376,0
7407,619,Germany,Male,28,10,120546.65297277345,1,0,0,22528.111732230005,0
7408,705,France,Male,42,6,0.0,1,1,0,64046.185068962965,0
7409,499,France,Female,49,8,0.0,2,1,0,112177.19696796704,1
7410,744,France,Male,41,2,144442.59773138163,2,0,1,152201.97883890517,0
7411,734,Germany,Male,52,2,0.0,1,1,0,67573.75052078388,1
7412,657,France,Male,36,7,97458.22934966799,1,0,0,73373.79038590475,0
7413,631,Spain,Female,35,1,0.0,1,0,1,146675.38179658275,0
7414,682,Spain,Female,38,8,0.0,1,0,0,80258.68573445162,0
7415,833,France,Female,24,6,0.0,1,1,1,133986.3062885949,0
7416,508,Germany,Male,33,7,90170.62374787375,1,1,0,69697.24573286195,1
7417,712,France,Male,34,8,103421.45176887164,2,1,1,198412.9894818258,0
7418,577,Spain,Male,35,2,0.0,1,0,1,184161.5352481502,0
7419,648,France,Female,40,5,52106.26110905739,1,1,1,121465.35616356587,0
7420,630,France,Female,23,7,116939.71685440636,2,1,1,192575.91130361194,0
7421,615,Spain,Female,26,0,0.0,2,0,1,116739.46934448116,0
7422,649,France,Male,49,5,0.0,1,1,0,171717.74628891173,1
7423,559,Spain,Female,18,2,64355.55074282054,1,0,1,190998.47608675185,0
7424,732,Spain,Female,44,7,96883.82702264967,1,1,1,195410.02291527393,0
7425,506,Spain,Male,34,8,171491.66548848184,1,1,0,194657.71997589027,0
7426,693,France,Female,39,4,0.0,1,1,1,175873.2327118033,0
7427,623,Spain,Female,53,1,133138.19732059425,1,0,0,85037.03949201366,1
7428,556,Spain,Female,36,6,0.0,2,0,0,198497.0818554704,0
7429,666,France,Female,44,5,141190.6394972542,2,0,0,158111.19890994785,0
7430,525,Spain,Male,38,5,0.0,1,1,0,171743.04877975196,0
7431,653,Germany,Female,36,0,119939.48018889365,1,1,0,161902.59619407065,1
7432,536,France,Female,35,0,125564.15289614158,1,1,0,118859.57225436719,0
7433,686,Germany,Male,45,5,91224.6850247526,1,1,1,112826.8623393716,0
7434,576,France,Male,30,5,123058.72053125646,2,1,0,88662.11545519538,0
7435,613,France,Male,26,3,0.0,2,1,0,33806.0888172711,0
7436,673,France,Male,38,7,72445.7070564651,2,1,0,129587.71701998716,0
7437,588,Spain,Female,39,8,109596.34677178337,2,1,0,71081.75366439749,0
7438,645,France,Male,19,5,96274.48055450151,1,1,1,46469.60869893545,0
7439,528,Germany,Male,37,9,152499.068544592,2,0,0,59746.66075211136,1
7440,700,Germany,Male,25,7,104202.05405581245,2,0,1,83566.39762680019,0
7441,791,Spain,Male,44,7,190173.61184915307,1,0,1,11486.531054503874,0
7442,850,France,Male,19,1,0.0,2,1,1,76345.37311475273,0
7443,657,Germany,Male,57,3,90884.52265063647,2,0,0,131095.59254107188,1
7444,713,Germany,Male,34,0,86025.3876983613,2,1,0,48071.47474572039,0
7445,507,France,Female,29,0,0.0,1,0,0,50378.93209566884,0
7446,770,Spain,Male,35,5,0.0,2,1,0,39857.1021735339,0
7447,712,Spain,Female,43,6,85695.8508841245,1,1,1,55324.998989421,0
7448,611,Spain,Male,46,4,0.0,1,1,1,15007.226257043985,0
7449,748,France,Male,35,7,155575.5602835941,1,1,1,195909.69620176774,0
7450,629,France,Male,23,8,0.0,1,1,1,23019.250954497245,0
7451,613,France,Male,25,3,0.0,1,0,1,148367.8441917081,0
7452,688,France,Male,40,0,120341.75598659225,4,1,0,61260.803056711564,1
7453,564,Spain,Male,47,5,118217.0735325018,1,0,0,104448.35403923383,1
7454,731,Germany,Male,49,0,145611.72669720874,1,1,1,73078.29717655608,0
7455,565,Germany,Female,39,1,93925.73519229738,1,1,1,194424.6461749607,1
7456,565,Spain,Male,47,10,0.0,1,0,0,78148.14751898937,1
7457,577,Spain,Female,57,3,104741.07516220308,2,1,0,95079.65690320688,1
7458,710,France,Female,49,3,132411.83800336596,1,1,1,197850.7251599479,0
7459,600,Spain,Female,47,5,0.0,2,0,1,28840.253364255877,0
7460,542,France,Male,29,7,0.0,2,0,1,66173.11925090439,0
7461,601,France,Female,47,2,108579.82869630934,1,0,1,83230.1119864007,0
7462,647,Spain,Male,42,5,151822.8419174463,1,0,1,95445.05804263691,0
7463,555,France,Male,44,2,86326.46242875906,2,0,1,191898.3012114569,0
7464,557,France,Male,50,1,113605.44964341172,1,0,0,82539.75649716181,1
7465,818,Germany,Female,41,3,0.0,1,1,1,63493.05214129471,0
7466,581,France,Male,36,3,187904.64236550653,2,1,0,69711.77344574756,0
7467,624,France,Female,27,1,122278.6161458384,2,1,1,33998.444873650325,0
7468,620,France,Male,35,10,0.0,1,1,0,36740.35594732671,0
7469,616,France,Female,40,2,64297.115948882485,1,1,1,55997.38789441162,0
7470,699,France,Female,40,8,130850.96072000179,2,1,0,42690.81342104353,0
7471,725,Germany,Female,40,9,97963.16382307933,1,0,1,74160.22439037207,0
7472,625,France,Male,47,8,88301.00600248725,1,1,0,36630.55175492194,1
7473,551,Germany,Female,46,9,139729.17851188986,1,1,0,117466.90178410779,1
7474,751,France,Female,37,6,115366.52324964835,2,0,0,190623.71535550273,0
7475,642,France,Male,29,1,0.0,1,1,0,104638.91176316627,0
7476,788,Spain,Male,41,4,122008.16298828492,1,1,0,94837.13317797551,0
7477,470,Spain,Female,60,7,113208.37189403307,1,1,0,45293.10846978796,1
7478,665,Spain,Male,41,0,0.0,1,0,0,52251.91203586149,0
7479,803,Germany,Female,35,0,0.0,1,1,0,128166.19451755442,1
7480,621,France,Male,43,10,0.0,2,1,1,32383.992134078726,0
7481,631,France,Male,43,10,102483.59337468988,1,1,1,43626.32195948479,0
7482,673,Germany,Male,43,5,129805.67728271057,1,0,0,121228.86464638161,1
7483,605,France,Male,51,6,138611.06872975832,1,1,1,149675.52501912523,0
7484,625,France,Male,41,6,74876.58047183364,2,1,1,188956.89655441593,0
7485,622,France,Female,51,2,0.0,1,1,0,43601.13181454403,1
7486,599,Spain,Male,40,9,0.0,1,1,0,146357.11113198497,0
7487,748,France,Female,53,3,130377.39961996155,1,1,1,56199.3785590062,0
7488,686,France,Female,50,8,104659.6385948514,1,1,1,40455.98837203054,0
7489,670,France,Male,47,10,149909.69635234628,2,1,0,165985.75518971297,0
7490,714,Spain,Male,45,9,154898.61810906496,1,1,0,66619.09751901096,0
7491,628,France,Male,61,3,110137.63747101596,1,0,0,73021.54151791392,1
7492,588,France,Male,48,4,106903.31600602751,3,1,1,85210.8631179515,1
7493,601,Spain,Male,29,5,0.0,2,1,1,18752.541475154358,0
7494,650,Germany,Male,40,6,146519.86309834901,2,1,0,176739.21130241329,0
7495,565,Spain,Female,35,4,150480.00204617163,1,1,0,194511.5879885066,0
7496,609,Germany,Male,58,6,113286.94361891257,1,1,1,49021.103768806155,1
7497,608,France,Female,50,1,145931.98975654042,2,0,0,24427.67863807981,1
7498,819,France,Female,58,6,0.0,2,1,1,103106.50202873262,0
7499,428,France,Female,30,4,0.0,1,1,0,135097.69826891838,0
7500,635,Germany,Female,49,9,90202.71826311687,1,0,1,103742.05744760226,1
7501,788,France,Female,24,4,140808.27942812114,1,0,1,133988.43473733048,0
7502,659,Germany,Male,22,10,113244.74035330271,1,1,1,190714.91809541776,0
7503,710,Germany,Female,34,5,113858.35576508942,2,1,0,72976.0548724622,0
7504,657,France,Female,53,8,111449.20566971062,1,1,0,178777.783218162,1
7505,596,France,Male,28,3,0.0,1,1,0,113480.29170971503,0
7506,470,France,Male,37,4,0.0,1,1,0,145490.97402524794,0
7507,666,France,Male,49,4,89671.60919258105,2,0,0,168107.31009118314,0
7508,587,France,Male,46,2,0.0,2,1,1,60608.03620647335,0
7509,585,Germany,Male,60,2,0.0,2,1,1,77490.5392825945,1
7510,610,France,Female,38,0,0.0,1,0,0,17611.165697852655,0
7511,789,France,Female,33,3,55845.665729648405,1,0,1,158053.96710930392,0
7512,842,France,Male,27,8,120852.16531054367,2,1,0,23451.338775222714,0
7513,667,Germany,Male,34,1,115149.8477958555,1,1,0,89859.82774253868,1
7514,612,Spain,Female,26,9,148803.34177480557,2,1,1,165554.49231695285,0
7515,555,Germany,Male,20,3,0.0,1,1,1,29597.51673574943,0
7516,687,Germany,Male,57,8,129754.40877777009,1,1,0,198749.4837495643,1
7517,792,France,Female,38,8,155649.53980986323,1,0,0,117250.78539739313,0
7518,630,France,Male,63,7,179512.36903703937,2,1,1,33748.96120975618,0
7519,459,France,Male,29,1,0.0,1,0,1,12705.362783353106,0
7520,703,France,Male,33,10,82390.68005263445,3,1,1,73900.563637752,0
7521,728,Spain,Female,30,2,162696.4656587777,1,1,0,51903.18622423956,0
7522,523,France,Female,31,5,17834.904563535863,1,1,1,98072.73877661553,0
7523,664,France,Male,46,1,88751.00484970794,2,0,0,98559.44332495556,0
7524,686,Spain,Male,43,2,95928.09030033459,2,0,1,39618.21085749357,0
7525,644,Spain,Female,46,0,142420.30085071083,1,1,1,135195.38652576215,0
7526,586,Spain,Female,51,3,115253.2961593727,1,0,0,88361.66908843079,1
7527,731,France,Female,49,10,86084.8498259467,2,1,0,130253.69734742425,0
7528,617,Germany,Female,27,5,194995.78952079435,1,1,1,174106.2214781821,0
7529,531,Spain,Male,32,0,108688.11761447783,2,0,1,42189.148070562325,0
7530,486,France,Female,39,0,85829.15417781088,1,1,0,92270.14183486099,1
7531,750,Germany,Female,75,7,83284.49079303475,1,0,0,169855.50091783417,1
7532,699,Germany,Female,45,6,0.0,2,1,0,147230.45549572565,1
7533,657,France,Female,39,6,121238.89776534779,1,1,1,68024.04226421693,0
7534,614,France,Male,44,6,104782.1596624954,1,0,0,153690.36474642358,0
7535,607,France,Female,31,4,104453.89383049382,1,1,0,82575.77788011638,0
7536,563,France,Female,40,3,123735.68341957331,1,1,0,194560.0665980015,1
7537,615,Germany,Female,47,6,0.0,3,0,1,58416.88959535743,1
7538,480,France,Male,37,10,0.0,3,0,0,43853.689319801764,1
7539,591,Germany,Female,30,2,111028.1867650129,1,1,0,176942.21739741415,1
7540,625,Spain,Female,37,8,0.0,1,0,1,104389.58405009094,0
7541,698,Spain,Male,34,1,96209.44941949093,1,0,1,151380.33109185877,0
7542,646,France,Female,24,0,115538.85669808679,2,1,0,190534.48514921524,0
7543,713,France,Female,32,7,0.0,1,1,1,47485.35308366309,0
7544,757,France,Male,24,5,0.0,1,1,0,29027.78810544178,0
7545,734,France,Male,25,3,122263.17261180087,2,1,1,51137.11059809126,0
7546,687,France,Female,26,9,18052.251818762088,2,0,1,31802.3781421374,0
7547,650,Germany,Male,47,8,0.0,1,1,0,192781.20828681564,1
7548,571,France,Male,52,4,0.0,2,1,1,145551.09194887223,0
7549,709,Germany,Male,22,10,122126.12759157443,2,1,1,134606.76797625213,0
7550,784,France,Male,53,0,0.0,1,1,0,190806.47414184114,0
7551,677,Germany,Male,26,0,0.0,1,1,1,195905.2436639388,0
7552,803,Germany,Male,45,6,200181.88498598163,2,1,1,183472.2923076274,0
7553,527,France,Female,40,0,127210.71481028592,4,1,1,135353.72986569535,1
7554,557,Germany,Female,44,5,0.0,1,1,1,104379.34648503712,1
7555,718,Spain,Female,26,6,0.0,1,1,1,18345.239224924226,0
7556,671,Germany,Male,19,10,0.0,2,1,1,176624.4168969063,0
7557,755,Spain,Male,29,9,150670.64511239168,1,1,1,29023.655543936315,0
7558,648,France,Male,42,4,159059.33681469515,1,1,0,26364.838457350674,0
7559,580,France,Female,57,2,0.0,3,1,1,134673.80596163977,1
7560,632,France,Female,27,2,114631.42906583987,1,1,1,167961.08969667755,0
7561,527,Spain,Female,37,1,150743.52734330422,2,1,0,140245.1371468649,0
7562,559,Germany,Male,30,10,113545.57685349822,2,1,0,79348.83623394641,0
7563,727,Spain,Female,37,0,0.0,2,1,1,167592.97513541815,0
7564,719,France,Female,18,10,124936.90597202952,2,1,1,11027.758500605476,0
7565,679,Germany,Female,52,7,113183.04988796735,1,1,0,41287.054228161265,1
7566,512,Germany,Male,38,8,0.0,1,0,1,105195.64872111022,0
7567,621,France,Female,47,1,0.0,1,1,1,176819.18067795178,0
7568,552,France,Male,35,3,0.0,4,1,0,29716.068541012377,1
7569,744,France,Female,39,2,127308.37779878522,1,1,0,105429.74185990209,0
7570,603,Germany,Male,49,3,0.0,1,0,1,49101.96457163913,1
7571,563,Germany,Male,39,3,0.0,2,0,0,51032.914147774194,1
7572,652,France,Male,39,7,0.0,1,1,0,169888.96723252218,0
7573,598,France,Female,30,10,125405.73577370295,2,0,1,41900.618707720496,0
7574,768,Germany,Male,32,2,101645.75761857422,2,1,0,22937.25437798001,0
7575,591,Germany,Female,27,2,0.0,2,1,0,26248.76036513353,0
7576,538,Germany,Female,30,5,0.0,2,0,0,76533.75231542095,0
7577,477,Spain,Female,50,10,120270.6009207803,1,1,1,112824.22306470947,1
7578,647,France,Female,56,2,93301.75860121698,2,0,1,12179.876295187725,0
7579,605,Spain,Female,25,4,63534.78684751902,2,0,0,198813.1515032988,0
7580,535,France,Male,41,3,116226.27269553397,2,1,0,188402.12647025837,0
7581,745,Germany,Male,34,10,180745.40104381327,1,1,0,98410.27743189372,0
7582,703,France,Female,51,3,155697.3534855897,1,0,1,37794.15568281921,0
7583,647,Germany,Male,39,1,0.0,2,1,0,40653.14880311352,0
7584,759,France,Male,37,8,134923.66220965367,2,1,1,84034.40929363736,0
7585,703,Germany,Female,30,4,76886.99647273461,1,1,1,183397.9233765652,0
7586,584,France,Female,22,4,113826.27846640414,2,0,1,88420.33721546564,0
7587,566,France,Female,45,6,0.0,2,1,1,83590.30635555479,0
7588,715,Spain,Female,41,2,78935.06709163997,2,1,0,184434.69284455705,0
7589,681,France,Female,41,5,92794.16649688924,2,0,0,198808.08477465142,0
7590,663,Germany,Male,32,0,0.0,2,1,1,82932.79635705147,0
7591,582,Spain,Male,36,4,132242.04652691568,2,0,1,192882.54662151824,0
7592,698,Spain,Female,45,4,127742.10571956873,1,1,0,34648.55635118918,1
7593,589,Germany,Male,47,8,0.0,2,1,1,47949.9487643785,0
7594,641,Germany,Male,26,4,138361.93544305552,1,1,0,92601.20270832822,0
7595,765,Spain,Female,31,7,120443.97020726056,1,0,1,82685.52216568748,0
7596,597,Germany,Male,24,2,0.0,2,0,0,53684.40806910972,0
7597,524,France,Male,40,10,82237.42677432814,1,1,1,100398.15044362842,0
7598,565,France,Male,46,5,168556.34147087912,2,0,0,149437.38839692608,0
7599,729,Spain,Male,35,1,105556.1419469014,2,1,1,39786.9364554006,0
7600,670,France,Male,31,8,167506.6257628707,1,1,1,79126.7734494547,0
7601,639,France,Female,34,5,139313.8755058927,1,1,0,15827.090516104225,0
7602,609,France,Male,61,4,79476.2332782491,2,1,1,191481.92494532355,0
7603,688,France,Male,49,8,124288.94558826182,2,1,1,154565.0372135139,0
7604,582,Germany,Male,45,0,0.0,1,1,1,71903.12961425983,1
7605,674,Spain,Male,41,2,97995.35485815971,2,0,0,43040.90473353442,0
7606,591,Germany,Female,37,1,155628.87712857046,1,1,0,110784.73563979394,1
7607,578,Germany,Male,28,8,155463.27981591615,1,1,1,52631.699308519856,0
7608,599,France,Female,27,10,166760.18546023936,1,1,0,113096.6893153751,0
7609,619,France,Male,32,5,136288.880159215,2,0,1,87337.69329989431,0
7610,646,France,Female,28,10,0.0,4,1,0,115543.59960542015,1
7611,668,Germany,Male,31,5,141849.45443608865,2,1,0,112126.07405967415,0
7612,354,France,Male,36,4,156287.05539343992,3,1,1,11009.586943961716,1
7613,585,France,Male,37,3,144997.9788003207,1,1,0,143115.97315923835,0
7614,618,Germany,Female,31,3,0.0,2,1,1,121613.49919787837,0
7615,770,Spain,Male,42,1,126876.530648685,2,1,0,124959.73905231075,0
7616,563,France,Male,36,6,141615.7702028557,2,1,0,61803.24351672337,0
7617,663,France,Female,40,5,165439.88313696597,1,0,0,191200.65573821336,0
7618,769,Germany,Male,30,2,73270.77537215402,2,1,1,81017.66615832719,0
7619,544,Germany,Male,44,6,0.0,1,0,1,56380.174939207165,1
7620,681,France,Female,32,8,0.0,1,1,1,16089.717316565695,0
7621,585,France,Male,54,9,0.0,2,1,0,123113.92422105164,1
7622,609,Germany,Female,35,0,143380.62224063033,1,1,0,168501.50839291047,1
7623,585,Germany,Male,37,10,0.0,2,0,1,46410.184986224514,0
7624,591,Germany,Male,43,9,119048.67850994342,2,1,0,139464.80513133953,1
7625,850,Spain,Male,46,7,0.0,3,0,1,10811.408204089286,0
7626,717,Germany,Female,47,1,130250.58237878856,1,0,1,123029.31809529396,1
7627,738,France,Female,55,0,127363.6672002627,1,0,0,23430.7643472042,1
7628,689,France,Female,44,8,106762.8468467765,2,0,1,180404.97550388877,0
7629,521,Spain,Male,37,1,0.0,2,1,0,64287.29224247919,0
7630,681,Spain,Female,32,6,131095.0043789863,2,1,0,103143.36602790657,0
7631,735,Germany,Male,36,6,139079.35232799654,2,1,0,84357.21066641671,0
7632,581,France,Male,52,0,66121.78303401993,1,1,0,119934.88858771785,1
7633,727,Germany,Female,24,9,0.0,3,1,1,69583.4895316174,0
7634,706,France,Male,29,0,159511.69800932714,2,1,0,185788.8183282792,0
7635,798,Spain,Male,35,6,185651.61295712757,2,0,1,71783.96072124738,0
7636,616,France,Male,29,5,145732.4644841568,1,1,0,109445.12864135347,0
7637,562,Spain,Female,33,3,137510.25505142965,2,1,1,86221.64961202224,0
7638,621,Spain,Male,56,2,154908.11042408497,2,1,0,53828.345309347824,1
7639,764,France,Male,35,4,0.0,1,1,1,198193.12723707373,0
7640,503,France,Female,42,4,0.0,1,1,0,138120.9571185779,1
7641,484,Spain,Male,21,10,110488.72028277864,2,0,0,107314.00873757899,0
7642,657,Germany,Male,26,2,77352.34229501527,1,0,0,133145.5176614387,0
7643,614,France,Female,47,5,146719.49765909,2,0,1,106831.49658372537,0
7644,650,France,Female,54,2,60068.73960604264,3,1,1,153678.381440104,1
7645,725,France,Male,40,3,0.0,1,1,0,50889.37321531793,0
7646,605,Germany,Female,34,2,133116.40092336942,2,1,1,197700.20142694085,0
7647,500,France,Male,42,5,0.0,1,0,1,66166.71811011939,0
7648,813,France,Male,18,8,37656.28774598251,1,1,0,85964.68044339004,0
7649,570,Germany,Male,40,2,77618.23090375392,1,1,0,194165.07591841978,1
7650,565,Spain,Male,27,0,124023.34302092301,1,1,0,58593.135220241995,0
7651,738,France,Male,45,6,143870.15327655151,1,1,0,42131.500247794145,0
7652,619,Germany,Female,18,4,119896.02193031866,2,1,1,128799.80761890732,0
7653,644,Spain,Female,31,3,160430.2995778706,1,1,0,193313.71452144603,0
7654,688,Spain,Female,37,2,136365.8647240565,1,1,1,198592.5721160493,0
7655,736,France,Female,30,6,120395.95307087734,1,0,0,55294.76986529395,0
7656,623,Germany,Male,34,1,0.0,4,0,1,67474.24883874017,1
7657,771,France,Male,47,10,99362.74009265804,2,0,1,159631.69976099706,0
7658,479,France,Female,37,3,0.0,1,1,0,39366.68977186696,1
7659,710,France,Female,28,1,144693.0807224162,2,0,1,71839.05990437588,0
7660,582,Germany,Female,47,9,132169.3148241291,2,1,0,115138.61654441939,1
7661,759,Spain,Male,40,7,116576.47615605904,1,1,0,55969.57761834806,0
7662,661,Spain,Male,40,2,126042.27028655556,1,0,0,14833.13566379018,0
7663,596,France,Male,29,4,62362.59954103435,1,1,0,13687.528411216315,0
7664,703,Spain,Male,18,10,121399.93081746584,1,1,1,194579.11489574116,0
7665,721,Germany,Male,28,3,118830.76967130632,2,1,0,102221.12972407146,0
7666,701,France,Male,27,4,39165.86886065075,1,1,1,194689.9783237067,0
7667,567,Germany,Female,31,3,160043.00312196487,2,0,1,82047.33260088295,0
7668,611,France,Male,29,7,128746.75136118951,2,1,0,165610.37652550582,0
7669,649,Germany,Male,39,5,125504.78007941268,2,0,0,36566.31454159836,0
7670,646,France,Female,46,0,99264.54048569547,2,1,0,20496.599696050296,0
7671,709,Spain,Male,48,4,162618.6659481923,2,1,0,76704.31491143821,0
7672,488,Germany,Female,46,0,0.0,1,1,1,17664.525552137457,1
7673,676,Germany,Male,29,2,87977.42746757141,1,0,1,102442.43822696187,0
7674,626,France,Female,38,10,0.0,1,1,0,131387.5286988888,0
7675,582,France,Female,53,5,88888.90169585262,2,0,1,32341.075807484212,0
7676,590,France,Female,22,8,0.0,2,1,0,90350.13068550474,0
7677,632,Germany,Male,51,2,102037.0457602408,1,1,0,183107.18826780032,1
7678,361,Spain,Male,28,3,102650.64643356585,1,1,1,117497.23224912088,0
7679,593,France,Male,40,9,132324.49483818776,1,1,1,104056.48971790556,0
7680,579,France,Male,42,0,103888.76289550436,2,1,1,132405.73633780412,0
7681,692,Germany,Male,39,9,157154.35115435254,2,1,0,178454.34619598128,0
7682,585,Spain,Female,60,1,0.0,2,1,1,162850.7167231925,0
7683,632,France,Male,34,6,0.0,1,1,1,58209.63600790426,0
7684,773,France,Female,21,7,159161.29250834615,2,0,0,16414.577726179516,0
7685,729,France,Female,41,0,92167.38744475727,2,0,0,66320.60263515607,0
7686,722,Spain,Female,36,8,0.0,2,0,0,181173.94426477762,0
7687,610,Germany,Male,43,5,132825.81468438043,1,1,0,93749.66642133537,1
7688,693,Germany,Female,46,0,155280.7264641356,2,0,0,152407.25529998456,1
7689,631,France,Male,37,3,85937.85259517106,1,1,0,157186.5135251673,0
7690,634,Germany,Male,42,3,141109.5744244111,2,1,1,127401.89092520457,0
7691,682,France,Female,39,6,88079.19657274305,1,1,0,45607.21782698511,0
7692,602,France,Male,55,0,111332.21867857108,2,0,0,108517.56458911842,1
7693,769,Germany,Female,34,9,95115.11038320909,1,1,1,99630.11449300709,0
7694,637,France,Male,31,8,86365.80095382832,1,1,1,131585.38387844243,0
7695,699,France,Male,46,0,122720.573957238,1,0,1,169070.59575919854,0
7696,766,Germany,Male,28,9,143596.45873953443,2,1,1,16210.277948510542,0
7697,732,France,Male,41,2,123458.51182622559,1,0,0,71959.5483059045,0
7698,537,Germany,Male,36,0,120469.5207293571,1,0,0,152834.053507506,1
7699,685,Germany,Male,36,0,113162.8403829534,2,0,0,166368.45560363666,0
7700,718,Spain,Female,62,3,0.0,1,1,0,44262.59166305969,1
7701,721,France,Female,50,1,95879.54319449227,2,1,1,77473.35720906606,0
7702,560,France,Female,48,8,146604.09064585983,2,1,1,105141.98417526425,0
7703,597,France,Female,43,0,119305.19120144946,1,1,0,120402.6702225705,1
7704,729,France,Male,31,2,215856.48100092902,1,1,0,85132.98568061204,0
7705,589,Germany,Female,40,1,123463.25167231172,1,1,1,145440.597873133,1
7706,626,France,Male,43,0,116574.79789793387,2,1,1,96226.7593183919,0
7707,776,France,Male,39,10,0.0,2,1,1,73068.03083847086,0
7708,646,Spain,Female,38,8,0.0,3,1,1,90677.04110708703,1
7709,591,Spain,Male,34,4,92079.5654231387,2,0,1,42179.35940361761,0
7710,579,Germany,Female,40,10,120407.31230434224,1,1,1,37464.08536328117,1
7711,676,France,Male,32,5,111098.38955470671,1,1,0,128332.66488768176,0
7712,543,Germany,Male,45,7,136994.36777085904,1,1,1,87996.80569614042,1
7713,630,Spain,Male,18,6,111535.04915855535,2,0,1,188935.86623592288,0
7714,676,France,Male,51,6,82799.01165580568,1,0,1,74469.01124161822,0
7715,753,France,Female,24,8,0.0,2,1,0,132102.5579742946,0
7716,703,France,Female,27,2,86882.18128904565,2,1,1,143022.62375341498,0
7717,592,Spain,Male,42,9,0.0,1,0,1,159802.07708135413,0
7718,744,France,Male,43,7,0.0,1,0,1,79497.47164697113,0
7719,626,Germany,Male,58,5,110754.81828732726,1,1,0,102176.21820438994,1
7720,551,Spain,Female,40,7,137862.91548115504,1,1,1,158651.05481760608,0
7721,636,Germany,Male,37,3,146918.1378134814,2,1,0,175077.12636705855,0
7722,765,France,Female,39,0,129208.41777405329,1,0,0,64118.94244874299,0
7723,663,France,Female,53,10,0.0,2,1,0,56006.27131317137,1
7724,651,France,Female,62,2,158295.73821855983,1,0,0,74616.5222072338,1
7725,780,France,Female,36,9,0.0,2,1,0,122178.6989055719,0
7726,535,Germany,Female,43,2,129592.8446790853,2,1,1,168175.2796502931,0
7727,547,France,Female,37,0,120037.95142142697,1,1,0,132402.09227503894,1
7728,520,France,Female,37,4,134297.5901996023,1,1,0,48424.98368255925,1
7729,679,France,Female,56,5,0.0,1,0,1,19836.252580739176,0
7730,663,France,Female,28,8,144203.906679702,3,1,1,115669.71060136954,0
7731,773,Germany,Female,18,7,0.0,1,1,1,154893.09955263414,0
7732,669,Spain,Female,41,3,0.0,1,0,1,106011.47015932284,0
7733,617,Spain,Female,50,5,0.0,2,0,1,79638.48426878908,0
7734,650,France,Female,40,2,73675.78452316174,1,1,0,47585.715072812345,0
7735,659,Germany,Male,43,0,159723.43965076224,2,1,1,119161.85947121053,0
7736,516,Spain,Male,45,8,114347.56765607755,1,0,1,126199.15559431608,0
7737,850,France,Female,39,7,130026.09899778545,1,1,1,168548.51758511728,0
7738,691,France,Male,43,5,0.0,1,1,0,150464.09212094228,0
7739,666,Germany,Male,43,2,108102.68091973808,1,1,0,107926.49364725829,1
7740,699,Spain,Male,18,10,116500.1848986416,1,0,0,163814.60768506452,0
7741,706,Spain,Female,39,4,124005.7095093164,2,1,0,31538.580083051285,0
7742,638,France,Female,22,8,0.0,1,0,1,55387.665488330305,0
7743,599,France,Male,37,6,0.0,3,1,0,153126.0524819473,1
7744,697,Spain,Male,33,1,0.0,1,1,1,90105.22338621938,0
7745,680,Spain,Female,48,5,104688.94948408718,1,1,1,119022.1298531717,0
7746,585,Spain,Female,40,8,0.0,1,1,0,173986.19952074354,1
7747,763,Spain,Male,42,10,0.0,1,1,1,186403.74341098606,0
7748,673,France,Male,36,10,87947.15707411781,1,1,1,186414.74528480036,0
7749,708,Germany,Female,48,9,117992.91056282993,2,1,1,77473.24083707863,0
7750,761,Germany,Female,22,0,129072.87898358302,2,1,0,127573.47964318465,0
7751,651,Germany,Female,29,4,97946.79796784405,1,1,0,128110.22325742587,1
7752,675,France,Female,50,8,109473.50610579652,2,1,0,64347.26770619829,0
7753,714,France,Female,33,2,88944.41976983343,2,1,1,96960.4559351665,0
7754,592,Germany,Male,18,2,111175.83575423964,3,1,1,89225.9084796466,0
7755,654,Spain,Male,52,9,0.0,2,1,0,139729.2807935669,0
7756,660,Spain,Female,48,8,109109.47278626844,1,1,1,123601.57691935803,0
7757,573,Germany,Female,45,2,107806.42577491002,2,1,0,182530.51569866829,1
7758,835,Spain,Female,38,10,86078.04230693664,1,1,1,57459.23603715338,0
7759,537,Spain,Female,54,8,164567.32153472785,1,1,1,124060.44586849773,1
7760,546,France,Female,50,9,138103.102210905,2,1,0,143032.04259502038,1
7761,755,France,Female,53,2,156773.775665352,1,0,0,21284.7265753434,1
7762,707,France,Male,44,7,0.0,3,1,1,130884.0631321914,0
7763,567,Germany,Male,39,9,0.0,1,0,0,122871.61956521573,1
7764,698,France,Female,34,8,115778.51429016644,1,0,1,70652.33005839809,0
7765,767,France,Male,25,2,115318.18397449746,1,0,0,197129.53792393857,0
7766,647,Germany,Male,43,0,142420.6551121611,2,1,1,87414.90815740293,0
7767,850,Spain,Female,43,8,96958.14042278052,1,1,1,43110.89025681325,0
7768,512,Spain,Female,34,6,115702.93727526578,1,1,0,115252.4114303216,0
7769,705,France,Male,44,5,174082.33236920933,2,1,1,78271.7550854013,0
7770,743,Germany,Female,34,3,0.0,1,1,0,54117.764063422175,1
7771,721,France,Male,46,4,125603.60880597189,1,0,1,73824.84917984807,0
7772,633,France,Male,29,6,149964.67149845583,2,1,0,149490.61088924404,0
7773,626,France,Female,27,8,154660.94717567269,1,1,0,66891.64138728168,0
7774,685,France,Female,35,5,0.0,3,1,1,119476.67691718279,0
7775,715,France,Male,46,3,87342.69576325109,2,1,1,10081.910811456297,0
7776,698,Spain,Male,26,3,0.0,2,1,0,31684.968913178065,0
7777,733,France,Male,48,9,171798.16257048317,1,0,0,151645.64398220953,0
7778,568,Spain,Female,21,2,114084.84539018375,1,0,1,49055.39758332012,0
7779,631,France,Female,35,1,136300.76606579823,2,1,1,160748.76178269912,0
7780,574,France,Male,23,3,144296.92992413588,2,0,1,62349.04709869793,0
7781,619,Spain,Male,18,5,169341.9627261462,1,1,0,49623.78412324852,0
7782,731,Germany,Female,41,0,92858.80383404045,1,0,1,140637.0058442601,0
7783,658,Germany,Female,36,1,127729.8008556539,1,1,0,28718.82139283681,1
7784,850,Germany,Female,24,7,0.0,1,1,0,78905.98601357854,0
7785,665,Spain,Male,32,2,199822.12816024042,2,0,0,24325.544693309927,0
7786,654,Spain,Female,42,0,102607.58479938156,1,1,0,48338.05792473217,1
7787,658,Spain,Male,34,1,0.0,1,1,1,39746.401345601225,0
7788,598,Spain,Male,36,2,179003.85441038432,3,0,1,163544.34531678518,0
7789,645,France,Male,34,1,199911.65154063713,2,0,1,119947.90595624184,0
7790,740,Spain,Male,32,3,155775.762602458,2,1,1,165888.0415173693,0
7791,659,France,Female,32,3,72804.88049889708,1,0,1,198748.65000294932,0
7792,586,France,Female,31,10,0.0,2,1,0,115423.61278425345,0
7793,575,Spain,Female,30,9,93716.09917755166,2,1,1,192440.86362459103,0
7794,613,France,Male,27,1,0.0,2,1,0,28385.699430116445,0
7795,655,France,Male,34,0,117643.22828061071,2,1,0,32078.431065837605,0
7796,745,France,Male,31,2,0.0,1,1,1,104855.79679114069,0
7797,542,Germany,Female,27,3,110367.45337025555,2,1,0,34021.03781657264,0
7798,624,France,Female,45,10,0.0,1,1,1,183755.23352124225,0
7799,661,France,Male,50,5,98175.32712127517,1,1,1,105830.59527268892,0
7800,503,Germany,Male,37,4,0.0,1,1,0,176770.14695770366,1
7801,583,France,Male,38,1,118772.23126713008,1,1,1,51681.136080720935,0
7802,595,France,Female,31,3,0.0,2,1,1,134290.25562113844,0
7803,586,France,Female,48,5,139885.09003226084,2,1,0,61333.41121150761,0
7804,665,France,Male,55,3,117626.9463116188,1,1,0,116314.09436240327,1
7805,637,France,Male,36,10,0.0,1,1,0,174913.1207047538,0
7806,605,France,Male,32,10,112763.61516944753,1,1,0,64301.27009654962,0
7807,684,France,Male,41,6,85130.91016468273,1,1,0,99422.67800066092,0
7808,787,Germany,Female,39,5,99951.24804350408,1,1,1,107578.98219534438,0
7809,781,Spain,Female,32,5,185833.01488710794,1,1,0,127310.2686239664,0
7810,496,Spain,Male,42,9,146691.42712997267,2,0,0,161836.3109288099,0
7811,696,France,Male,47,1,140855.5079815236,2,0,1,33106.01994672975,0
7812,635,France,Female,30,10,114215.41481491392,2,1,0,111780.0290465515,0
7813,662,Germany,Female,63,6,0.0,2,1,0,36982.86453168403,1
7814,618,France,Male,22,8,0.0,2,1,1,44336.1460953044,0
7815,659,Germany,Female,29,5,123453.68752963631,2,0,1,103393.0450487593,0
7816,662,France,Female,40,7,0.0,1,0,1,25796.79056460225,0
7817,603,Germany,Male,60,5,136508.89462625192,1,1,1,26596.99257373201,1
7818,578,France,Female,32,5,83080.07576098622,1,1,0,44049.798650034776,0
7819,614,France,Female,27,3,116160.20708265495,2,1,1,99739.55290508448,0
7820,668,Germany,Female,43,5,0.0,2,1,0,44809.65374035858,1
7821,697,Germany,Male,35,9,36766.51549469482,1,1,1,81938.9929813291,0
7822,718,France,Male,44,3,75301.24475742664,1,0,1,175031.82391338775,0
7823,610,Germany,Male,37,9,118701.18781249436,2,1,0,186222.67258691633,0
7824,672,France,Female,29,5,159686.05144575177,1,0,0,115100.04845434183,0
7825,727,France,Male,61,0,0.0,3,1,0,197662.60334562077,1
7826,743,Spain,Female,18,6,134072.6856927157,3,1,0,144041.24684858197,0
7827,645,Spain,Female,56,1,150556.97656291764,1,1,1,35685.68496924332,0
7828,632,Germany,Male,47,5,175807.32771844443,2,1,0,150490.61487935667,1
7829,665,France,Female,30,8,142356.82190661452,2,1,1,136306.98875074025,0
7830,558,France,Male,56,9,97668.09052491812,2,0,1,174418.6674835426,0
7831,634,Spain,Male,24,2,118528.59222821132,3,1,0,105212.89054326151,0
7832,709,France,Male,48,3,162210.01026746552,1,1,0,121773.41029908028,0
7833,701,France,Female,18,4,141213.12839742034,2,0,1,85011.7860396686,0
7834,628,France,Female,26,7,97194.96768055957,2,0,0,13280.240014188346,0
7835,667,France,Male,26,9,129129.15367072143,2,1,0,124431.02000303248,0
7836,584,France,Female,30,5,0.0,1,1,0,190397.58532011698,0
7837,706,France,Female,38,7,150544.14995608677,2,1,1,41493.521341315805,0
7838,643,Spain,Male,29,2,0.0,1,1,1,42692.09051538141,0
7839,627,Spain,Male,18,2,89161.7240018269,1,0,0,88080.33372479986,0
7840,621,France,Male,42,8,0.0,1,0,0,170278.7687355584,0
7841,644,France,Female,38,5,123342.90113545612,1,1,1,121544.27093347494,0
7842,614,France,Female,42,7,176036.25166027033,2,1,0,106939.31802820016,0
7843,702,France,Male,39,3,137569.33350995774,2,1,1,174324.98153286913,0
7844,618,Spain,Male,47,4,120471.83418023754,1,1,1,48107.52474421326,0
7845,777,Germany,Male,37,8,100733.88594026383,1,1,0,191265.16277947745,0
7846,767,Spain,Male,48,6,0.0,4,1,1,192922.772227557,1
7847,578,Spain,Male,30,4,155429.59694092502,1,1,1,164657.93595820433,0
7848,655,France,Male,30,6,109949.13406641428,2,1,0,65993.99191451489,0
7849,597,France,Female,51,10,113547.08752613621,1,1,1,81336.33161727978,0
7850,623,Germany,Female,51,8,104610.85981293669,2,1,0,86651.00790698506,1
7851,810,Germany,Male,43,2,0.0,2,0,0,42426.55814591317,0
7852,625,France,Male,29,2,0.0,3,1,1,18682.72176899757,0
7853,678,France,Male,28,3,143222.47922287692,1,1,1,22364.09571904046,0
7854,693,Germany,Male,51,10,0.0,2,1,1,126966.93554557308,0
7855,569,France,Female,50,9,147317.92739973846,1,1,0,193994.15836594516,1
7856,581,Germany,Female,37,6,52151.06358702722,2,1,0,26033.67227453135,1
7857,553,Germany,Male,61,4,140185.17990101007,1,1,1,131498.8990462363,1
7858,579,France,Male,42,4,0.0,2,1,0,32853.66497028751,0
7859,421,Germany,Male,26,3,129925.4343502668,1,1,0,119605.37040115052,1
7860,693,Germany,Male,35,7,0.0,1,1,1,94173.13136843024,0
7861,814,Germany,Female,38,2,106352.94391754964,2,1,0,16617.82850425558,0
7862,661,France,Male,38,1,86278.09804449539,3,1,0,77838.03358674147,1
7863,536,France,Female,50,3,118795.65699418966,1,1,0,159290.746316963,1
7864,598,Spain,Female,28,7,165775.98776713654,1,1,0,47235.120344022645,0
7865,613,France,Male,24,3,0.0,1,1,0,108422.13480786484,0
7866,568,France,Male,44,7,0.0,1,1,1,58584.40921869572,0
7867,718,France,Female,32,4,110734.19201585329,2,0,1,185824.8927255549,0
7868,714,Spain,Male,62,8,107882.32832146087,2,1,0,186176.1922066234,1
7869,557,France,Male,47,1,136029.325529114,1,1,0,148046.577261111,1
7870,708,France,Male,32,7,73828.10604489772,2,0,0,141209.83118886876,0
7871,772,France,Female,50,6,0.0,2,0,0,114868.38257779922,0
7872,802,Spain,Male,45,1,203226.34557184431,1,1,1,159131.6243445607,0
7873,850,Spain,Female,44,4,0.0,1,0,1,196857.52494075918,0
7874,577,France,Female,36,5,0.0,1,0,1,192723.49770631193,0
7875,850,Germany,Female,42,8,151688.08947935095,1,1,0,163659.1545550591,1
7876,621,France,Male,18,10,87932.10823543824,1,1,1,35871.21688926447,0
7877,602,Spain,Female,51,7,156848.22692101967,1,1,1,173668.1445560547,0
7878,676,Germany,Male,18,6,92067.0930650648,1,1,1,122492.89188290911,0
7879,603,Germany,Male,33,10,200997.86071902572,1,1,0,111336.63429196342,1
7880,681,France,Female,22,0,62970.94797662247,1,0,1,113542.13661697703,0
7881,544,Germany,Male,32,9,0.0,1,0,1,58308.62795758598,0
7882,630,Germany,Female,37,2,132249.93448337697,2,0,1,49284.665326206785,0
7883,752,Spain,Male,26,0,141613.18122913604,2,1,1,95209.0903478415,0
7884,645,France,Female,18,9,0.0,3,0,0,130280.42473993843,0
7885,661,France,Male,40,5,157927.1053198325,2,1,1,133710.39480118256,0
7886,688,Spain,Female,58,2,88096.05890706145,1,1,0,109397.15840624558,1
7887,743,France,Male,34,1,87081.31272153003,2,1,1,166005.70380073157,0
7888,517,Germany,Male,47,9,80579.83314980911,2,1,1,185270.08303876783,0
7889,696,France,Female,53,1,0.0,2,1,1,50859.619336152464,0
7890,628,Spain,Female,18,7,115776.59215094877,1,1,1,150119.57859081984,0
7891,663,France,Male,33,0,83608.05404070189,1,1,0,54180.08376718166,0
7892,734,France,Male,25,8,125085.28254199673,1,1,1,170576.16834599635,0
7893,554,France,Male,29,6,0.0,1,1,0,106409.06806601386,0
7894,568,France,Male,55,0,128400.76356921134,1,1,0,80699.07596018359,1
7895,495,Spain,Male,40,4,147875.46523380594,2,1,1,155313.74601743618,0
7896,606,Germany,Female,45,4,87569.00624879375,2,1,1,23948.467303771115,0
7897,756,Spain,Male,37,1,108066.59141158992,2,1,1,118152.84745250299,0
7898,640,Spain,Male,25,0,166043.41757483178,1,1,1,113714.06216168765,0
7899,542,Spain,Female,44,6,106004.82305018022,1,1,1,174867.17149673775,0
7900,611,France,Male,50,8,103852.72347371776,2,1,1,70449.91851085037,0
7901,530,France,Female,41,7,190110.73638697324,1,0,1,67776.86339408209,0
7902,559,France,Female,42,6,151220.7965940779,1,1,0,27883.659711854576,1
7903,681,Spain,Female,25,3,0.0,1,0,1,113218.546659078,0
7904,556,France,Female,45,9,138876.48937228922,2,1,0,14563.664934339049,0
7905,739,France,Female,51,6,48053.87510629441,1,0,0,188048.02197600275,1
7906,644,Spain,Male,42,7,99696.6783166726,2,1,1,55027.43391137049,0
7907,656,Germany,Male,20,8,0.0,2,0,1,94486.79731458955,0
7908,627,Spain,Female,54,8,104516.0108435777,2,0,0,39423.494891801936,1
7909,711,Germany,Male,28,4,96608.88545431224,2,1,0,73831.84083939495,0
7910,712,Spain,Male,41,4,137143.24726563913,1,1,1,183408.38120013353,0
7911,676,France,Female,47,5,110653.78678529793,3,1,1,196204.21336992853,1
7912,695,Spain,Female,48,7,115607.52296037863,1,0,1,64159.37226744785,0
7913,633,Germany,Male,19,2,108565.25299636864,2,0,1,165202.60841988612,0
7914,693,France,Female,39,2,105210.88678722044,1,1,1,40830.17548422965,0
7915,622,France,Female,38,10,138983.21768202537,4,0,0,36161.086841611046,1
7916,650,France,Female,52,4,0.0,1,1,0,36061.14544742917,1
7917,628,France,Female,42,10,142776.32905407602,1,1,0,189064.68929688603,1
7918,613,Germany,Male,52,0,0.0,2,0,0,143015.1942775227,1
7919,594,France,Female,43,4,119902.5259246223,1,0,1,119938.3174273999,0
7920,687,France,Female,37,8,110107.63256549512,1,0,1,46116.93396148534,0
7921,754,Germany,Female,39,4,145072.4516269174,1,1,0,110677.35139514472,1
7922,743,Spain,Female,53,6,96400.74302861653,1,1,0,198880.29193388132,1
7923,549,Spain,Male,25,9,123238.50674762798,1,0,1,166909.9738264184,0
7924,753,Germany,Male,47,8,117178.71134563399,1,0,0,197459.98060746273,1
7925,624,France,Male,31,7,89024.49493742798,1,0,1,12309.271075403893,0
7926,698,Spain,Female,29,4,0.0,2,0,0,115604.64177588216,0
7927,577,France,Female,48,1,0.0,2,0,1,65360.79459368606,0
7928,661,France,Male,29,4,0.0,1,1,1,72945.8656469025,0
7929,675,France,Female,41,9,0.0,2,1,0,20827.36696347565,0
7930,531,France,Female,33,7,141874.1240930467,2,1,1,137888.7510942077,0
7931,698,Germany,Male,18,10,0.0,1,1,1,172250.8271752705,0
7932,757,Germany,Male,42,0,92672.91850587606,1,0,0,56540.3527331219,1
7933,636,Germany,Male,39,9,0.0,1,0,1,109306.26837625353,0
7934,758,France,Female,18,3,94374.7601985173,3,0,1,19902.531496583848,0
7935,634,Germany,Female,31,0,0.0,2,1,1,63316.570621973806,0
7936,717,Spain,Male,19,4,0.0,1,1,0,52257.706868354035,0
7937,472,France,Male,45,1,143688.03924557669,2,1,0,195390.7142764837,0
7938,843,Spain,Female,51,1,109880.78503337443,1,1,1,105154.9875929121,0
7939,769,France,Female,46,6,0.0,2,1,0,51117.20072640802,0
7940,627,France,Female,47,3,0.0,2,0,1,35127.99787058245,0
7941,492,Germany,Male,32,1,0.0,1,1,1,157472.81021668488,0
7942,673,Spain,Male,43,10,145501.67491420597,1,1,1,18600.77320451659,0
7943,534,France,Female,37,2,118088.10802422445,2,0,1,36122.65583953791,0
7944,685,Spain,Male,39,2,88315.83796261818,2,1,0,19729.90748940799,0
7945,682,Germany,Male,47,1,142222.398240904,2,0,1,79701.30284064455,0
7946,574,Spain,Female,49,6,97596.78445182135,2,1,0,189280.69333683222,1
7947,739,France,Female,34,0,127184.01228974322,2,0,1,54720.581535176774,0
7948,714,France,Female,23,8,109749.8895253982,1,1,1,81252.7360314484,0
7949,728,France,Female,36,4,152661.1261600249,2,1,1,149452.59988624966,0
7950,650,Germany,Male,35,3,163621.88785895554,1,1,0,48735.90097610489,1
7951,536,France,Male,40,2,122049.41408315623,3,1,0,64454.03950029627,1
7952,728,France,Male,46,2,0.0,2,1,0,83517.1682071807,0
7953,628,France,Female,18,2,111480.17772496582,2,0,0,191321.21576453227,0
7954,538,Germany,Male,31,0,0.0,2,1,1,113420.77217986604,0
7955,758,Spain,Female,28,1,116456.96984829995,2,1,0,93176.96357254525,0
7956,817,Spain,Male,50,10,145241.02057588132,1,1,0,86287.10967899617,0
7957,646,France,Male,35,6,103727.29520915574,2,0,1,83988.67595319779,0
7958,822,France,Male,32,2,116507.83153466863,1,0,1,182750.86625654344,0
7959,657,Germany,Female,43,5,129494.84697774786,1,0,0,157728.75012286927,1
7960,619,Germany,Male,32,3,0.0,1,1,1,45649.822774527136,0
7961,599,Germany,Female,37,9,130303.61691770976,2,1,1,70602.44337746396,0
7962,780,Germany,Male,56,4,94688.20893926693,2,1,0,171101.967119741,1
7963,587,Germany,Female,55,7,151211.55216095364,1,1,0,152558.01638606229,1
7964,708,Spain,Female,33,1,126211.27036435377,1,1,1,29700.228929397286,0
7965,605,Germany,Male,36,9,64245.99598232082,1,1,0,87520.33702019216,1
7966,613,Spain,Female,31,4,0.0,1,1,0,103233.50877169197,0
7967,732,France,Female,18,1,115941.47884297062,1,1,0,172906.96394369833,0
7968,619,France,Female,48,8,131353.34111478407,1,1,0,172036.8017144309,1
7969,617,Germany,Female,62,1,0.0,1,1,1,38692.54866449915,1
7970,740,France,Male,33,0,170751.2400409368,2,1,0,121273.119997504,0
7971,777,Germany,Male,29,3,117083.81246335646,1,1,1,189197.68214671963,0
7972,701,France,Male,35,6,121572.92727426364,2,0,0,24586.930966223423,0
7973,597,France,Female,38,1,83224.97266502591,1,1,0,78124.09024528127,0
7974,609,France,Male,26,10,125956.19930773902,1,0,1,74097.9162756114,0
7975,656,France,Female,33,9,0.0,1,0,1,42582.69710971137,0
7976,675,France,Female,48,8,146660.82627911642,3,1,0,195963.30468024965,1
7977,570,France,Female,39,0,0.0,1,0,1,144510.11195487127,0
7978,707,Germany,Male,50,0,128472.50444837505,1,1,0,139966.80585934012,1
7979,656,France,Male,41,7,0.0,1,0,1,19307.428026341673,0
7980,512,France,Male,27,4,125949.04993060113,1,1,1,82992.83049972066,0
7981,575,France,Male,32,8,0.0,2,1,1,128145.09601439696,0
7982,609,Spain,Male,40,7,130517.29482383849,1,0,0,102426.97407808687,0
7983,644,Spain,Male,26,5,105941.6883867693,2,0,0,147731.3000072093,0
7984,801,Spain,Female,25,3,0.0,2,1,1,167210.92899335615,0
7985,669,France,Male,26,5,96477.94336628348,2,0,1,154672.5080865451,0
7986,582,France,Male,43,1,0.0,2,0,0,189309.27910836713,0
7987,667,Spain,Male,34,4,134687.9221971673,2,1,0,115181.279084102,0
7988,621,Germany,Male,49,9,149032.9467349228,2,1,1,172098.2435577366,0
7989,675,France,Male,29,2,188289.46463547045,2,1,0,196842.34571456572,0
7990,696,France,Male,18,2,0.0,1,1,1,107040.50431017549,0
7991,746,France,Female,36,0,90018.95702055172,2,1,1,12769.20531984355,0
7992,648,France,Male,54,10,105515.03488825115,1,1,1,72033.04679861982,0
7993,781,Spain,Female,38,7,156165.78375574463,2,1,1,112147.90405745697,0
7994,722,Spain,Male,24,9,148414.5587213316,1,0,1,139287.00062945747,0
7995,593,France,Female,21,2,129632.28268798503,2,1,1,122504.55146921783,0
7996,826,France,Female,49,0,88007.78120573075,1,1,1,133105.29274543753,0
7997,676,Germany,Female,29,3,141905.07507628307,2,0,0,147295.16956850394,0
7998,583,Germany,Female,53,0,0.0,1,0,1,104351.318449169,1
7999,782,Germany,Male,44,0,127685.96650893264,2,0,1,167328.58186598416,0
8000,816,France,Male,30,0,182454.95136335882,1,1,0,136482.13029643917,0
8001,647,Spain,Male,49,1,110529.4157051678,2,1,1,157412.3609247506,0
8002,609,France,Male,28,0,66401.1732898035,1,0,0,135590.97559669436,0
8003,636,France,Male,23,5,143953.3987388446,1,0,0,30525.019072427847,0
8004,707,France,Female,29,6,86041.69769302467,2,1,1,39456.24398622737,0
8005,752,Spain,Male,45,0,71242.86807155966,1,1,0,42264.124694105776,0
8006,695,France,Male,49,9,142517.23498231743,1,1,0,19274.563498679297,1
8007,658,Germany,Male,34,0,0.0,2,1,0,51558.5697173744,0
8008,769,France,Female,19,10,0.0,2,1,1,116406.48689661069,0
8009,624,France,Female,22,9,130599.64213650709,1,1,0,21377.791028366875,0
8010,732,France,Male,27,8,150817.65538976135,2,1,0,63872.86399523283,0
8011,626,France,Male,25,8,0.0,2,1,1,128394.14803613584,0
8012,684,France,Male,40,0,139700.3397218005,1,1,1,47981.90355315458,0
8013,640,France,Female,57,10,92995.98651640191,1,1,0,47538.82422608698,1
8014,645,France,Male,45,7,73049.79940584468,3,1,0,167140.8431794638,1
8015,619,France,Female,26,2,143605.8459801782,1,0,1,114357.37788549963,0
8016,757,Spain,Male,31,6,0.0,2,1,0,69582.36087103802,0
8017,591,France,Male,33,0,89608.45298309046,1,1,1,114271.55412339423,0
8018,590,Spain,Female,41,6,129406.45297154845,1,1,0,91341.01075285723,1
8019,819,Spain,Female,53,10,0.0,1,1,1,190674.0294206021,0
8020,728,France,Female,33,0,0.0,1,1,1,48260.36466644265,0
8021,459,Germany,Male,53,2,114605.58001404605,1,1,1,136220.49216677912,1
8022,604,Spain,Female,59,6,0.0,1,1,1,183483.57780416115,1
8023,505,France,Male,34,0,147675.36167010802,2,1,1,147104.07186581785,0
8024,573,Germany,Male,34,8,96971.74336381866,1,0,1,83589.8014065912,0
8025,398,Germany,Male,34,4,117569.4564042429,2,1,0,151812.19157546872,1
8026,639,Germany,Male,38,1,131811.62786640166,3,1,1,54141.5542234093,1
8027,558,Spain,Female,34,3,97612.99698598501,1,0,1,146227.4972158815,0
8028,654,France,Male,46,7,0.0,2,1,1,159435.20667577244,0
8029,519,France,Female,22,3,82991.6179953865,1,1,1,81424.53392056939,0
8030,656,Spain,Male,32,9,141314.51041331078,2,0,0,115450.2781889429,0
8031,616,Germany,Male,41,4,145700.47212135553,1,1,1,117249.53314650609,0
8032,770,Spain,Female,46,1,134179.46113080299,2,1,1,115649.64460566764,0
8033,762,Germany,Female,59,4,170912.08122726838,1,1,0,48063.57383702685,1
8034,712,France,Female,25,6,79820.62912448094,2,0,1,129965.41567686871,0
8035,623,France,Female,31,8,111020.0566796609,2,0,0,87194.64171773144,0
8036,808,Germany,Male,18,7,71093.18187466095,1,0,1,35353.02664108171,0
8037,525,Germany,Female,26,9,129911.32820752962,2,1,1,20548.333907469245,0
8038,537,Germany,Female,20,10,0.0,2,1,1,166461.58499407003,0
8039,643,Germany,Male,32,5,0.0,1,0,0,154233.21063963944,1
8040,830,France,Female,35,8,0.0,1,1,1,186966.2945303209,0
8041,633,Spain,Female,42,6,138886.63854977454,1,0,0,100812.95366990753,1
8042,635,Germany,Male,35,2,156444.66364929688,1,1,1,126593.10683465544,0
8043,534,Spain,Female,42,10,0.0,1,0,1,22058.91485580682,0
8044,725,France,Male,39,0,0.0,2,1,0,67192.64971098548,0
8045,726,France,Female,27,4,0.0,1,0,0,152740.35357391412,0
8046,713,Spain,Male,21,8,97269.22630272493,2,1,1,62453.50393797817,0
8047,599,France,Male,43,7,0.0,2,1,1,31326.728078461892,0
8048,593,Spain,Female,54,5,169172.90485062439,2,0,0,21796.39607617501,1
8049,546,France,Male,63,7,177587.6148727599,1,0,0,96123.8679649696,1
8050,656,France,Male,47,7,0.0,2,0,0,176215.39547715604,0
8051,563,Germany,Female,52,2,0.0,1,1,0,80176.83143289633,1
8052,555,France,Female,42,5,0.0,1,0,0,136725.7827491102,1
8053,616,Germany,Female,41,6,0.0,2,1,0,91864.97484742482,1
8054,610,France,Male,39,1,190893.6808114322,2,1,0,159377.74627020964,0
8055,606,Germany,Male,36,10,0.0,2,0,0,162626.84846510322,0
8056,687,France,Female,44,6,110836.09453527951,1,1,0,189851.87135818068,1
8057,656,France,Female,32,9,155007.5054967249,2,1,1,74210.99708172723,0
8058,626,Germany,Male,36,5,61658.15902718168,2,0,1,99533.08354864456,0
8059,664,Germany,Female,26,1,90344.90926434996,1,1,1,132691.10128439585,0
8060,570,France,Male,42,1,102017.24553300868,3,1,0,105167.45292365286,1
8061,658,Germany,Male,28,5,109786.81573783411,1,1,0,25947.98661416886,0
8062,662,Spain,Female,38,2,141031.31365159948,2,1,0,132796.1776752574,0
8063,529,Germany,Male,43,5,120847.30081413095,1,1,1,30906.002086240114,1
8064,729,Spain,Male,43,8,109888.8446188703,2,1,1,169733.7799122872,0
8065,579,France,Female,45,9,97855.96686575822,2,0,0,25746.316976550952,0
8066,657,France,Male,35,0,109712.54540368504,1,1,1,158449.33439960456,0
8067,743,France,Female,42,2,101331.20049987308,1,1,0,38699.76924406573,0
8068,724,Spain,Female,33,1,153490.81577812205,3,0,0,150739.12071985303,1
8069,652,France,Female,18,10,131561.03821873275,1,0,1,14382.538097530367,0
8070,621,France,Male,43,2,152250.30878564875,1,1,1,31220.064651995013,0
8071,725,France,Male,40,1,0.0,1,1,1,13877.925154763625,0
8072,703,France,Female,48,2,0.0,2,1,0,44656.629963789186,0
8073,600,Germany,Male,37,3,126038.28787194758,1,1,1,10067.086960315637,0
8074,586,Spain,Female,21,6,109396.75385199655,1,0,0,26415.84611570655,0
8075,484,Germany,Male,37,1,0.0,1,1,1,14759.298099641948,0
8076,662,Germany,Male,46,1,0.0,2,1,0,92534.0712638535,1
8077,643,Spain,Female,42,1,157462.31773969726,1,1,1,39867.737177825205,0
8078,740,Germany,Female,36,5,117267.17046805823,2,0,1,64578.287113233164,0
8079,678,France,Male,21,7,0.0,1,1,1,59954.73788801774,0
8080,756,France,Male,27,3,0.0,1,1,0,167879.56134962034,0
8081,594,France,Female,42,9,142002.95352540008,2,1,1,41028.84700502726,0
8082,741,France,Male,21,2,0.0,1,1,1,104807.52839235155,0
8083,607,Germany,Male,34,8,121648.70414639072,1,0,1,23139.08320150576,0
8084,712,Spain,Male,38,0,99261.02870697576,1,0,0,88013.64521194053,0
8085,533,France,Male,49,9,152122.28334318966,1,1,0,162785.961574221,1
8086,668,Spain,Female,44,1,0.0,1,1,1,108125.82388889443,0
8087,491,Spain,Male,47,6,136174.2746164599,2,1,1,59136.96339891986,0
8088,628,France,Female,41,2,0.0,1,1,1,87468.69804437849,0
8089,685,Spain,Female,29,8,129026.2863905894,1,0,1,115610.81676705941,0
8090,608,Germany,Female,31,0,125475.49030127964,1,1,0,181929.95508965163,1
8091,565,Germany,Male,28,8,0.0,1,1,0,169198.16595390032,1
8092,717,Spain,Male,43,5,126694.2201222804,1,1,1,192613.71963501736,0
8093,641,France,Female,31,0,0.0,1,1,1,43953.34750832241,0
8094,610,France,Male,34,8,127849.60845157976,2,0,0,47661.42869103349,0
8095,653,France,Female,38,8,0.0,1,1,0,29055.76740019978,0
8096,850,Germany,Male,54,9,97249.72919799366,1,0,1,106609.0309316254,0
8097,742,France,Female,44,10,0.0,2,1,1,44338.92369600567,0
8098,743,France,Female,30,4,146535.00209852742,2,1,0,140839.13494512893,0
8099,684,Germany,Male,39,6,106289.29897012895,2,0,1,191694.61519708482,0
8100,663,Germany,Male,54,2,154124.92691483194,2,1,1,117903.31231284878,0
8101,458,Spain,Male,44,7,133370.9810292972,1,0,0,146327.06829461383,1
8102,595,France,Male,22,2,131535.04445748695,2,1,0,48012.67413226693,0
8103,611,France,Male,28,9,0.0,4,1,0,165102.63044686156,1
8104,500,France,Female,28,6,144647.54386489477,2,1,1,172712.55608947613,0
8105,557,Spain,Male,52,3,109309.94861028508,1,1,0,178074.78363124307,1
8106,491,France,Male,50,4,34891.266164499044,2,1,1,174471.67296060204,0
8107,646,Germany,Male,31,6,142964.7834880907,1,1,0,69178.56387475067,0
8108,715,Germany,Female,31,1,0.0,1,1,0,110297.4280289589,1
8109,738,France,Male,38,3,105732.76269083179,2,1,0,68764.14508859733,0
8110,683,France,Female,38,6,138769.6275095014,1,1,1,176896.99200359278,0
8111,572,Spain,Female,28,2,0.0,1,1,1,182596.80838016843,0
8112,495,Germany,Male,35,3,117005.61849981494,2,0,1,138105.9651279156,0
8113,509,Germany,Male,23,9,178072.17684938599,3,1,1,51795.33626623254,1
8114,548,France,Female,50,7,0.0,1,1,1,31442.748884286822,0
8115,578,France,Male,20,2,0.0,1,1,1,181841.90077040653,0
8116,637,Germany,Male,20,8,118388.20514566597,2,0,1,77683.01369339226,0
8117,568,Spain,Female,42,4,162554.73319358085,1,0,1,133432.4847524967,0
8118,677,France,Male,25,1,69114.54258376469,1,1,1,165222.3532569409,0
8119,631,Spain,Male,32,7,0.0,1,1,1,137045.04140067482,0
8120,650,Germany,Female,38,9,147047.88237351202,2,0,1,197847.49035383805,0
8121,741,France,Male,44,7,145046.53268131506,1,1,1,119121.74632231105,0
8122,555,Germany,Female,35,0,124564.06176274018,2,1,1,116445.95447010588,0
8123,683,France,Male,55,8,0.0,2,0,0,127112.10421102725,0
8124,648,Germany,Female,37,1,0.0,1,0,0,111373.46696981603,1
8125,623,Spain,Male,49,3,0.0,1,1,0,157650.220085128,1
8126,720,France,Male,40,5,102698.1101762699,1,1,1,188189.64386598938,0
8127,720,Spain,Female,59,8,146753.6914925316,1,0,0,182038.3162919303,1
8128,574,Germany,Female,48,0,0.0,1,1,1,103878.31565530226,1
8129,635,Germany,Male,38,8,0.0,2,1,0,186204.00045953356,0
8130,672,France,Female,44,7,83396.11830899658,1,1,0,37463.72051842149,1
8131,628,Spain,Male,35,6,0.0,1,0,0,115551.73533255023,0
8132,696,Spain,Female,35,1,169418.16629341617,1,0,0,106629.9142675016,0
8133,672,Spain,Female,24,6,166046.30657636918,1,1,0,50154.83117088919,0
8134,796,Germany,Male,29,1,131435.41784138427,2,1,1,196789.8138390275,0
8135,527,France,Male,58,8,193726.20934158633,2,1,0,192115.55216912815,1
8136,640,France,Male,25,3,0.0,2,1,1,10341.35645358632,0
8137,577,Spain,Female,31,1,0.0,2,1,1,112168.0184754072,0
8138,698,France,Male,37,4,77273.1073255252,2,1,0,38929.23693353552,0
8139,520,Germany,Female,37,8,82672.44295352354,1,1,1,74539.27498387397,1
8140,677,Spain,Male,41,3,133075.18771441936,1,1,0,73050.82764897938,0
8141,599,France,Female,33,4,0.0,1,0,0,75415.68168200669,0
8142,591,Germany,Female,42,7,0.0,2,1,1,119279.14949656294,0
8143,534,France,Female,49,2,119702.3690024562,2,1,0,107751.04987925541,1
8144,612,Spain,Female,50,5,0.0,1,1,0,98203.8452143933,1
8145,736,France,Male,35,0,0.0,2,1,0,109205.36913138085,0
8146,647,France,Male,44,2,0.0,2,1,1,123657.8096593372,0
8147,700,France,Female,26,7,147667.54743462184,2,1,0,57924.60858153143,0
8148,783,Spain,Male,30,9,145685.42051764857,2,1,0,164906.4808613444,0
8149,671,France,Female,26,9,0.0,2,1,1,114937.6829252102,0
8150,605,France,Female,37,5,0.0,4,1,0,60087.198891976426,1
8151,687,France,Female,29,9,138329.49140061825,1,1,1,42630.78620644944,0
8152,606,France,Male,22,3,104572.94926896333,1,0,1,155491.53301126475,0
8153,609,Germany,Male,34,7,100492.50153533071,2,1,1,109928.6570753974,0
8154,528,France,Female,20,2,135925.52028643317,1,1,1,45127.061823717166,0
8155,724,Germany,Male,51,1,171950.6797121505,2,1,1,169290.14778800114,0
8156,619,Spain,Female,32,9,131781.16018765324,3,1,0,143163.5198135471,1
8157,664,Spain,Male,47,7,112147.34926906129,2,1,0,72180.65622816331,0
8158,567,France,Male,33,3,112655.35652213494,1,1,0,62751.090036072266,0
8159,684,Germany,Male,26,8,141173.65007809206,1,1,1,51850.4144483767,0
8160,589,France,Female,49,10,113715.02039279428,1,0,0,23573.665292822065,1
8161,638,Spain,Male,38,2,114259.46434710009,1,1,0,189413.70378146303,0
8162,720,Germany,Female,56,8,102418.81117745597,1,1,0,191868.72223007996,1
8163,713,Germany,Female,33,9,103348.90359081297,2,1,0,86852.71825953695,0
8164,648,Spain,Female,33,5,152749.48293586116,1,1,0,27739.195910501723,0
8165,508,Germany,Female,48,4,0.0,1,1,1,74759.59968480613,1
8166,850,Spain,Male,48,1,104337.24005251285,2,1,1,78400.42242056505,0
8167,789,France,Female,39,10,122779.56756132847,1,1,0,59331.180973183786,0
8168,707,France,Male,71,5,0.0,2,1,0,29066.136743785577,1
8169,589,France,Female,35,3,92016.45396408494,2,0,1,29292.990428878027,0
8170,640,France,Female,25,4,132871.58957768654,2,0,1,188333.8517489997,0
8171,606,Germany,Male,27,10,138576.17474055462,2,0,0,160971.7974209356,0
8172,751,Spain,Male,35,5,0.0,1,1,1,54305.16964500331,0
8173,671,France,Female,53,6,132894.8889676369,2,1,0,145519.59823838426,1
8174,587,Germany,Male,36,3,77788.09445646589,2,1,0,20729.81967495696,0
8175,612,France,Female,53,10,139818.56112850117,2,1,1,58137.04989319367,0
8176,739,Germany,Male,42,7,0.0,2,1,1,141000.4387902323,0
8177,778,Germany,Female,48,4,124365.98796303214,3,1,0,128649.6152069568,1
8178,772,Germany,Male,41,6,156482.6747160296,1,1,1,128739.92769632784,0
8179,710,Germany,Female,41,5,134007.92162375723,1,0,0,81078.4175789051,1
8180,629,France,Male,45,10,142008.57304163318,2,0,1,71251.27008616558,0
8181,390,Spain,Male,32,10,99292.33364018385,1,1,1,84891.61348836108,0
8182,673,France,Male,32,4,0.0,2,1,1,64364.290925709,0
8183,649,France,Male,41,6,0.0,1,0,1,26146.530542856897,0
8184,661,Spain,Male,57,10,106597.58165969487,4,1,0,48246.91772530672,1
8185,654,France,Female,22,3,0.0,1,1,1,18724.236424742652,0
8186,543,Germany,Male,18,6,0.0,1,1,1,42539.06034514903,0
8187,694,Germany,Female,35,2,111067.48093228096,1,1,0,63957.64237036,1
8188,700,France,Male,48,7,116343.08916611527,1,1,1,75993.8095019218,0
8189,704,Spain,Male,38,9,99853.72034580297,1,1,1,188601.3772477166,0
8190,725,France,Male,26,3,0.0,2,0,1,162961.83455496441,0
8191,698,Germany,Female,38,3,121330.7180871975,1,0,0,107095.78058588083,1
8192,617,Spain,Male,20,0,109319.20150041227,1,1,1,135138.84444164834,0
8193,644,France,Male,44,7,100155.46633930158,1,0,1,42774.18625065191,0
8194,657,France,Male,34,4,160056.12198404793,2,0,0,112810.34071085817,0
8195,658,France,Male,37,8,101899.20513542276,1,1,1,162566.62800073688,0
8196,729,Germany,Male,42,2,122984.03946767969,1,1,0,39881.145882091514,1
8197,701,France,Male,40,4,141936.84299008345,1,0,1,158275.95418864308,0
8198,816,France,Male,32,3,84738.25728204646,2,1,1,94760.52753096988,0
8199,826,Germany,Female,48,10,111016.21269109454,2,1,0,48132.47369905269,1
8200,656,Germany,Male,45,6,126763.89434317486,3,0,1,19675.689438115056,1
8201,343,Germany,Male,20,9,0.0,2,1,1,191621.528322319,0
8202,748,Spain,Male,35,4,132405.44233415206,2,1,0,43086.23359651552,0
8203,606,Spain,Female,27,1,122228.08406132317,3,0,0,163527.0965377763,1
8204,585,Spain,Male,25,5,0.0,2,0,1,112298.91183035618,0
8205,618,France,Female,43,3,0.0,1,1,0,184917.41631028464,1
8206,614,Spain,Female,33,5,134282.9203449065,2,1,1,166141.42534190658,0
8207,698,France,Female,36,0,119499.55242641954,2,1,1,55985.10306488236,0
8208,525,France,Male,31,10,122257.94605759945,2,1,0,198127.7476472184,0
8209,563,Germany,Male,41,0,130687.56821988628,1,1,1,84315.12287340831,0
8210,677,France,Male,44,3,86079.05702176617,1,1,1,164625.67579227555,0
8211,699,Germany,Female,59,6,111482.02634992586,1,1,0,197179.72202964607,1
8212,701,France,Female,36,10,0.0,2,0,0,68110.51186007124,0
8213,587,France,Male,23,6,94630.80650641584,1,1,0,151726.5838579133,0
8214,571,Spain,Female,32,0,125067.30868812438,1,1,1,42779.9822593963,0
8215,609,Germany,Female,46,4,0.0,4,1,0,123240.15610460802,1
8216,669,Spain,Male,30,5,0.0,2,1,0,88524.82532301382,0
8217,768,Germany,Male,23,4,0.0,2,1,0,72087.53636585906,0
8218,486,France,Female,30,6,165242.02524784725,2,1,0,27970.389038394722,0
8219,632,Germany,Female,32,5,92032.69957615975,2,1,1,41070.1019293496,0
8220,543,France,Female,27,4,161775.9385905174,1,0,1,189278.78819874083,0
8221,517,Germany,Female,40,4,0.0,1,1,0,127549.80616157771,1
8222,727,France,Male,37,8,0.0,2,1,0,39056.828237333015,0
8223,693,Germany,Female,45,2,0.0,2,1,1,101052.09543752136,0
8224,685,Spain,Female,33,8,95564.90945270425,2,1,1,149587.35558004616,0
8225,723,France,Male,43,10,0.0,2,1,1,162859.69573903643,0
8226,611,Germany,Male,33,1,112679.93889757694,1,1,0,149553.15860847145,1
8227,615,France,Female,26,9,0.0,1,1,0,40254.048834973306,0
8228,824,France,Female,32,6,163028.90611296272,2,1,1,185775.58302400413,0
8229,630,Germany,Female,21,5,145123.3640526464,1,1,0,104436.12441812534,0
8230,708,France,Male,55,7,166769.04963950024,2,0,1,142110.17380451754,0
8231,650,France,Male,39,8,79836.8739672447,1,1,0,63654.507700477974,0
8232,502,Spain,Female,30,5,92935.34957643761,1,1,1,130859.62793653313,0
8233,486,Germany,Female,34,1,131209.84086333303,2,1,1,110199.26322805618,0
8234,603,France,Male,18,9,0.0,2,1,1,47808.992967923885,0
8235,734,Spain,Female,52,3,102387.24778649173,1,1,1,180728.47918092366,0
8236,713,Spain,Female,51,2,140956.30816807185,2,1,0,131054.18830181364,0
8237,723,Germany,Female,39,2,83335.1623032866,1,0,1,73498.7801244439,0
8238,571,Germany,Female,41,4,84015.18686680269,1,1,1,125514.3130304548,1
8239,779,Germany,Male,25,9,0.0,1,1,1,175005.8155753875,0
8240,572,Spain,Female,26,0,90670.51909716209,1,1,0,115382.58468674522,0
8241,667,France,Male,21,8,106100.19493524787,1,1,1,89518.61784687819,0
8242,649,France,Female,36,3,126320.41400560792,2,1,1,132884.17360462685,0
8243,636,Spain,Male,48,6,0.0,2,1,1,74607.8340877913,0
8244,757,Germany,Female,34,6,0.0,3,1,0,114707.52274812295,1
8245,593,Spain,Female,41,6,158407.02620427345,1,1,1,91248.2155763271,0
8246,542,France,Female,47,10,113600.01519955629,2,1,0,52707.51613732249,1
8247,651,France,Female,21,4,139519.63992333406,2,0,0,43045.10269798231,0
8248,618,Spain,Male,56,3,102500.00897041688,1,0,1,102173.4166107427,0
8249,850,Spain,Female,49,3,0.0,1,1,1,52165.76393933899,0
8250,704,Spain,Male,43,4,0.0,1,0,1,124630.94744791798,0
8251,617,Spain,Male,47,5,120239.15465177973,1,1,1,183597.70537358752,0
8252,565,France,Female,47,9,127035.57587642659,2,1,1,96877.07869377676,0
8253,499,Germany,Female,40,6,0.0,2,1,1,176308.23644287532,0
8254,567,Spain,Female,52,4,148622.48376019264,1,0,1,187585.22241163685,0
8255,659,France,Male,33,8,136866.24625830457,2,1,0,123812.48255536746,0
8256,764,France,Female,42,8,153324.53342368265,2,0,1,121007.53414292789,0
8257,739,Germany,Female,51,0,107307.8751851294,2,1,1,143570.62475235708,0
8258,668,Germany,Female,18,4,0.0,2,1,0,36556.83603709495,0
8259,624,France,Female,42,1,75415.27232330145,1,1,1,125848.1825557804,0
8260,671,France,Male,45,3,135859.23957481552,2,1,0,116139.06679734113,0
8261,608,France,Female,20,10,160944.8645582426,1,1,0,53164.73540054218,0
8262,787,France,Female,40,6,0.0,2,0,1,143817.41048571002,0
8263,634,Spain,Male,30,9,122701.83765839001,2,1,0,162346.5696438063,0
8264,643,Spain,Male,41,5,104229.07326402269,3,0,0,52845.94522829618,1
8265,472,Spain,Female,37,6,80069.8565310002,1,0,0,15652.942896989905,1
8266,634,Spain,Male,28,2,126464.5581530202,1,1,1,109055.86678926542,0
8267,716,France,Male,49,4,0.0,1,1,1,42985.81251496165,0
8268,564,France,Male,33,5,153480.4675492579,1,0,0,15908.169550287095,0
8269,589,France,Male,40,10,118245.83392809526,1,1,1,89335.37304411938,0
8270,713,France,Female,51,5,87953.38868586253,2,0,1,116419.99159945066,0
8271,531,France,Male,28,5,115373.42030172076,1,0,1,152977.21372504576,0
8272,734,Spain,Male,38,8,105472.84731204127,1,1,1,79259.01335158385,0
8273,607,Germany,Female,33,5,0.0,1,1,0,50482.72688566431,1
8274,618,Germany,Male,35,1,131090.1953392383,2,1,0,72309.4787618414,0
8275,560,Germany,Female,59,8,120185.25803916092,2,1,1,105137.29797758933,1
8276,680,Spain,Female,42,3,178753.82446392404,1,1,1,137568.32799174613,0
8277,846,Spain,Female,41,6,129189.49705567656,1,1,0,130864.62122442995,0
8278,712,France,Female,43,5,0.0,1,1,1,110505.92947222923,0
8279,580,Germany,Male,42,8,0.0,2,1,0,58540.051130761,1
8280,740,France,Male,19,9,136117.07834333344,2,1,1,116816.83382897654,0
8281,624,France,Male,60,2,97641.3185067906,1,0,0,140855.0118722176,1
8282,759,France,Male,23,7,212340.631809148,2,0,1,179960.6539681734,0
8283,714,Germany,Male,55,4,128974.4024689825,1,1,1,10529.266033054328,1
8284,414,Germany,Male,44,5,0.0,2,1,1,120858.19747806023,0
8285,569,Germany,Female,39,2,0.0,1,1,1,128114.99392316696,1
8286,725,Spain,Male,34,2,51785.90921215112,2,1,1,50480.801698549374,0
8287,662,Spain,Male,64,6,0.0,2,1,1,116306.99165039824,0
8288,568,Germany,Male,44,5,103930.90571635212,1,1,1,151284.63800484044,1
8289,599,Spain,Male,38,1,0.0,2,0,1,168024.07057781442,0
8290,497,Germany,Female,32,9,0.0,1,1,1,135143.76831175835,0
8291,642,France,Female,31,7,60875.13393755495,2,0,1,195280.7726255878,0
8292,826,France,Female,38,4,138365.37799311997,1,1,0,168312.7108000179,0
8293,714,Germany,Female,28,6,0.0,2,0,0,84955.36559396754,0
8294,825,France,Female,44,2,133685.3794685144,2,1,1,175390.81765608248,0
8295,720,Germany,Female,31,9,0.0,2,1,0,50329.54614440127,0
8296,732,Spain,Male,48,4,0.0,1,1,0,144021.8977542335,0
8297,807,Germany,Male,47,2,0.0,1,1,1,41846.30508020202,0
8298,680,France,Female,37,2,160720.38774228626,2,1,1,194645.66467261984,0
8299,635,Spain,Male,43,0,98059.47087345166,1,1,0,131767.88378190482,0
8300,732,France,Male,44,10,150105.3686531662,2,1,1,151570.09333798182,0
8301,766,Spain,Male,23,2,158708.85182270117,1,1,0,127267.36154757446,0
8302,611,Spain,Male,55,6,123701.4592725055,2,0,0,93301.73560986176,1
8303,592,Germany,Female,35,10,115433.00079326017,1,1,1,76275.03113648194,0
8304,661,Spain,Male,44,8,0.0,2,1,1,63303.1564226303,0
8305,716,France,Male,45,0,123340.80792520025,2,1,0,160240.27934272386,0
8306,713,Germany,Male,18,3,190152.5156249028,1,1,1,53880.512300953815,0
8307,536,France,Female,31,9,0.0,3,0,0,172488.07388921265,1
8308,802,France,Female,46,6,0.0,1,1,1,153675.21427525836,0
8309,598,France,Male,38,5,130777.65599268638,1,1,0,87478.90985338703,0
8310,628,Germany,Female,44,3,151576.24667309344,1,1,0,131913.65711469608,1
8311,577,France,Male,38,10,118799.2450412507,1,1,1,163749.65720892267,0
8312,850,France,Female,50,2,130327.77252986188,2,1,0,13181.721029473561,0
8313,669,Germany,Female,39,5,96470.71334492341,2,1,1,61454.74866161628,0
8314,581,Germany,Female,52,3,0.0,1,1,1,194408.7441726147,1
8315,719,France,Male,28,4,118032.13994853386,2,1,1,87187.48097649656,0
8316,711,Germany,Male,36,1,70948.41631326685,2,1,0,142403.25038458168,0
8317,634,Germany,Male,32,8,0.0,1,1,0,44646.2051750635,1
8318,717,France,Male,41,1,133747.1064226181,1,1,0,80275.72607558411,0
8319,583,Germany,Male,35,3,155976.28880241825,1,1,0,162568.4038703723,1
8320,610,Spain,Male,35,7,104049.01312877308,1,1,1,98800.70154662512,0
8321,489,Spain,Male,30,6,117655.7686996004,1,0,1,180843.83485076236,0
8322,544,France,Female,33,3,120817.71128349248,2,1,0,13224.99215675019,0
8323,794,Spain,Male,37,7,103571.96312810623,2,0,0,114127.68166746639,0
8324,781,France,Female,18,10,108990.881263388,2,1,1,162798.81435528884,0
8325,655,Germany,Female,18,5,142858.9204909504,4,0,0,87258.7305897256,1
8326,783,France,Female,38,7,186201.46918079915,2,1,1,62247.413095576434,0
8327,637,France,Female,18,3,0.0,1,0,1,57416.75951578108,0
8328,630,France,Female,36,4,0.0,2,1,1,79993.82311939306,0
8329,654,Germany,Female,34,3,79593.92568566011,1,1,0,150906.9061795593,1
8330,640,France,Male,43,6,130530.08257481214,1,1,0,43899.19818317595,0
8331,632,France,Male,31,3,165839.8560382579,2,1,0,121665.73522481397,0
8332,741,France,Female,53,4,152848.26354132956,1,0,0,14195.076344528898,1
8333,662,Germany,Male,46,8,114213.04643952307,2,1,1,29116.291462707493,0
8334,706,France,Male,22,7,149560.79054435977,1,0,0,50451.16550481688,0
8335,732,Germany,Female,35,1,129639.88759067848,2,1,1,111899.66227393218,0
8336,681,France,Female,53,6,78798.85165847212,2,1,1,155935.06186238094,0
8337,572,France,Female,31,1,95603.20077200208,1,0,1,35213.468221208655,0
8338,541,Spain,Male,37,9,141327.92927129837,1,1,1,119771.81204574708,0
8339,661,Germany,Female,52,2,113257.44041054169,1,0,0,146655.31883428767,1
8340,636,France,Male,32,0,74984.13579311632,1,1,1,171030.86649928874,0
8341,656,France,Female,49,1,126556.94362399004,2,1,0,55596.192781189406,0
8342,648,France,Male,28,2,101835.7557104302,1,1,1,36209.66431936817,0
8343,850,Spain,Female,18,4,39071.1415119665,2,1,1,127318.52490941805,0
8344,543,France,Male,50,5,116593.17907289084,2,1,1,79670.42950786726,0
8345,490,Germany,Male,42,6,66930.53923100854,2,1,1,128057.95368216855,0
8346,676,France,Male,43,4,117738.50947388679,1,1,1,56712.10175385327,0
8347,619,France,Male,27,4,116672.58411314378,1,1,1,54433.633139948906,0
8348,675,France,Female,27,10,0.0,2,0,1,155012.5988981103,0
8349,696,Spain,Male,49,7,137653.61352469152,2,0,1,63539.80928459246,0
8350,752,Spain,Male,40,0,0.0,1,1,0,191116.10587589466,0
8351,529,France,Male,36,8,0.0,2,1,0,150106.06463674014,0
8352,605,Germany,Female,40,2,107590.98064352144,2,1,1,189841.61413128686,0
8353,684,France,Male,53,10,0.0,2,1,0,132063.9272657234,0
8354,711,Spain,Male,45,5,0.0,1,1,0,158698.64366660285,0
8355,825,Spain,Female,33,3,154640.88613436391,4,0,1,83428.38873860888,1
8356,726,France,Female,23,1,125685.94730634936,2,1,0,198524.25046583556,0
8357,645,Germany,Female,43,5,100174.36797569579,1,1,0,60983.78703968358,1
8358,578,Germany,Female,28,9,143618.70591420765,2,1,1,26159.487985199987,0
8359,604,France,Male,26,7,0.0,2,0,0,175800.5986851628,0
8360,602,Spain,Female,51,3,94419.11572670897,2,1,1,115589.87921745803,0
8361,702,France,Female,46,7,110892.94523098157,2,0,0,87911.55497768357,0
8362,670,Spain,Female,41,6,123074.01533440776,1,1,1,70332.5049316489,0
8363,544,France,Male,25,0,129934.64925817464,1,1,1,191992.4300304311,0
8364,615,Germany,Female,55,4,113481.6783888689,2,1,0,184453.61052257993,1
8365,720,France,Male,48,7,127161.52394115273,1,1,0,174732.46779163423,0
8366,678,France,Female,34,5,0.0,3,1,0,131592.818935259,1
8367,695,France,Male,32,8,0.0,1,1,0,54157.94714728881,0
8368,680,France,Male,38,10,121180.61822076938,1,1,1,173858.4750323556,0
8369,780,Spain,Female,33,6,170548.0061813456,2,0,0,182566.83139952377,0
8370,668,France,Male,60,1,123732.61280746895,1,0,0,72191.07398570655,1
8371,619,Germany,Female,34,0,111957.42708148088,2,0,0,130556.80884121872,0
8372,576,France,Female,27,8,104753.89727518338,1,1,1,10131.768350724573,0
8373,669,Spain,Female,53,4,81381.91704282686,2,0,1,159224.00480162448,0
8374,454,Spain,Male,32,1,106165.34475526007,2,1,0,146150.95493161763,0
8375,635,Germany,Female,45,10,142338.009582975,2,1,1,47906.87113142952,0
8376,633,Germany,Female,44,3,96984.51864051432,2,1,0,56442.88352825311,1
8377,540,Germany,Male,37,9,96828.34983727147,1,0,1,100890.2543491597,0
8378,575,Germany,Female,28,5,0.0,1,0,1,135176.09966065956,0
8379,714,France,Male,37,8,0.0,2,1,1,149234.28681488973,0
8380,668,Germany,Male,26,7,0.0,2,1,0,14068.024537939798,0
8381,658,Germany,Male,37,5,61128.74118377708,2,1,1,17372.944417587518,0
8382,674,France,Female,45,3,67356.31628837045,1,0,1,120575.07924372524,0
8383,657,Spain,Male,55,9,93589.60303732663,2,0,1,51581.99087507423,0
8384,749,France,Male,27,4,121597.74535603545,2,0,0,92834.92592927633,0
8385,659,Spain,Female,35,10,112007.3977096148,1,1,0,13741.889182510164,0
8386,533,France,Male,32,10,116263.13035390333,1,1,0,103149.10720317288,0
8387,780,Spain,Male,40,3,0.0,1,1,0,12135.27247577978,0
8388,679,Spain,Female,22,3,171903.6421463998,1,0,0,197947.75111440223,0
8389,602,Germany,Male,28,7,87719.05678354084,1,1,1,39013.091185099016,0
8390,549,Spain,Female,21,3,81512.1162700762,1,1,1,163385.95869644967,0
8391,681,Germany,Male,23,10,151351.716635836,2,1,1,78331.7670654763,0
8392,640,France,Female,31,2,0.0,1,0,0,58457.284230875084,0
8393,775,France,Male,54,1,120747.96934026759,1,0,1,35528.862081883184,0
8394,622,France,Female,41,9,90242.34552795012,2,1,1,175516.59309528413,0
8395,583,France,Male,38,0,0.0,2,1,1,71208.74240514176,0
8396,721,France,Female,51,4,0.0,1,1,1,150548.96523359025,0
8397,724,Spain,Female,41,3,122837.77721650666,2,0,1,31415.38600634969,0
8398,663,Spain,Female,42,9,0.0,1,1,0,196485.35479649153,0
8399,704,Spain,Male,33,8,136389.43237144095,1,0,1,119867.19808690004,0
8400,646,France,Female,31,8,127741.59651566304,1,1,1,160810.01779627413,0
8401,668,France,Male,24,10,0.0,1,1,1,11294.209346095748,0
8402,743,Spain,Female,31,4,78533.28303053004,1,0,1,138032.50221325213,0
8403,700,France,Male,35,4,139953.8047430907,1,1,0,181180.81932705155,0
8404,636,France,Male,41,5,0.0,1,1,1,109416.50034359003,0
8405,758,France,Male,37,3,95001.66708672035,2,1,0,169537.20971927713,0
8406,460,France,Female,34,5,0.0,2,1,0,108511.8846863539,0
8407,814,France,Female,28,7,0.0,1,1,0,194980.19706090845,0
8408,513,France,Male,41,4,0.0,2,1,1,35890.34810493728,0
8409,599,France,Female,33,7,144370.76954783945,1,1,1,186194.01859577798,0
8410,646,Spain,Female,41,7,121079.64024552707,2,0,0,121602.52209289915,0
8411,638,France,Female,18,2,0.0,2,1,1,179350.5761835202,0
8412,730,France,Male,41,5,0.0,1,1,0,33840.64043554997,0
8413,565,Germany,Female,45,0,101088.90093210354,1,1,0,183625.82633280443,1
8414,670,Germany,Female,44,4,120707.47972960219,1,0,1,103553.0093475742,1
8415,603,France,Male,36,6,89055.3190634909,2,0,0,96926.06504631543,0
8416,673,Germany,Female,47,4,124579.43506754212,2,0,1,118237.54394960865,0
8417,644,France,Male,25,2,144237.08319795338,1,0,0,176444.7009261992,0
8418,657,France,Female,37,1,0.0,2,1,1,168539.3165289397,0
8419,606,Germany,Female,36,1,169667.00908715685,1,1,0,33607.46129128161,1
8420,609,Germany,Male,48,8,120921.69379315275,3,1,1,12255.474994067175,1
8421,672,France,Male,18,1,136710.5426864614,1,1,1,107450.55926232749,0
8422,725,Spain,Male,27,6,73800.48087098148,3,1,0,198143.55364186244,0
8423,602,Spain,Male,55,8,162095.33305964852,2,1,0,106412.28387415393,1
8424,580,France,Female,18,2,0.0,2,1,1,37524.339649576345,0
8425,699,France,Female,46,6,60844.364774411515,1,1,1,92557.82487973767,0
8426,647,France,Male,30,0,78602.1266524689,1,1,0,80030.04268110526,0
8427,716,Germany,Female,40,5,143901.58514344363,2,1,0,191457.34581479192,1
8428,577,France,Male,52,10,148381.91272054077,2,1,0,190498.5460946497,0
8429,507,Germany,Female,40,1,64101.24284547675,2,1,0,23679.643354021362,1
8430,607,France,Male,52,9,141950.7873278311,1,0,1,54371.782295719124,0
8431,588,France,Female,33,0,99990.94653061018,2,0,0,97023.19001914123,0
8432,643,Spain,Male,34,4,0.0,1,1,0,118132.00962225844,0
8433,599,Spain,Male,45,5,0.0,1,0,1,45922.87667063216,0
8434,709,France,Female,33,10,96992.15166526013,2,1,0,121186.6494373889,0
8435,626,France,Male,43,1,112635.93597766475,1,0,1,48692.30250237046,0
8436,662,Spain,Female,49,3,0.0,2,1,1,89996.73986541819,0
8437,662,France,Female,46,2,101640.24687270513,2,1,0,109456.00943847919,0
8438,665,France,Female,22,0,84915.35501525608,2,1,0,195296.16914747306,0
8439,648,Spain,Female,34,0,157326.17476842186,2,1,0,23061.269599477877,0
8440,690,Spain,Male,40,2,104685.67957459028,1,0,1,185961.05585488002,0
8441,586,France,Female,35,1,148927.5991131923,1,1,0,35889.19003338202,0
8442,761,Spain,Female,38,1,137052.39435324067,1,1,1,28414.29786292501,0
8443,631,Germany,Male,40,9,0.0,3,0,0,65917.44778150949,1
8444,545,France,Female,32,4,106425.04922051681,2,1,0,117050.13047059516,0
8445,665,Spain,Female,36,4,113864.73289117578,1,1,1,89041.13938380108,0
8446,581,France,Female,26,6,123032.67455554487,2,0,0,109251.57114006535,0
8447,703,France,Male,33,4,83420.20468945763,1,1,1,157973.65995001665,0
8448,826,France,Female,22,2,0.0,1,1,0,167848.91857652998,0
8449,587,France,Male,39,9,110846.21700541598,2,0,1,192845.06377245943,0
8450,676,Germany,Female,36,5,155558.7174288568,1,1,1,185973.9600502647,0
8451,509,France,Male,28,2,162756.82842045702,2,0,0,46357.83517274024,0
8452,686,Spain,Male,55,7,174265.1508074276,1,1,0,146059.48900623916,1
8453,579,France,Female,35,5,66190.33346303689,2,1,1,152426.32591224497,0
8454,600,France,Female,40,6,140802.43145853624,1,1,0,100941.5288483714,1
8455,561,Spain,Female,31,2,109967.52905721683,1,1,0,178227.71037112997,0
8456,708,Germany,Male,33,10,99481.26413509632,3,1,1,154076.76500671805,1
8457,730,Germany,Female,41,6,165643.9221781709,2,1,0,86393.00297441205,1
8458,651,Germany,Female,34,8,89654.05310960254,2,1,0,90169.37877261729,0
8459,580,France,Female,38,7,0.0,1,1,0,81052.03854736661,1
8460,777,Germany,Male,46,10,91705.70327617391,1,0,0,106203.81667204658,1
8461,589,France,Male,32,1,47229.81108777205,1,0,0,149055.6500261304,0
8462,477,Spain,Female,24,9,74909.45834903076,1,0,1,70381.46189369264,0
8463,686,Germany,Male,22,9,0.0,1,1,1,53351.82532178124,0
8464,561,France,Female,52,1,106882.20706772903,1,1,1,16465.918689896276,0
8465,729,France,Male,47,6,81353.45649585236,1,0,1,161440.51777307567,0
8466,619,Spain,Female,44,9,154682.3008145749,1,1,0,78826.2009011544,1
8467,698,Spain,Female,33,3,0.0,1,1,1,153214.5400525259,0
8468,762,France,Female,24,8,0.0,3,1,1,31213.999088863075,0
8469,553,Germany,Male,35,5,89098.94734998586,1,0,0,111097.909467734,1
8470,604,Spain,Female,37,8,0.0,2,1,1,85711.36387724362,0
8471,643,France,Female,26,10,0.0,1,1,0,100141.57194964282,0
8472,773,France,Female,23,2,156648.66859867546,1,1,1,185815.50595799976,0
8473,597,Germany,Male,20,5,104183.65521005519,2,1,1,22354.38457241547,0
8474,602,France,Female,44,5,122937.53769790706,2,0,1,89784.58670006138,0
8475,688,France,Female,25,7,0.0,2,0,1,167450.3250873321,0
8476,603,Spain,Male,41,6,137065.72797496192,1,0,1,127436.99322234545,0
8477,662,Spain,Female,34,2,0.0,2,1,0,196739.3876164427,0
8478,525,Spain,Male,43,0,0.0,1,0,1,151346.57157448574,0
8479,827,France,Female,41,1,147768.47628342308,1,1,1,28078.46092091617,0
8480,542,Germany,Female,35,10,47494.365696971465,2,1,0,81818.18562969443,1
8481,624,Germany,Male,39,9,0.0,1,0,1,72512.85209260376,0
8482,647,France,Male,36,1,0.0,2,1,1,103231.2595877585,0
8483,803,Spain,Female,31,0,0.0,1,0,1,128081.3141243529,0
8484,544,Germany,Male,47,3,111525.9834399361,1,1,1,57853.91534738664,1
8485,808,Spain,Male,33,5,0.0,2,1,1,129438.898876482,0
8486,710,Spain,Male,37,3,0.0,1,0,1,60140.395001872086,0
8487,683,France,Male,23,3,99367.04993888711,1,1,0,33612.568365111205,0
8488,571,Spain,Male,40,10,73285.16726020677,1,1,1,107380.3759091867,0
8489,695,Spain,Male,31,8,133107.64222714535,2,1,1,102751.30120666444,0
8490,592,Spain,Male,33,1,101826.84721871001,1,0,1,87257.31923530903,0
8491,751,Germany,Female,29,0,56030.34344067877,2,1,1,111037.17809471436,0
8492,572,France,Female,36,6,0.0,4,1,1,104987.5605762943,1
8493,640,France,Male,18,4,133276.211096403,2,1,0,121087.49538225804,0
8494,605,France,Female,44,4,98800.6423346985,2,1,1,193737.48548453412,0
8495,570,Spain,Female,37,1,0.0,2,0,1,144231.1433343122,0
8496,709,France,Male,33,5,129477.22557504338,2,1,1,174389.44706060295,0
8497,692,Spain,Female,22,4,0.0,2,0,1,104517.68571518928,0
8498,746,France,Female,42,4,138457.77567731641,2,1,0,141565.08007749447,0
8499,507,France,Male,31,5,75049.45811929347,3,1,1,22319.173861872558,0
8500,735,France,Male,51,1,164480.20598085888,2,0,0,164587.06343527779,0
8501,850,Germany,Male,42,4,171123.2331770495,2,1,0,189779.54213733596,0
8502,613,Spain,Female,53,10,132660.9137723743,1,0,1,195042.8946645704,0
8503,801,Germany,Male,39,0,0.0,1,1,1,45163.516178009886,0
8504,628,Spain,Female,48,7,83662.43289856552,1,1,0,193276.8856067778,1
8505,540,France,Female,42,0,121167.02195515258,1,0,1,113072.63669801911,0
8506,625,France,Male,33,6,145594.61903813895,2,1,1,172283.17538807253,0
8507,733,Germany,Male,39,5,0.0,2,1,0,152484.88894489192,0
8508,582,Spain,Male,29,7,97720.39632126316,1,1,1,182198.99533482397,0
8509,601,France,Male,58,4,89838.16869100873,2,1,1,126817.31218539504,0
8510,697,Spain,Male,36,10,128660.9821730947,1,0,1,72038.11306650948,0
8511,650,France,Female,38,5,142694.95437176438,2,0,1,154454.4255946785,0
8512,696,France,Female,41,3,85619.97061087843,1,0,0,64630.902068205294,0
8513,669,France,Male,27,9,0.0,3,0,0,60613.19735264019,0
8514,688,Germany,Female,51,9,190473.38737199124,1,1,1,42493.226784930055,1
8515,615,France,Male,27,0,139257.71152600032,1,1,0,24691.763361542857,0
8516,668,France,Male,25,10,0.0,2,1,1,162888.41938851625,0
8517,575,France,Female,36,6,149423.85784464152,1,0,1,67411.4463957675,0
8518,753,France,Male,25,1,0.0,1,1,0,85668.77760673282,0
8519,599,Spain,Female,53,0,126872.28579478174,1,1,0,157236.95662984558,1
8520,740,France,Female,35,0,0.0,1,1,0,16777.240205455844,0
8521,631,France,Female,18,0,100133.53660809631,3,1,1,72829.26069098592,0
8522,666,Germany,Male,39,1,148282.1889178133,1,0,1,185006.48578688153,0
8523,610,France,Male,43,0,96014.63294807785,1,1,0,48592.70642219085,0
8524,568,France,Male,33,3,146155.02189187307,1,1,1,25863.803855775877,0
8525,510,France,Female,24,9,148254.61807682324,1,1,0,194435.3684694598,0
8526,565,Spain,Female,36,9,0.0,2,1,1,138158.6540192361,0
8527,624,Germany,Female,33,10,0.0,1,1,1,165419.7663245659,0
8528,666,France,Female,28,6,141492.97901059172,2,1,1,40946.180303722795,0
8529,730,Germany,Female,27,9,143407.62733030494,2,0,1,12152.28185177111,0
8530,614,Germany,Female,39,2,0.0,1,1,1,116568.74139230548,0
8531,579,Spain,Male,47,8,0.0,2,1,0,135391.64129596902,0
8532,534,France,Female,42,1,128962.08932982515,1,1,1,52516.91977083947,0
8533,688,France,Female,20,1,172905.23537761293,1,1,1,13588.719274419893,0
8534,760,Spain,Male,44,6,169299.69685152243,1,1,1,194139.61935230013,0
8535,751,Germany,Female,45,8,0.0,1,0,0,79528.627271277,1
8536,706,Spain,Female,51,5,137541.27065609887,1,0,0,146516.82020552197,1
8537,701,France,Female,28,10,135220.95248640288,2,1,0,99646.16816001985,0
8538,785,France,Female,37,0,0.0,1,0,1,58810.74782781427,0
8539,676,Spain,Male,43,5,169994.08930823303,2,0,0,191167.81568508493,0
8540,701,Spain,Male,32,3,125890.87498394566,2,1,1,114615.4747799098,0
8541,624,France,Male,43,4,0.0,1,1,0,74654.52389763473,0
8542,541,France,Male,37,3,0.0,2,1,1,149927.55570870687,0
8543,595,France,Male,29,2,138441.68098140805,2,1,0,128019.1104477681,0
8544,649,Spain,Male,30,1,0.0,3,1,1,143735.9334702358,0
8545,654,Spain,Female,50,1,74549.03145561108,1,1,1,167747.8610855065,0
8546,804,Germany,Male,28,9,0.0,1,1,0,40873.79464651446,0
8547,656,Spain,Male,26,10,108078.66124918526,2,0,0,21633.930121145022,0
8548,744,France,Male,41,3,165766.0118978042,2,0,1,97926.76838550696,0
8549,615,Spain,Male,37,2,0.0,2,0,1,14256.830369741738,0
8550,625,Germany,Male,24,10,90403.36902322259,1,0,1,49857.257182271365,0
8551,543,Germany,Male,32,5,98171.29727294721,1,0,0,41472.92576774372,1
8552,590,Germany,Male,29,9,0.0,1,1,1,155416.19223354437,0
8553,692,France,Male,31,2,115663.80831415008,2,1,1,158830.9183044017,0
8554,650,Germany,Male,63,2,116503.56247573627,1,1,1,35323.934215426925,1
8555,725,Germany,Female,34,3,144310.00789414629,1,1,0,69246.14612601946,1
8556,664,Spain,Male,29,4,169917.0031568249,1,1,1,144904.98458430698,0
8557,621,France,Female,58,10,178993.0625067822,2,1,1,48561.87732433748,0
8558,821,Germany,Male,46,8,166608.15386982224,1,0,1,76092.64296890236,0
8559,642,France,Male,45,10,114498.9779267439,1,0,1,79779.69751533604,0
8560,743,France,Male,29,4,0.0,2,1,1,23664.339322543856,0
8561,617,France,Female,49,0,115349.7702412757,2,1,0,47694.77979980042,0
8562,706,Spain,Male,46,8,0.0,1,1,1,51013.858477401096,0
8563,724,France,Female,39,1,0.0,2,0,1,148732.823030639,0
8564,666,France,Female,20,3,0.0,1,0,0,64739.510106646856,0
8565,461,Spain,Male,37,9,74046.77037116593,2,0,0,151080.29739158324,0
8566,651,Germany,Female,55,5,0.0,3,0,0,108156.795865879,1
8567,748,Spain,Male,40,8,125725.85915974242,2,1,1,25341.672678546856,0
8568,692,France,Male,34,1,88237.78866465342,2,0,1,51553.73699175768,0
8569,685,Spain,Male,35,8,103173.5863724793,2,1,0,18531.028614805688,0
8570,512,France,Male,36,8,0.0,1,0,0,193468.08770051345,0
8571,592,France,Male,30,0,47430.47473473204,2,1,0,166931.7806886777,0
8572,682,France,Female,37,10,0.0,2,0,0,61010.474003009935,0
8573,682,Germany,Male,52,5,108877.49867044801,2,1,0,76893.86768450888,1
8574,747,France,Female,51,5,0.0,2,0,0,144815.92542941024,0
8575,638,France,Male,30,8,0.0,1,0,1,96716.57963539948,0
8576,682,France,Female,50,5,94214.83157771085,1,1,1,124014.07746401386,0
8577,651,France,Male,45,1,0.0,1,1,1,15016.078795416342,0
8578,571,Germany,Female,44,7,87217.00896602999,1,0,1,185690.33754662183,1
8579,469,Germany,Female,42,0,104438.08477106974,1,1,0,59117.46514949002,1
8580,684,France,Male,28,4,0.0,2,1,0,134745.38122931775,0
8581,663,France,Male,33,9,130012.29784760534,1,0,0,190495.39520301827,0
8582,600,France,Male,46,2,106635.3728931431,2,1,1,135513.6177011974,0
8583,520,Germany,Male,25,10,116903.19531326895,1,1,0,153271.4650490919,1
8584,700,France,Male,27,5,156565.17004022215,2,1,1,193561.2284294106,0
8585,628,France,Female,41,4,0.0,2,0,0,138076.3504005113,0
8586,694,Spain,Male,30,9,0.0,2,0,1,106171.97390021099,0
8587,799,France,Male,46,3,160089.03304218207,1,1,0,110915.73566932329,0
8588,478,France,Male,30,2,118561.57060093596,1,0,0,17920.14754406992,0
8589,594,France,Female,40,0,0.0,2,1,0,25737.124051747458,0
8590,633,France,Male,41,7,165126.10619121106,1,0,1,116443.81114342286,0
8591,766,Spain,Male,33,10,0.0,1,1,1,111959.68459846624,0
8592,519,Germany,Male,35,4,0.0,1,1,0,106457.40197705246,1
8593,804,France,Male,31,7,116909.62109319614,1,1,0,36515.02514257159,0
8594,660,France,Female,37,8,85158.40033873302,2,1,1,186462.70516228335,0
8595,642,Germany,Female,28,7,0.0,2,0,1,182471.15295189645,0
8596,634,Germany,Female,35,5,153208.18256633813,1,1,1,66636.33903435917,0
8597,615,France,Female,45,9,0.0,2,0,0,86278.704973433,0
8598,733,Spain,Female,26,7,155955.4219068394,2,1,1,83156.5689689961,0
8599,564,France,Male,33,4,150256.63839812615,1,1,1,52606.438136623336,0
8600,677,Spain,Male,43,8,0.0,2,1,0,72820.44953063023,0
8601,619,Germany,Male,18,5,0.0,2,1,1,198843.07669891752,0
8602,589,Spain,Male,56,1,143393.54328104836,2,1,1,118355.67660665199,0
8603,850,France,Female,48,6,93690.11084258932,1,0,0,180769.65118893384,0
8604,683,France,Male,22,0,140670.72148327375,1,0,1,149129.11164747438,0
8605,699,Spain,Male,18,9,113182.45869186967,1,1,1,176826.23524456122,0
8606,741,Spain,Male,38,0,97364.75071576095,1,0,0,79489.93202272574,0
8607,536,Spain,Female,26,7,0.0,1,1,0,131983.4263771987,0
8608,790,France,Female,47,4,113248.90087883106,1,1,1,80644.12098682752,0
8609,449,Spain,Male,41,10,129150.22694465282,3,1,0,165311.59723378505,1
8610,588,Spain,Female,39,9,102351.71761269271,1,1,1,155544.5775941204,0
8611,613,France,Female,32,8,109277.55554531372,1,1,0,158355.3015212805,0
8612,696,France,Female,54,5,0.0,1,1,1,47270.50726313148,0
8613,667,France,Male,45,0,206794.20461953437,2,0,1,173036.56252771293,0
8614,636,Spain,Female,44,5,0.0,1,1,1,199604.90824156508,0
8615,649,Spain,Male,50,0,132370.32734939412,2,1,1,167758.46906639764,0
8616,571,Germany,Female,27,4,119963.65172692455,1,1,0,101770.54905550316,1
8617,530,France,Female,50,2,183370.04664346087,1,1,1,68032.47138593555,0
8618,708,Germany,Female,35,9,60817.6155729906,2,1,0,34682.424684690566,0
8619,705,Spain,Male,41,9,87305.02497026614,2,1,0,88156.35227255808,0
8620,776,France,Female,36,8,0.0,2,1,1,61280.194968384996,0
8621,586,France,Male,19,0,146512.25485121316,2,0,1,92093.45412564422,0
8622,705,France,Male,47,5,106409.04648263761,2,0,0,20062.751137783038,0
8623,627,Germany,Female,19,2,144113.8607906443,1,1,0,65767.41825545601,0
8624,745,France,Female,28,8,0.0,2,0,0,192621.77181705114,0
8625,731,France,Female,33,1,129713.38979940179,1,0,0,32691.579368969185,0
8626,666,France,Female,18,10,82965.72759229006,1,1,1,24021.203897481246,0
8627,622,Germany,Male,26,6,0.0,1,1,0,140970.93673851952,0
8628,726,France,Male,40,8,0.0,2,1,1,167363.81413593862,0
8629,701,France,Male,34,2,0.0,1,0,1,28384.114784128065,0
8630,595,France,Male,35,2,78644.86883866387,1,0,1,191829.1559295612,0
8631,543,France,Male,28,2,0.0,2,1,1,16988.976351225054,0
8632,626,France,Male,38,0,118824.03390578879,2,1,0,176413.26047310754,0
8633,771,Spain,Male,34,8,108962.78461215927,1,1,1,167868.64743706895,0
8634,741,Germany,Female,21,8,98018.3924682567,2,1,1,136995.5844990246,0
8635,561,Germany,Female,35,5,0.0,1,1,1,130402.57953560006,0
8636,556,Germany,Female,25,8,0.0,2,1,1,158877.81420739184,0
8637,751,France,Male,46,8,0.0,2,0,0,24811.210678023133,0
8638,559,Germany,Male,34,0,0.0,2,0,1,81647.70346635171,0
8639,690,France,Male,63,2,0.0,2,1,1,27498.35294125984,0
8640,600,France,Male,47,2,0.0,1,0,1,39325.6579665048,0
8641,779,Germany,Female,36,0,147056.86502842893,1,1,1,167477.00930431898,0
8642,588,Germany,Male,43,5,0.0,2,0,1,143351.51100774037,0
8643,741,Spain,Female,18,3,125495.85028860102,1,1,1,79725.88987820825,0
8644,664,Germany,Female,47,7,0.0,3,1,1,87167.17822076782,1
8645,670,Germany,Male,29,5,0.0,2,1,1,138758.5122867991,0
8646,492,Spain,Male,38,3,123271.24464300605,2,0,1,131370.87763740914,0
8647,473,Spain,Female,30,4,59686.304412580444,1,0,1,102606.61617922665,0
8648,632,Germany,Female,31,1,0.0,1,0,1,152316.5100155258,0
8649,669,France,Female,36,9,152210.36563136376,2,1,0,49871.52914182881,0
8650,559,France,Female,38,0,60192.12694812892,2,1,1,67345.18831822788,0
8651,562,Germany,Male,37,6,67409.20766773625,1,1,0,22315.901812732605,1
8652,694,France,Male,37,9,88628.49242437056,1,1,0,118995.00731124733,0
8653,695,France,Male,21,2,0.0,1,1,0,154289.93932137845,0
8654,638,France,Male,61,2,113970.034228661,2,0,1,109821.2519026208,0
8655,712,France,Male,40,5,175402.12877724326,1,1,1,79782.359439172,0
8656,556,Germany,Male,42,2,0.0,1,0,1,47927.57865459232,1
8657,621,Spain,Female,34,6,127598.34349840786,2,0,0,116403.4142668155,0
8658,781,Spain,Female,29,6,114479.95261869844,1,1,0,36119.36805934148,0
8659,655,Germany,Male,39,4,117208.03070124077,1,1,0,113067.61638410285,1
8660,660,Germany,Male,40,0,0.0,1,0,1,45226.24841903237,0
8661,834,Spain,Female,51,8,155868.6945829404,1,1,1,28161.69165811743,0
8662,538,Germany,Male,58,1,0.0,2,0,0,193348.4510544718,1
8663,713,France,Female,52,3,132493.8367795547,2,1,0,21287.872277202347,0
8664,783,France,Female,20,9,124869.52308794962,1,1,0,177635.16189410107,0
8665,624,France,Female,33,9,0.0,2,1,1,191993.3800150797,0
8666,718,Spain,Male,41,1,163454.5699087952,1,1,0,141829.7224076135,0
8667,571,Spain,Female,33,0,130766.68888658372,1,1,1,193457.55764197427,0
8668,595,Spain,Male,37,0,115028.82017699452,1,1,1,154027.18795601494,0
8669,680,Spain,Male,18,0,0.0,2,1,1,44162.85496077504,0
8670,713,France,Male,47,6,0.0,2,1,1,116003.41504425592,0
8671,739,France,Female,19,10,0.0,1,1,1,146519.01414949124,0
8672,775,Spain,Male,22,8,155717.06625623026,1,0,1,122688.2714796053,0
8673,644,France,Female,27,0,0.0,2,1,1,89989.62039521,0
8674,745,Spain,Male,37,9,54175.75204123701,2,1,1,72748.36324248154,0
8675,622,Spain,Male,21,5,106694.07545491615,2,1,0,182939.50951771598,0
8676,722,Spain,Female,27,10,126928.5100433786,2,1,1,171049.21524225172,0
8677,666,France,Male,49,4,146159.91439784947,2,0,0,172515.9054000307,0
8678,685,Spain,Male,36,2,107929.39934033468,2,0,0,82806.45078921282,0
8679,683,Germany,Male,42,1,110983.32712411309,2,1,1,91880.9091160632,0
8680,521,Germany,Male,25,1,124918.26836475349,2,1,0,195293.40137749587,0
8681,560,Germany,Male,37,1,0.0,1,1,1,175315.2787868872,0
8682,658,Spain,Female,36,6,0.0,3,1,1,136661.66794397132,0
8683,515,France,Female,30,3,0.0,1,1,1,68751.90073673637,0
8684,716,Spain,Female,37,6,130836.97006626512,1,1,0,79185.10875340532,0
8685,719,Germany,Female,19,9,0.0,2,1,1,144358.49203183755,0
8686,676,France,Female,42,0,0.0,2,0,0,18163.870491119906,0
8687,560,France,Female,34,9,119545.75403827553,1,1,1,185006.03626800983,0
8688,760,France,Female,35,3,0.0,2,0,1,69884.85831781448,0
8689,812,Spain,Male,46,8,0.0,2,1,0,70205.5498672787,0
8690,661,France,Male,42,6,0.0,2,1,1,10222.23342513858,0
8691,690,France,Female,34,9,0.0,2,1,1,135471.05727123283,0
8692,666,Germany,Male,26,5,184286.22941877524,1,1,1,108699.16712523082,0
8693,692,Spain,Female,51,6,0.0,1,1,0,101710.5821744647,1
8694,640,France,Male,24,1,142568.17138248516,1,1,1,90377.09584028315,0
8695,647,France,Male,44,0,152737.23411256415,2,1,1,66227.14343924524,0
8696,722,France,Female,22,9,86373.67372804807,2,1,1,90424.15215737399,0
8697,837,France,Male,47,8,135148.67224781,1,1,1,10940.399631108548,0
8698,537,France,Female,48,1,161548.95694117548,2,1,0,66846.47892190024,1
8699,641,Spain,Female,18,1,137864.63738558438,2,0,1,185874.3610518806,0
8700,555,Germany,Female,42,2,0.0,2,0,1,166320.23767754546,0
8701,777,Spain,Male,41,2,144946.0175970179,2,1,1,129874.11233244347,0
8702,602,France,Male,45,2,0.0,1,1,0,167379.1210355538,1
8703,534,Spain,Male,41,3,0.0,2,0,1,113031.95761745819,0
8704,701,Germany,Female,28,10,111906.58448547541,2,1,0,28099.60710928569,0
8705,789,France,Male,35,0,0.0,2,1,0,97636.73404625113,0
8706,703,France,Male,54,10,169501.74053475607,2,0,1,185517.35410151866,0
8707,666,Spain,Male,26,0,157470.54325829388,2,0,1,22320.807079617574,0
8708,682,Spain,Male,41,3,157645.49333550094,1,1,1,149936.0430337765,0
8709,763,France,Female,49,0,113058.52008652061,1,1,0,142975.50752742193,1
8710,580,Spain,Male,28,3,127591.91763299116,2,1,1,71450.92908767654,0
8711,641,Spain,Male,23,1,0.0,2,1,0,174671.44587214504,0
8712,613,Germany,Female,25,6,0.0,1,1,1,135757.7161460226,0
8713,556,France,Female,41,5,123806.7306127411,1,1,1,51466.09067140785,0
8714,623,Germany,Female,25,1,144586.37251087726,2,1,0,131626.03707588633,0
8715,738,France,Female,36,1,0.0,1,0,1,167272.7812874429,0
8716,695,Spain,Male,51,0,165487.02514728333,2,1,1,176668.1451288803,0
8717,701,Spain,Male,37,3,121576.31191572768,2,1,0,190410.8201838941,0
8718,661,France,Female,30,1,96543.45838848541,2,1,0,19201.60496020891,0
8719,691,Germany,Female,39,4,94143.9872969447,1,0,1,40018.27854056802,0
8720,585,France,Female,37,3,69459.5469274763,2,1,0,42326.37879379021,0
8721,625,Spain,Female,42,0,136382.87672834404,2,1,1,55565.51893961428,0
8722,665,France,Female,54,4,97273.04427794323,2,1,1,140120.7955109015,0
8723,672,Spain,Male,41,4,0.0,2,0,1,89216.84066620396,0
8724,675,France,Male,58,4,127314.3763292365,2,1,0,32915.79764936891,1
8725,638,Germany,Female,42,1,0.0,1,1,1,195201.08316896993,1
8726,619,Germany,Female,30,3,0.0,2,0,1,29204.311744529008,0
8727,850,Germany,Female,60,4,180752.0189582266,1,1,1,177383.7944658868,1
8728,722,France,Female,36,10,140473.81188982495,1,1,1,74389.38830448166,0
8729,683,Spain,Male,27,10,128671.02359925411,1,1,1,33428.07829851177,0
8730,631,France,Male,61,5,108864.38673229679,1,0,0,19960.900143342842,1
8731,613,Germany,Male,30,6,34494.15187270494,2,0,1,100112.59510352973,0
8732,639,Spain,Female,30,9,0.0,1,1,0,88606.92517050564,0
8733,673,Spain,Male,32,10,126540.47859305303,1,1,0,102675.68175685723,0
8734,499,Spain,Male,39,2,90554.56358690749,1,1,1,136951.08423607697,0
8735,524,France,Female,47,2,93418.2431230752,2,0,1,61583.59397441117,0
8736,599,Spain,Male,18,9,103950.0595071056,1,0,1,10293.377540987458,0
8737,666,France,Female,47,1,126579.41144681898,2,1,1,112370.91794783693,0
8738,630,Germany,Female,32,8,70629.91609432902,2,1,0,19776.374656390784,0
8739,768,Germany,Male,33,0,0.0,2,0,0,165319.8647694264,0
8740,531,Spain,Female,55,2,0.0,2,1,0,163594.8891816427,1
8741,589,Germany,Female,40,2,103998.45399589595,1,1,0,32932.601160219594,1
8742,771,France,Male,42,7,0.0,1,1,0,191000.25098993548,0
8743,660,Germany,Female,37,5,0.0,1,1,0,86506.06246006762,1
8744,720,France,Male,45,2,114645.857170315,1,0,1,116220.95042895297,0
8745,814,Spain,Male,54,0,0.0,3,1,0,152563.2649032219,1
8746,594,Spain,Male,18,2,156315.73747614754,2,1,1,46128.94666752954,0
8747,642,France,Female,48,3,121929.68585146956,1,1,1,12032.985694211806,0
8748,628,France,Male,53,0,84886.3886725247,2,1,1,150238.76683862874,0
8749,493,France,Male,43,2,64611.42372820557,2,0,0,160259.77974531578,0
8750,625,Germany,Female,31,3,117041.5963386022,1,1,0,135318.49410536865,1
8751,720,France,Male,26,6,0.0,2,1,1,128169.8444905278,0
8752,693,Spain,Male,61,3,96286.11892085859,1,1,0,181445.54000010024,1
8753,699,Germany,Male,28,0,142521.8496405602,2,1,0,177831.3279250483,0
8754,619,France,Female,53,8,0.0,2,1,0,28079.504102815255,1
8755,597,France,Male,41,5,120831.08132957762,2,0,1,48354.528715734974,0
8756,751,Spain,Female,58,8,145093.48841547646,1,1,1,132260.40006760575,0
8757,610,France,Male,34,6,0.0,2,0,1,25373.860051740725,0
8758,673,Germany,Male,21,3,128012.48543781969,1,1,1,113943.14094989322,0
8759,663,France,Female,38,0,106683.87140386397,2,1,1,36524.1032882814,0
8760,766,France,Male,23,6,0.0,1,0,0,189658.3672236205,0
8761,727,Spain,Female,64,8,0.0,2,0,1,84288.9490656196,0
8762,546,France,Male,44,5,104504.2715952161,1,0,1,54068.97844856372,0
8763,554,Germany,Male,45,0,164375.2514360313,1,0,1,153588.2470507237,1
8764,696,Germany,Male,45,8,0.0,1,1,1,49056.04991426686,0
8765,644,France,Male,31,6,122212.47991418997,2,0,0,172612.6679016466,0
8766,613,France,Male,36,0,128090.9287298224,1,1,0,167057.2316909749,0
8767,731,France,Male,39,3,109085.90726883123,2,0,1,58407.32578625888,0
8768,664,France,Male,57,4,145849.98940309027,2,1,0,73150.35138386623,0
8769,654,Spain,Male,26,1,124919.889350189,1,0,1,16415.131791039945,0
8770,712,Germany,Male,30,2,0.0,2,1,1,66813.7098205655,0
8771,619,France,Male,34,1,0.0,3,0,0,41030.478321220864,1
8772,775,France,Male,31,3,0.0,2,1,1,16767.304161020034,0
8773,586,France,Male,23,6,125797.53553388751,1,1,0,190665.73156995344,0
8774,702,France,Female,18,4,120452.94778185709,1,1,1,189002.40852544594,0
8775,764,Spain,Female,19,6,118609.9480900419,2,1,1,128661.14052395496,0
8776,539,Spain,Female,48,0,133717.90017250905,2,1,1,98102.2714427358,0
8777,622,France,Male,37,2,90306.41016696338,2,0,0,99115.66509259539,0
8778,741,France,Male,46,1,0.0,2,0,0,130205.2013639804,0
8779,742,Germany,Male,32,0,130625.60112626103,2,1,1,56802.903161382106,0
8780,636,France,Female,37,4,0.0,1,1,0,140550.51185517927,0
8781,591,Germany,Male,54,2,74401.70134785553,1,1,0,15071.84525462607,1
8782,726,France,Male,53,7,0.0,2,0,0,133937.1096575401,0
8783,744,Germany,Male,47,4,158754.6276345071,1,1,1,108537.46934751919,0
8784,556,Spain,Female,40,4,57151.645304111415,1,1,1,142116.90723814323,0
8785,553,France,Female,43,6,100104.63905107377,1,1,0,126391.47049553238,1
8786,668,Germany,Male,41,7,0.0,1,1,0,58621.05920201437,1
8787,700,Spain,Male,36,0,193019.87216665578,1,1,1,112134.66059263737,0
8788,626,France,Female,33,4,111261.84475704361,2,0,1,135428.46663237776,0
8789,704,France,Male,49,8,108148.77719865118,2,1,0,13076.899753983027,0
8790,593,Spain,Male,25,10,0.0,1,1,0,193939.01255283624,0
8791,480,Spain,Female,52,8,94124.18683766345,1,1,1,81427.07294779971,1
8792,616,Spain,Male,35,6,119960.07543432653,1,1,0,61678.57134986215,0
8793,655,Spain,Male,24,3,115443.39660377488,1,1,1,145443.5234558943,0
8794,627,Spain,Male,32,1,0.0,1,0,1,159801.13864752112,0
8795,557,Germany,Female,29,4,119340.03478954974,3,1,1,89380.59854786226,1
8796,504,Spain,Male,32,3,191551.72682302157,2,1,1,124961.43373880714,0
8797,608,France,Female,32,0,0.0,1,0,0,60186.63986123294,0
8798,721,Germany,Female,31,6,115120.82878434838,1,0,1,143458.49830665585,0
8799,750,France,Female,34,2,0.0,1,1,1,104518.28069862553,0
8800,745,France,Female,37,5,122446.62184744762,2,0,1,36504.08561609224,0
8801,584,Spain,Male,45,4,0.0,2,1,1,166086.09208617627,0
8802,557,France,Male,35,3,129446.35047335208,1,1,1,180978.84441469455,0
8803,689,France,Female,41,2,69614.23081570968,1,1,1,75569.17714909876,0
8804,700,France,Female,38,8,88191.08772377133,4,1,0,80550.50521460253,1
8805,682,Spain,Male,43,4,0.0,1,1,1,156700.2484253387,0
8806,488,Germany,Female,38,9,138179.3987782533,2,1,0,172690.81959858566,1
8807,580,Spain,Male,31,6,0.0,2,0,1,109726.07109977512,0
8808,647,Spain,Male,28,3,0.0,1,1,1,174320.6335058532,0
8809,688,France,Female,40,0,106178.96493264326,1,1,0,13485.210368424829,0
8810,711,France,Male,50,1,149131.89583567617,2,0,1,41315.87459039061,0
8811,661,France,Male,35,9,0.0,2,0,0,174127.26207871528,0
8812,676,France,Female,30,4,89980.30827793325,2,0,0,137684.20586297015,0
8813,656,France,Female,35,7,144465.08616329444,2,1,1,131774.1163637534,0
8814,704,France,Female,32,7,50803.26748407216,1,1,0,134565.1271995597,0
8815,675,France,Female,31,7,0.0,1,1,0,31055.834962379922,0
8816,655,Spain,Female,23,8,101556.57297264502,2,1,1,174199.29201963425,0
8817,628,Germany,Female,35,1,0.0,3,1,1,28567.9942137863,1
8818,656,Germany,Male,40,3,0.0,1,1,0,48852.15988482929,1
8819,688,Spain,Male,27,10,0.0,2,1,1,150330.9711771861,0
8820,671,France,Male,29,9,80837.64867484383,1,1,1,55468.30028096882,0
8821,680,Spain,Female,28,5,0.0,2,1,1,162754.9475322507,0
8822,757,France,Male,24,5,0.0,2,0,0,148030.14285017122,0
8823,671,Spain,Male,28,4,0.0,2,1,0,151030.78641612982,0
8824,598,Germany,Female,36,1,118491.73917128857,2,1,0,90384.89595948214,1
8825,720,Spain,Male,24,7,142000.05685337962,2,1,0,116216.30661565573,0
8826,540,Germany,Male,36,0,102213.94878580402,3,1,0,94965.22528218382,1
8827,563,Spain,Male,30,0,76408.99926288845,3,1,1,150529.65783570983,0
8828,676,Spain,Female,28,0,144441.38595702726,2,0,1,33037.32019108118,0
8829,691,France,Male,41,8,134673.83198083943,1,0,0,96359.07536188894,0
8830,550,Germany,Male,31,4,141338.12158623617,2,0,0,160449.97131815442,0
8831,619,France,Male,33,1,101740.17478692828,2,1,1,51871.22473749952,0
8832,601,Germany,Male,50,10,0.0,2,1,1,93033.63917275112,0
8833,611,France,Male,28,0,0.0,2,0,0,65297.78504744415,0
8834,725,France,Female,53,3,139786.12265034346,2,1,1,95007.78026044255,0
8835,706,Germany,Male,34,10,132151.67969945737,2,1,1,19580.692690096475,0
8836,648,France,Male,26,1,0.0,2,1,1,100287.80493602996,0
8837,606,Germany,Female,32,2,121647.41530950261,1,1,0,87265.63541879412,1
8838,542,France,Female,38,1,0.0,1,1,0,188127.35262641127,1
8839,763,Germany,Male,50,7,124752.81379219542,1,1,1,58251.221462099245,0
8840,697,Spain,Male,45,2,172967.99995957327,1,1,1,59218.59001425758,0
8841,593,Spain,Female,38,1,65823.85453565825,1,1,1,38607.029886840726,0
8842,707,France,Male,50,5,113135.17492905767,1,1,1,57441.322279689026,0
8843,644,France,Female,19,6,112984.27944748043,1,0,1,189241.33691978236,0
8844,627,Germany,Male,40,8,0.0,2,0,1,129222.15930879262,0
8845,684,France,Male,41,10,109592.44277634103,2,0,1,12961.854789845082,0
8846,590,France,Female,41,9,83610.10137156755,2,1,0,16542.60681983102,0
8847,622,Spain,Male,21,3,129936.87215069543,2,0,0,15127.57494111963,0
8848,659,France,Male,27,4,139520.20793230474,1,1,0,58084.68870164243,0
8849,610,France,Female,36,10,159440.55052616383,2,1,0,20934.50342197126,0
8850,703,France,Male,49,5,132599.41671392703,2,1,1,22743.763085448038,0
8851,799,France,Male,57,2,149112.72420752398,2,0,0,93184.62470823473,0
8852,589,Germany,Female,31,2,93711.24581452881,2,1,0,11458.570860205906,0
8853,516,France,Female,24,2,100636.24620671544,2,1,0,13128.243898588726,0
8854,489,Germany,Male,46,4,62379.79426572071,2,1,0,127769.83346691422,1
8855,637,France,Female,64,10,145699.75465008104,2,0,0,142554.60940148978,1
8856,596,France,Male,49,5,0.0,1,0,1,193317.41677129085,0
8857,666,Spain,Female,30,8,129076.61241013581,3,1,0,101914.90597678832,1
8858,660,France,Female,66,8,0.0,1,1,1,117941.02888970195,1
8859,521,Spain,Female,44,4,0.0,1,1,1,122579.70953225056,0
8860,504,Germany,Female,30,7,104038.94273967632,1,1,1,152170.29395815014,0
8861,673,France,Male,57,6,0.0,1,1,1,88906.18966144322,0
8862,660,Germany,Male,29,3,0.0,2,1,1,197155.913008967,0
8863,615,France,Male,31,0,0.0,1,1,0,104801.76891763443,0
8864,517,France,Male,45,2,124403.1573216314,1,1,1,34258.93761724906,0
8865,687,France,Male,37,10,150971.76703031242,1,0,0,152054.77465852213,0
8866,751,Germany,Female,38,9,64620.61492212979,2,1,1,108702.84277897204,0
8867,672,France,Female,38,4,108066.24172462522,1,1,0,133502.02111604155,0
8868,582,Germany,Male,49,9,79524.20213299294,4,1,1,107678.10936751573,1
8869,653,Spain,Female,18,2,94576.55634734625,2,0,1,133647.0399153503,0
8870,540,France,Female,40,10,105884.86090267982,2,1,0,96059.77706712895,0
8871,734,France,Male,35,3,0.0,1,1,0,84230.13876710323,0
8872,656,Germany,Male,30,8,0.0,2,1,0,45883.941844529654,0
8873,508,Spain,Male,30,8,142146.9350050966,2,0,1,73028.49683287636,0
8874,625,France,Male,18,10,123030.84906313995,2,1,1,17136.890068061937,0
8875,687,Germany,Female,30,8,123818.61899638592,2,1,1,104228.98550333639,0
8876,623,France,Female,50,8,142505.31399207984,2,1,0,91802.65132376677,0
8877,627,Germany,Male,46,0,143881.3115701323,1,0,1,31962.621486344582,1
8878,552,Germany,Female,36,8,138694.4361704792,2,1,0,116804.95509411154,1
8879,695,Spain,Male,23,10,150196.76377143,1,0,0,179571.49496787903,0
8880,598,Germany,Female,46,10,100448.36868227103,1,1,0,107128.4805514123,1
8881,477,Spain,Female,51,1,0.0,2,1,1,19256.682799663075,0
8882,620,Spain,Male,48,7,142080.9614089483,2,1,1,88991.86107582483,0
8883,728,Spain,Female,28,8,105881.55233300148,1,1,1,183340.1904245062,0
8884,619,France,Male,29,7,0.0,2,0,0,190963.09181412638,0
8885,789,Spain,Male,54,8,0.0,1,1,1,170750.00585625414,0
8886,684,France,Female,25,4,107906.23945157087,3,1,0,91891.55042077409,1
8887,677,France,Male,42,9,171015.0715912055,1,1,1,82078.48566424412,0
8888,639,France,Male,20,6,143421.53507385604,1,1,1,64518.949621595835,0
8889,644,France,Female,34,10,0.0,1,1,0,37195.46641289929,0
8890,628,France,Male,43,2,0.0,1,1,1,181138.55247565318,0
8891,625,Germany,Male,37,3,95864.0305364134,2,0,1,139000.40279154782,0
8892,692,France,Male,43,3,132837.06043590143,1,1,0,166139.74444574115,0
8893,575,Spain,Male,25,9,88166.65780893236,1,1,0,28942.40900881563,0
8894,563,France,Male,29,3,0.0,1,0,0,42611.53551247221,0
8895,560,France,Male,42,10,0.0,2,1,1,16579.461723910474,0
8896,813,France,Female,44,7,0.0,1,1,1,94807.33297252633,0
8897,692,France,Female,40,1,138162.20132924934,2,0,0,92636.47204573402,0
8898,674,Spain,Male,47,1,137961.50100524563,2,0,0,168349.16048126246,0
8899,565,Spain,Male,21,4,125302.93467269678,1,0,1,15586.594240333541,0
8900,699,France,Female,33,5,89692.49855331183,1,1,0,108188.95684069114,0
8901,640,France,Female,56,3,126069.93792339676,1,1,1,150784.28181677198,1
8902,667,Germany,Male,50,6,110714.39558766528,2,0,0,131242.0978475569,1
8903,571,France,Female,44,9,0.0,2,0,1,193253.352180828,0
8904,662,France,Male,36,3,141015.04804171238,2,1,0,177228.5158905945,0
8905,616,Spain,Female,48,7,68088.46246185049,1,1,1,42838.105463353095,0
8906,588,France,Male,42,1,127205.01608222723,2,0,1,84534.04028428509,0
8907,708,Germany,Female,22,9,193287.37980861374,2,1,1,151888.81922703274,0
8908,526,Spain,Male,47,3,92671.76147138499,2,1,1,90057.96036893195,0
8909,695,France,Female,29,10,137119.68144743372,2,0,1,90334.33228420392,0
8910,704,France,Male,45,6,0.0,1,1,0,50435.0058594864,0
8911,579,Spain,Male,21,4,168524.7063016342,2,1,0,41543.546993948716,0
8912,584,France,Female,53,9,0.0,2,0,1,134851.7536337124,0
8913,632,Germany,Female,35,10,116438.95634460922,2,1,0,197719.23538001266,0
8914,672,Spain,Female,26,1,138715.22442571912,1,0,0,186323.04811344453,0
8915,637,France,Male,31,2,80036.8157658942,2,1,0,174654.69880379835,0
8916,684,Spain,Female,34,3,115117.91855543575,1,1,1,196341.35671010823,0
8917,791,France,Female,37,4,0.0,1,1,1,44390.30573278132,0
8918,609,France,Male,51,6,51677.855757721496,1,1,0,92154.05539086765,1
8919,512,Spain,Female,38,2,145533.5645011114,2,1,0,36566.91313242394,0
8920,716,Spain,Female,18,8,0.0,1,1,1,100383.3258749204,0
8921,784,Spain,Female,25,9,84435.29883461285,1,1,1,26267.175060432757,0
8922,681,France,Female,65,2,158177.73495154074,1,0,0,138765.05765289417,1
8923,562,Spain,Female,39,4,0.0,2,1,0,94677.44762151057,0
8924,640,France,Female,47,4,67062.84594722,1,1,0,175774.5972183919,1
8925,560,Spain,Female,34,6,0.0,1,1,0,53896.28844541018,0
8926,701,Spain,Female,27,5,150809.482827584,1,1,0,84870.36087985842,0
8927,541,Spain,Female,33,10,94947.52641180158,1,1,1,10248.401369640651,0
8928,625,Germany,Female,39,2,0.0,2,1,1,98547.01052430866,0
8929,569,Germany,Male,33,0,0.0,2,1,1,25818.24786949843,0
8930,660,Germany,Male,57,5,88469.32077164664,1,0,1,187073.93185447148,1
8931,620,Germany,Female,31,10,93805.34355337582,1,1,1,190798.7242998747,0
8932,664,Germany,Female,27,5,138783.77573461644,1,1,1,115279.61052865548,0
8933,651,Germany,Male,46,3,145030.9331799635,2,0,1,93047.41003170755,0
8934,571,Germany,Male,47,1,122873.29338711749,1,1,0,100370.99824351202,1
8935,700,Spain,Male,38,8,32221.218996187352,1,1,0,75896.32386046107,0
8936,646,France,Female,31,5,0.0,2,0,1,93018.1191666331,0
8937,570,France,Female,18,0,171021.7784784181,1,0,1,105234.10789385832,0
8938,829,Germany,Female,50,7,142609.56023226614,2,0,0,192851.83827408645,1
8939,688,France,Male,46,9,88695.8284030561,1,1,1,86061.50924154372,0
8940,637,Germany,Male,33,6,82542.39527951111,2,1,0,152892.13267606669,0
8941,763,France,Male,38,10,118392.63728538128,1,1,0,149130.3230522314,0
8942,797,France,Male,35,10,101468.50433046714,1,1,1,192242.91511971987,0
8943,638,Spain,Female,54,5,0.0,2,1,1,19622.812335974253,0
8944,677,Germany,Male,27,10,150050.7745745882,1,0,1,26528.633245606237,0
8945,570,France,Male,31,10,75398.43227005034,2,1,0,119431.42076608942,0
8946,638,Germany,Male,30,0,155335.57732763787,1,1,0,100597.9554265272,0
8947,634,Germany,Male,41,9,113083.04230022189,1,1,0,127485.41480942121,1
8948,664,France,Male,38,4,0.0,2,1,1,111384.5563819851,0
8949,676,France,Male,40,3,118184.05586498734,2,1,1,155380.0893141634,0
8950,694,France,Male,29,6,0.0,2,1,1,178913.6847185706,0
8951,669,France,Male,52,1,0.0,1,0,0,111351.49318642591,1
8952,553,France,Male,33,0,114917.8128481295,2,1,1,26929.685038935208,0
8953,574,France,Female,49,6,152652.04485630774,1,1,1,30746.157624067568,0
8954,606,France,Female,69,7,152216.88712125726,2,1,0,52481.52863912731,1
8955,627,Germany,Female,29,4,103367.71071827665,2,0,0,173538.0320709284,0
8956,734,Spain,Female,41,7,123333.93450942027,2,1,0,120144.923904514,0
8957,556,Spain,Female,36,3,97651.78512556013,1,1,0,81536.801130594,0
8958,621,France,Male,58,7,159064.54232172586,1,0,0,78865.00275193132,1
8959,726,Germany,Male,35,10,105021.67405643285,1,1,0,21630.645926205398,0
8960,626,Germany,Male,40,2,139873.37600520658,2,1,0,62843.67175165835,0
8961,686,Spain,Male,40,6,149966.651893392,1,0,1,78407.87753897793,0
8962,638,Germany,Female,36,5,169133.74282778415,2,1,0,26292.18863284534,1
8963,670,Germany,Male,45,0,0.0,1,1,1,89107.02509416005,0
8964,631,Spain,Female,38,4,111607.75213424081,2,1,0,83889.01359363589,0
8965,703,Spain,Male,42,10,163643.13256021042,1,0,1,190756.0484560009,0
8966,526,France,Female,40,3,151921.25967134623,1,1,1,99981.88084760771,0
8967,620,France,Female,31,5,0.0,3,1,1,135216.4401465566,0
8968,673,France,Female,35,8,152950.01695118303,2,1,1,177043.62822726442,0
8969,692,France,Female,43,3,133451.33227130698,1,1,0,177937.12945423013,0
8970,769,France,Male,43,1,116077.46715409415,2,1,1,127525.17260596044,0
8971,618,Germany,Female,50,7,116547.6342151583,2,0,0,108927.0951109795,1
8972,768,France,Male,56,0,119132.31342805814,2,1,1,70936.85077085302,0
8973,597,Germany,Female,32,5,109129.70542776922,2,0,0,95906.63382257275,0
8974,756,Spain,Male,39,3,132463.63870183183,1,0,0,24115.071366697728,0
8975,715,France,Male,36,5,0.0,1,1,1,41215.354254204,0
8976,576,France,Female,26,2,0.0,1,0,1,81082.44587894357,0
8977,674,France,Male,43,8,63898.82113405125,1,0,0,14400.264397018938,0
8978,645,Germany,Male,45,2,121414.55852746882,2,0,1,146058.58559479765,0
8979,700,Germany,Male,27,2,0.0,1,1,1,121840.42182760028,0
8980,632,France,Female,34,4,0.0,1,0,1,172516.19167747593,0
8981,625,Germany,Female,33,6,105961.49147139445,2,0,0,41816.83947190425,0
8982,759,Spain,Female,22,5,112726.78911007945,1,1,1,187100.02117891505,0
8983,642,France,Female,37,6,0.0,1,1,1,181350.02020462678,0
8984,716,Spain,Male,26,8,160938.56572304948,1,0,1,112140.07747259016,0
8985,631,Spain,Male,39,2,0.0,2,1,0,79694.6303458032,0
8986,783,France,Female,40,4,0.0,2,1,1,174536.77363597215,0
8987,595,Germany,Female,41,4,111325.48713861013,2,1,1,188793.99600941624,0
8988,600,France,Male,42,2,94444.12882558953,2,1,0,40734.34702555729,0
8989,771,France,Male,53,10,0.0,1,1,1,119859.81068466815,0
8990,614,France,Male,29,9,105829.36706929626,1,1,0,105587.84847693404,0
8991,778,Germany,Male,30,8,0.0,1,1,1,111900.07227050747,0
8992,721,Germany,Male,44,8,0.0,2,1,1,23143.23315252637,0
8993,637,France,Male,36,5,142158.74901293614,1,1,0,82543.35467895101,0
8994,504,France,Male,49,4,0.0,1,1,0,38311.80685707714,1
8995,648,France,Male,43,3,123755.42309870747,1,0,1,175719.7902347812,0
8996,658,Germany,Female,57,3,0.0,2,1,1,96267.47340492521,1
8997,743,France,Female,37,4,0.0,1,0,1,169114.87003654902,0
8998,777,Germany,Male,23,1,0.0,1,1,0,51310.65883397265,0
8999,595,Germany,Male,41,7,168236.34227654082,1,0,1,174254.94881002215,0
9000,714,Spain,Female,37,6,143689.72134461178,3,1,0,36488.84170134712,1
9001,711,France,Male,43,6,133164.24835289572,2,0,1,39285.90620231323,0
9002,735,France,Female,44,0,133218.48013415682,1,0,0,197667.5494587181,0
9003,689,France,Male,32,7,75914.3714107227,1,0,0,15468.66127832219,0
9004,494,Spain,Female,27,10,137598.04263439297,1,0,1,15989.689297449593,0
9005,637,Spain,Male,36,0,153090.87083644464,1,0,1,29988.34753033973,0
9006,557,Spain,Male,18,8,82585.77100584775,1,1,1,45921.820310867275,0
9007,633,France,Female,38,5,89943.18626854756,1,1,0,23013.062262417006,0
9008,728,Germany,Female,33,7,163927.51679180402,3,1,1,190606.67748362708,1
9009,674,France,Male,46,0,112943.81451973626,1,0,1,67297.51228292921,0
9010,741,France,Female,18,5,0.0,1,1,1,193413.81649362243,0
9011,677,Germany,Male,38,0,0.0,1,1,0,176523.31460205824,1
9012,546,France,Female,53,2,140055.18674426686,1,1,0,155439.55777011014,1
9013,448,Spain,Male,44,1,139484.47743809805,1,1,1,15132.591938706511,0
9014,661,Germany,Male,47,1,57866.57363030726,1,1,1,148204.70006009514,0
9015,632,Spain,Female,41,3,143127.7802894665,1,1,1,81718.84516511059,0
9016,571,France,Male,21,6,103758.70755354299,1,1,0,176302.3065390631,0
9017,513,France,Male,39,2,0.0,2,1,0,114931.73271072477,0
9018,591,France,Male,42,6,112610.47664616047,1,0,1,54192.43408970968,0
9019,634,France,Male,27,8,0.0,1,0,1,125230.11134867638,0
9020,703,Germany,Female,36,3,153652.5803260969,2,1,0,110839.50447413507,0
9021,665,Spain,Male,18,6,162739.98654376817,1,1,0,141523.58608600733,0
9022,778,France,Female,34,0,0.0,3,0,1,58192.141119264765,0
9023,567,Germany,Male,33,1,151901.053828757,3,1,0,198063.8565654426,1
9024,720,Spain,Male,52,7,116007.018795055,2,0,1,137201.12639358477,0
9025,653,France,Male,31,2,0.0,3,1,1,83299.01323657845,0
9026,705,France,Female,35,4,105724.18704636284,1,1,0,121977.0255567966,0
9027,615,France,Male,37,7,0.0,1,1,1,87482.86560155753,0
9028,735,Germany,Male,32,4,73164.62780051911,2,1,0,174567.0460113927,0
9029,673,Spain,Male,45,0,138077.56874634553,2,1,0,188740.3646186556,0
9030,595,Germany,Female,18,1,0.0,2,1,0,182659.4306113465,0
9031,649,France,Male,49,9,125495.8312179784,1,1,1,91354.91969412524,0
9032,630,Germany,Female,37,10,140966.97095885454,1,1,1,51330.701335909194,0
9033,689,France,Male,51,2,121271.31056497728,1,0,0,125093.13840490386,1
9034,555,Germany,Male,18,9,109028.46497227886,1,1,0,116896.45999652555,0
9035,647,Germany,Male,18,1,114220.54358351819,2,1,0,22159.721781288375,0
9036,681,France,Male,35,8,102220.51022334307,1,1,1,171607.25895719512,0
9037,652,Germany,Male,43,4,150572.3628682836,2,1,1,17148.957500109707,0
9038,757,Germany,Female,32,0,79633.45638275867,1,0,1,16766.567940812987,0
9039,711,Germany,Male,43,10,0.0,2,1,0,149570.42572165476,0
9040,649,France,Male,47,10,123337.93916333182,2,0,1,189268.21775510025,0
9041,667,France,Male,44,10,79213.28084187568,2,1,0,142648.78308240636,0
9042,673,Germany,Male,39,7,0.0,1,1,1,158689.64874296257,0
9043,682,Germany,Male,38,2,138990.83531375986,2,1,1,184278.75440168544,0
9044,503,France,Female,31,10,114252.88288497012,2,1,0,71851.72751207456,0
9045,625,Germany,Male,37,8,96929.04044373275,1,1,1,126879.10712279359,0
9046,531,France,Female,27,8,121596.02387551266,2,1,1,78186.89124741768,0
9047,752,Germany,Male,30,5,76867.00765987884,1,1,0,159608.50687478713,0
9048,645,France,Male,43,3,0.0,2,1,1,161345.87759427607,0
9049,634,France,Male,33,8,85768.33334221342,1,0,1,102362.51472928822,0
9050,721,France,Male,30,10,0.0,1,1,1,155948.40827573196,0
9051,683,France,Male,42,8,152329.32981948688,1,1,0,83956.80788133152,0
9052,559,Spain,Male,41,1,132973.2455099097,1,0,1,139290.67107404163,0
9053,644,Spain,Male,35,9,171241.21960865322,2,1,1,69402.63597494518,0
9054,623,France,Female,36,5,151587.46060965146,2,1,1,33835.489565217475,0
9055,510,France,Male,42,10,93675.91863682921,2,1,0,166934.68457754765,0
9056,594,Germany,Female,47,3,114004.84446646716,1,0,1,16299.703715869695,1
9057,635,France,Male,40,2,132007.75454223895,2,1,1,101090.60736146313,0
9058,640,Spain,Female,26,9,0.0,1,0,0,191694.34912948083,0
9059,531,Spain,Male,35,5,134179.2475344752,1,1,1,10193.575086387384,0
9060,742,Germany,Male,33,10,132313.08370066615,1,0,0,187696.5544125755,0
9061,641,Spain,Female,27,7,128770.43131050683,1,1,1,26939.22429378134,0
9062,653,France,Male,42,8,117432.33070184,1,1,0,118983.67553019756,0
9063,682,Germany,Female,43,8,90109.65892388648,1,0,1,93540.40925206026,0
9064,586,Germany,Female,45,1,132218.59204068864,2,0,0,47468.46844271747,1
9065,686,France,Male,28,7,122311.50815402571,2,0,0,144929.41948169746,0
9066,620,Germany,Female,39,10,0.0,1,1,1,65817.98293393018,0
9067,578,Spain,Female,37,7,0.0,1,1,1,151760.56852341918,0
9068,695,France,Female,41,4,109258.02600161682,1,1,0,84859.78903906619,0
9069,769,France,Female,39,3,134879.7236442861,1,0,0,18079.411868923875,0
9070,707,Spain,Male,37,8,135098.60798038816,1,1,0,91883.92128105563,0
9071,723,France,Male,36,3,104208.72104216903,1,0,0,133954.95757858164,0
9072,608,France,Female,49,9,0.0,1,1,0,33186.43240844981,1
9073,522,France,Male,29,3,105674.52204180796,2,1,0,166650.85045386793,0
9074,769,France,Male,36,2,163318.5838637645,1,0,0,124520.49990959358,0
9075,814,France,Male,48,9,110097.10910579421,1,1,1,181905.021012066,0
9076,773,Spain,Female,29,2,128803.75997409553,1,1,0,184620.66961636918,0
9077,623,France,Male,30,2,0.0,2,0,1,193469.6904206413,0
9078,557,Germany,Female,45,10,0.0,2,1,1,91901.18183620439,0
9079,564,France,Male,23,6,139325.89855097816,2,1,0,73527.72816484518,0
9080,515,France,Male,44,4,135388.95261020833,2,1,0,171329.65537423172,0
9081,641,France,Female,33,8,101608.58991951655,2,0,1,136434.41582864802,0
9082,778,France,Female,42,1,0.0,1,1,0,78562.63468509955,0
9083,638,France,Male,25,3,0.0,1,0,0,180042.39534168737,0
9084,674,Spain,Male,49,1,0.0,2,0,1,58868.251462146,0
9085,760,Germany,Male,25,10,130005.71447780752,1,1,1,182897.68743923702,0
9086,617,France,Female,45,7,0.0,2,1,1,162355.58486073252,0
9087,812,France,Male,26,3,90965.4946112536,1,1,0,88318.0745273889,0
9088,809,France,Male,56,0,105801.43187179105,4,0,1,77979.48940318126,1
9089,639,Germany,Female,37,9,0.0,1,0,0,177719.8972253945,1
9090,603,Germany,Male,57,2,108718.43834634165,2,0,0,102187.31135590324,1
9091,705,France,Male,29,6,95899.18260584891,1,1,0,155785.4050281772,0
9092,622,France,Female,33,2,0.0,1,0,1,132551.1891759282,0
9093,557,Germany,Female,50,4,71140.90889306835,2,1,0,43666.48877958001,1
9094,752,France,Female,23,1,93837.93331567233,1,1,0,181337.34892150463,0
9095,747,Spain,Male,31,7,60498.90507262175,1,0,1,127607.32403910655,0
9096,662,France,Female,42,3,117244.41620770008,1,1,1,71939.83933883873,0
9097,548,Spain,Female,27,0,0.0,1,1,1,78638.2151767993,0
9098,551,Germany,Male,43,3,159860.37033862952,1,1,1,54891.522233944976,1
9099,658,Germany,Female,39,7,126015.10648337255,2,1,1,121757.58517818402,0
9100,610,Germany,Male,22,8,118087.023766761,1,1,1,45551.03444459951,0
9101,622,France,Female,47,0,89931.360937599,1,1,1,78577.3805861755,0
9102,731,France,Female,25,5,112153.32016107521,1,0,1,188517.3821700009,0
9103,708,France,Female,45,3,147601.14570544875,1,1,1,18353.240477322423,0
9104,760,Germany,Male,39,10,91339.42943249439,2,1,1,146996.11715895875,0
9105,570,Spain,Female,33,7,146002.76560375426,3,0,1,35556.455466855514,1
9106,622,France,Male,26,0,0.0,2,1,0,78788.1578594259,0
9107,710,France,Female,41,4,113417.88342794683,3,1,1,118987.43246011015,1
9108,685,Spain,Female,29,0,141687.92964087738,2,0,1,196784.37390821212,0
9109,772,Germany,Male,50,3,138453.18930545385,1,0,1,70848.28745057766,0
9110,683,Spain,Male,50,1,93839.30149468573,2,0,0,46342.89116729439,0
9111,797,France,Female,54,9,102413.19994964564,1,1,1,128909.2154287592,0
9112,693,France,Male,40,8,117589.24321022323,1,1,1,100367.23314747361,0
9113,734,France,Female,33,1,0.0,2,1,0,59529.47777411076,0
9114,624,Germany,Male,35,3,171172.52964383626,2,1,1,149076.47066475608,0
9115,651,Germany,Female,34,2,0.0,1,1,1,157585.16440430918,0
9116,722,Germany,Male,40,0,146446.558550643,1,1,0,149232.86520223628,1
9117,779,Spain,Female,42,0,79334.3809618895,2,1,1,168466.52812000425,0
9118,708,Spain,Female,50,1,156623.4185159543,1,0,1,139097.24597733733,0
9119,643,Spain,Female,38,7,0.0,4,1,0,139874.60020040115,1
9120,760,Spain,Male,23,1,90676.0550642221,1,1,1,94351.46566130006,0
9121,474,Spain,Female,33,0,130129.10667978281,2,0,0,120097.89462634469,0
9122,536,France,Male,53,5,0.0,2,1,0,139580.05250866647,1
9123,704,Spain,Female,22,0,0.0,1,1,1,108833.99128696168,0
9124,651,France,Male,45,9,82271.5491770596,1,1,0,140711.07051965164,0
9125,698,France,Male,34,8,108621.88909008568,2,1,1,177833.17976051336,0
9126,655,Germany,Male,29,5,81388.45679745509,1,0,0,91293.45569020265,0
9127,695,Germany,Male,41,9,0.0,1,0,1,93838.28889412996,0
9128,584,Spain,Female,53,5,0.0,1,1,1,157630.5015820637,0
9129,695,France,Female,41,0,137628.05710331022,2,0,0,70018.01903367793,0
9130,729,Germany,Male,35,6,108293.07923084567,1,0,1,24645.875043852473,0
9131,747,Spain,Male,25,2,79129.06496706473,2,1,0,82673.80737873522,0
9132,811,France,Female,37,0,136765.71087151166,1,1,1,107630.43568896723,0
9133,669,Spain,Male,24,8,141868.38278082752,2,1,0,62991.50867698428,0
9134,671,France,Male,34,7,111433.78502294653,1,1,0,138056.04347254708,0
9135,528,France,Male,37,3,162220.16557574092,1,0,0,112140.20481595257,0
9136,607,Germany,Male,18,2,98896.61834823577,2,0,1,66952.78310270834,0
9137,634,France,Male,51,1,158461.170155573,1,0,0,42555.18160261538,1
9138,734,France,Female,25,1,0.0,2,1,1,149194.67874047707,0
9139,601,France,Male,36,10,68124.00388486055,1,0,1,10198.836836202841,0
9140,713,France,Female,43,2,0.0,1,1,0,79596.26427556579,0
9141,649,France,Male,51,0,126302.91624277475,2,1,0,69623.17227492655,0
9142,635,France,Female,30,9,134993.49703779485,2,0,1,33175.871229352895,0
9143,669,France,Male,18,6,80773.43193035849,1,1,0,192772.14751872327,0
9144,618,France,Female,48,1,174990.09921911266,3,1,1,72445.47579186052,1
9145,615,France,Male,25,5,117827.18194633196,2,1,0,171612.64362603106,0
9146,513,France,Male,41,5,102338.64768052753,1,0,0,97389.31535378289,1
9147,630,Spain,Female,42,10,125909.54368543519,1,1,0,120570.87269677324,1
9148,611,Spain,Male,18,3,112483.01723861387,2,0,1,122846.27870051829,0
9149,608,France,Female,21,3,135989.79009663485,1,1,1,116265.44838146209,0
9150,683,Spain,Female,33,0,0.0,2,1,1,188457.106541578,0
9151,702,Germany,Male,18,10,156745.29251126523,1,1,1,120654.98839380828,0
9152,668,Germany,Male,24,5,0.0,1,0,1,198445.5945707562,0
9153,729,France,Male,39,7,0.0,1,0,1,76115.03996396417,0
9154,696,Germany,Female,37,9,138326.26452886465,1,1,0,127809.74530840319,1
9155,626,France,Male,41,3,83773.84920009057,1,0,1,189582.91479743167,0
9156,612,France,Female,42,0,86257.2520495824,1,0,0,137870.5953662606,1
9157,675,France,Female,21,3,118485.35491918464,1,0,1,57843.21576237183,0
9158,695,France,Male,25,1,0.0,1,1,1,169091.82573362076,0
9159,761,Spain,Female,45,3,31226.677831469075,2,1,0,109729.12730313154,0
9160,745,Spain,Male,53,7,134467.58730400944,3,0,1,148213.00587866292,1
9161,606,Spain,Male,28,2,0.0,1,1,0,14979.680551675407,0
9162,641,France,Female,40,4,135800.25344089407,2,1,1,85803.43494450008,0
9163,703,France,Male,46,9,119492.54733980069,1,1,1,131574.26883451315,0
9164,735,France,Male,40,10,154754.34055657353,1,1,1,138518.46260273864,0
9165,725,France,Female,35,1,0.0,2,0,0,112139.3948940542,0
9166,644,Germany,Female,31,8,0.0,2,1,0,17708.085895024473,0
9167,549,Germany,Male,57,2,0.0,2,1,1,162093.40460427877,1
9168,570,Germany,Female,38,0,88410.2194234344,1,0,0,129876.78064816898,1
9169,671,Spain,Male,41,6,108058.47686247983,2,1,0,28219.938356496594,0
9170,677,France,Female,41,10,0.0,1,1,0,174277.1120640756,0
9171,562,France,Female,29,4,131738.32074737945,1,1,0,128501.59912866104,0
9172,653,France,Male,38,8,162596.1270361985,2,1,0,170991.71877537554,0
9173,700,France,Male,34,2,114730.53639095792,1,1,1,168447.91845453824,0
9174,557,Germany,Female,34,10,97540.12110017924,2,0,1,141495.95022891075,0
9175,738,France,Female,41,0,0.0,1,1,0,64435.94660274827,0
9176,619,France,Male,28,6,0.0,2,1,1,156717.78448886162,0
9177,750,Germany,Male,25,7,131037.28274768285,1,1,0,72438.82787598055,0
9178,607,Germany,Male,43,10,0.0,1,1,1,74840.85429321855,0
9179,567,France,Male,32,1,183845.49147464283,1,0,0,136738.84646233916,0
9180,613,Spain,Female,34,1,105884.13410427893,1,0,0,182055.72676197733,0
9181,642,France,Male,18,8,155161.16608036772,2,1,0,94800.60699373433,0
9182,618,Spain,Female,47,3,114960.57422949976,1,0,0,116738.51684557805,1
9183,632,France,Female,43,0,0.0,2,1,1,52823.9614141371,0
9184,676,France,Female,45,8,109459.92532347288,2,1,1,137322.68200211745,0
9185,636,Spain,Male,41,8,139011.44027751446,1,1,0,68520.150192373,0
9186,644,France,Female,22,5,196692.6812871994,2,1,0,178581.5422377192,0
9187,513,Spain,Female,40,5,81258.10852515773,2,1,1,10360.188422148009,0
9188,681,Germany,Male,31,8,0.0,1,0,0,100899.69155006106,0
9189,642,France,Male,28,1,157321.66124645676,1,1,1,167989.06268325658,0
9190,778,Spain,Female,43,8,106806.25063541293,1,1,0,65832.64677777678,0
9191,574,Spain,Male,54,3,166776.1864395684,1,1,1,102157.7277191038,0
9192,505,France,Female,52,3,84666.76433498596,2,1,0,30092.007061051016,1
9193,699,Spain,Male,44,8,145292.42619462594,1,1,0,32031.445374753148,0
9194,677,Spain,Male,37,6,131187.77532612096,1,1,1,131083.46456915792,0
9195,569,Spain,Male,35,9,147044.3506319662,1,1,1,163543.29519372393,0
9196,527,Germany,Male,28,4,116215.62593904987,2,1,1,21492.626192581978,0
9197,772,Spain,Male,35,7,0.0,2,1,1,50505.84203886056,0
9198,763,Germany,Female,47,0,152283.99656369677,2,0,0,91828.41983574786,1
9199,451,Spain,Male,56,6,64105.79717411696,1,1,1,192088.3009254498,1
9200,613,France,Male,29,3,107504.85729816991,2,1,0,28212.425741703257,0
9201,783,France,Male,18,1,122110.92425184528,1,1,1,155081.07456105703,0
9202,611,France,Female,32,1,0.0,2,1,1,126187.51098536541,0
9203,610,Spain,Male,47,10,136014.56874030604,2,1,1,89865.14645812409,0
9204,627,Spain,Female,58,8,0.0,1,1,1,65703.92571798904,1
9205,560,France,Female,51,5,111381.9482293794,1,1,1,81220.67463573269,0
9206,513,France,Male,50,10,0.0,2,0,1,90347.84346241545,0
9207,734,France,Male,29,3,126306.86140007986,2,1,0,176331.46987435032,0
9208,502,France,Female,29,1,0.0,2,1,1,197334.6528991181,0
9209,669,Spain,Female,24,6,0.0,1,0,0,191766.94739014693,0
9210,720,Germany,Male,31,8,0.0,1,1,0,37793.97315981003,0
9211,533,Germany,Female,47,1,126090.85964528605,2,0,0,15512.06655565571,1
9212,576,France,Male,54,3,105341.83324422089,2,1,1,50429.84065463926,0
9213,747,Spain,Male,41,0,147546.94551841315,1,0,0,67688.08073746292,0
9214,692,Spain,Male,35,0,0.0,1,1,1,97300.84236035346,0
9215,600,Germany,Male,27,2,0.0,1,1,0,107366.47280690461,0
9216,746,Spain,Female,36,0,0.0,1,1,1,80437.66377909493,0
9217,746,France,Female,40,3,0.0,2,1,0,185554.72322447624,0
9218,671,France,Female,23,5,99916.63589155082,1,1,1,147734.48517888307,0
9219,577,Spain,Male,47,4,50550.664241981896,2,1,0,141922.45179011286,0
9220,616,Spain,Male,33,8,95848.99245928101,1,1,0,119664.12395788943,0
9221,672,Germany,Male,46,10,93910.82102085563,3,1,1,116040.547823938,1
9222,634,France,Male,37,1,131695.3471848988,2,1,0,91983.3672677531,0
9223,725,Germany,Male,40,1,82151.0278711334,1,1,0,93477.05746832726,1
9224,527,France,Female,30,2,98559.29428083963,2,1,0,188468.04972956,0
9225,530,Germany,Male,34,3,151144.2206456227,1,1,1,121714.10744063342,0
9226,664,Germany,Female,44,8,89516.9643712067,1,1,0,88828.48179161732,1
9227,610,Spain,Female,36,10,86594.43971604126,1,1,1,103043.51420731604,0
9228,599,Spain,Female,26,5,0.0,2,1,1,186597.07505663592,0
9229,508,France,Female,39,8,177489.79663151177,1,1,0,75650.20368276651,1
9230,651,France,Male,41,4,115872.72683997209,1,1,0,199532.1490516312,0
9231,645,France,Male,51,8,144789.881356624,2,0,0,83663.18845007572,0
9232,702,France,Female,49,8,138773.48111758105,2,1,0,160516.8761841049,0
9233,655,Spain,Female,37,0,139614.2026884443,1,0,1,22926.58410675694,0
9234,639,France,Male,32,8,107046.02453193854,2,1,1,87712.78906746957,0
9235,744,Germany,Female,35,6,0.0,2,1,1,37865.243664738155,0
9236,545,France,Female,32,10,127096.80191285204,1,1,0,65445.47685418825,0
9237,692,Spain,Male,43,7,0.0,4,0,1,86972.31996335743,1
9238,516,Spain,Male,48,2,0.0,1,1,0,116355.66176388337,1
9239,582,France,Female,50,0,0.0,2,1,1,36475.949103936524,0
9240,552,France,Male,33,3,104730.47369385432,2,1,1,94262.78069379662,0
9241,712,France,Male,32,0,100790.87979237676,2,1,0,186959.81996264996,0
9242,644,Germany,Male,33,0,0.0,2,1,0,106438.22245893069,0
9243,648,Spain,Female,18,3,117499.12660566297,2,1,0,22871.679179347713,0
9244,561,France,Female,25,7,102141.56614441937,1,0,0,47323.99794002713,0
9245,626,Germany,Male,37,0,191070.22654085542,2,1,1,162278.17153634492,0
9246,588,France,Male,41,9,0.0,1,1,1,68078.19926691375,0
9247,680,Spain,Male,42,9,0.0,1,1,0,171320.68359348155,0
9248,570,France,Male,30,8,0.0,1,0,1,67176.49012835589,0
9249,756,Spain,Male,33,5,163808.5034308648,2,1,1,116221.35552279366,0
9250,515,Germany,Male,35,4,94591.972583357,1,1,1,121353.25518980337,0
9251,585,Germany,Male,34,8,0.0,1,1,1,134192.95795656764,0
9252,784,France,Female,44,8,124917.59992335764,1,1,1,151006.6233267162,0
9253,615,France,Male,24,8,139991.9202144723,1,1,1,199217.60959938457,0
9254,544,Germany,Male,26,2,90035.86518442193,1,1,1,11296.735177900757,0
9255,667,France,Male,35,7,145774.3251743308,1,0,0,157322.39528197024,0
9256,611,France,Female,24,9,166827.18939338456,1,1,1,161800.78655448905,0
9257,583,Spain,Male,18,3,95114.00824047765,2,0,0,50585.205412987736,0
9258,562,France,Female,23,3,104778.99535389344,1,1,0,62320.34541958847,0
9259,850,France,Female,35,6,0.0,2,1,0,123833.75031176572,0
9260,629,Germany,Female,44,7,0.0,1,1,0,49937.925348927136,1
9261,495,France,Female,44,3,54219.4139303549,2,0,1,124486.46110207913,0
9262,769,France,Male,53,10,114945.42025020535,1,0,0,44412.62155314952,1
9263,698,Spain,Male,39,9,111088.34921189591,2,1,1,115401.03745056642,0
9264,588,Germany,Female,40,5,89795.81780290438,2,1,1,159954.69154087035,0
9265,575,France,Male,35,0,0.0,2,1,1,195033.05149147063,0
9266,703,Spain,Male,35,1,113922.4025697171,1,1,1,93926.60747213916,0
9267,630,Germany,Female,58,4,152898.12052248625,1,1,0,78503.90434697266,1
9268,495,France,Female,40,3,57830.530658589574,2,1,0,162110.04145246928,0
9269,792,France,Female,41,2,49027.7174909958,2,0,1,60426.79151065822,0
9270,615,France,Female,26,10,142987.50031780382,2,1,0,95615.07396736805,0
9271,769,Spain,Female,42,5,73942.5675534721,3,0,1,45605.13893725331,0
9272,752,Germany,Female,44,9,83449.12975934803,1,1,1,158444.0575617513,0
9273,569,France,Male,49,5,87777.81740377739,1,1,1,89470.65515001242,0
9274,732,Germany,Female,44,10,174745.62567767163,1,1,1,124753.88129021208,0
9275,597,Germany,Male,36,9,140629.54625980215,2,1,1,40627.77613441802,0
9276,500,France,Female,36,7,0.0,1,0,1,188081.20434988063,0
9277,616,Spain,Male,37,1,0.0,2,1,0,197935.150903754,0
9278,681,France,Male,39,6,117003.05778632559,2,0,1,84220.41763335341,0
9279,612,Germany,Female,50,6,80619.36804500798,2,1,0,170033.79285967653,1
9280,625,Spain,Male,48,1,109326.55301127808,2,1,1,37586.51489487641,0
9281,741,Spain,Female,45,5,91779.54088363305,1,0,0,153653.87665442342,0
9282,658,Spain,Female,58,4,165447.88794940023,1,1,1,165480.5407502071,1
9283,582,Spain,Female,18,1,0.0,1,1,0,114290.52137621037,0
9284,706,Germany,Male,33,8,71300.13386082706,3,0,1,118656.29317555897,1
9285,665,Spain,Male,37,7,124714.50480264623,2,1,1,158847.09815340283,0
9286,448,Germany,Female,31,6,0.0,1,1,1,57187.1687055411,0
9287,684,Spain,Male,28,5,97512.30096979876,1,1,1,43825.2685772302,0
9288,681,France,Male,20,4,135492.63476832787,1,0,0,150812.66907112897,0
9289,651,Germany,Male,34,8,121369.60689963083,2,1,0,103307.97094713237,0
9290,721,Spain,Female,46,4,103036.96315881182,3,1,1,178461.27335560083,1
9291,596,Spain,Female,45,5,0.0,2,1,0,198635.43513626888,0
9292,676,Germany,Male,30,2,0.0,2,1,0,172209.36863354195,0
9293,524,France,Female,40,8,28810.199034205012,2,1,0,45739.81497236832,0
9294,682,France,Female,51,10,114911.17995508882,2,0,0,94434.88603455023,0
9295,806,France,Female,22,7,147940.68395716252,2,0,0,133630.64785170037,0
9296,570,Spain,Male,36,8,109245.3171048279,2,0,1,66014.74553948865,0
9297,589,Germany,Female,40,0,149782.61997375713,2,0,0,169336.12543339818,1
9298,593,Germany,Male,38,0,80544.21841968404,2,1,1,94854.79494108868,0
9299,660,France,Female,46,1,0.0,2,1,0,30758.22851666427,0
9300,564,Germany,Female,23,3,0.0,2,0,0,55397.31313358382,0
9301,683,Germany,Female,27,9,0.0,1,0,0,123167.04913672913,0
9302,717,Spain,Male,44,4,0.0,1,0,1,140033.29439454002,0
9303,692,France,Female,20,6,81253.70546611471,1,1,1,142669.38389389974,0
9304,508,Spain,Male,46,3,124549.61898624466,2,1,1,41182.04164839724,0
9305,729,Germany,Male,42,0,0.0,2,1,1,155256.53806754717,0
9306,724,Germany,Female,45,7,0.0,1,1,1,28379.981608041144,0
9307,716,Spain,Female,33,10,103730.2651980154,1,1,1,191478.44902830588,0
9308,679,Germany,Male,43,2,124651.60169779632,1,1,0,156293.22750367763,1
9309,667,France,Male,26,8,53181.455101656975,1,1,0,143283.81613333873,0
9310,732,France,Male,33,1,60402.29953936896,2,1,1,51231.734971767335,0
9311,803,Germany,Female,38,10,0.0,1,1,1,36881.399450874174,0
9312,573,France,Female,29,0,0.0,3,1,1,37832.951092155265,0
9313,736,France,Female,40,9,127312.74988033777,2,0,1,53905.61114888533,0
9314,643,France,Male,26,7,0.0,1,1,1,168686.33619576346,0
9315,639,Spain,Female,40,2,137198.4901376362,1,1,1,135427.1795156586,0
9316,527,Spain,Female,55,0,48894.85490074783,1,0,1,193921.41692278293,1
9317,627,France,Female,25,10,90758.27841675981,1,1,0,27614.945108405893,0
9318,570,Germany,Female,37,2,179718.530787074,2,1,0,144100.06057876986,1
9319,612,Germany,Female,21,7,0.0,2,1,0,172029.35137833265,0
9320,562,France,Female,29,10,161604.60045153415,1,1,1,101361.21775302906,0
9321,614,France,Male,45,3,49087.51137175452,1,1,0,21176.514795785082,1
9322,617,Spain,Male,33,9,84519.573377946,2,1,0,133158.1456826044,0
9323,657,Spain,Female,45,10,114484.14555786975,1,1,0,128033.10016283432,1
9324,520,France,Female,41,6,139651.6245286619,1,1,1,189203.26750183897,0
9325,534,France,Female,37,7,76972.72724445633,1,1,0,166709.31299241097,1
9326,678,France,Male,27,6,118583.54536233594,2,1,0,113384.20090091154,0
9327,586,France,Male,44,0,0.0,1,0,1,31528.97379052838,0
9328,735,France,Female,41,3,0.0,4,0,0,20540.58440208694,1
9329,668,Spain,Female,22,9,115845.88802777359,3,1,1,181514.65308475666,0
9330,698,Spain,Female,28,8,87665.94017135042,2,1,1,100121.19991461145,0
9331,762,Germany,Male,18,6,120119.30719865527,2,0,1,131952.63777977595,0
9332,625,France,Male,24,0,163899.6993772621,2,1,0,146080.83758180647,0
9333,604,Germany,Male,34,7,94640.99758076805,2,1,1,115518.6202914629,0
9334,719,France,Male,27,3,118373.36729938815,1,1,1,173690.87983415124,0
9335,690,France,Male,29,6,0.0,1,1,1,21395.896961633844,0
9336,635,Germany,Female,51,5,160893.1126004849,1,1,1,155231.46636856106,1
9337,761,Spain,Female,48,6,0.0,1,1,0,154843.9722888858,1
9338,633,France,Male,31,9,0.0,2,0,0,54080.23402866429,0
9339,652,Spain,Female,45,9,134919.21764973158,2,1,1,32903.5768841056,0
9340,651,Germany,Female,50,0,60289.57918779304,2,1,0,131292.48340440527,1
9341,575,Spain,Female,44,5,137586.67753912727,1,0,0,73175.02861073258,1
9342,656,Germany,Female,40,2,100125.38731359963,2,0,0,12906.236121028192,1
9343,761,Germany,Male,48,9,117891.13576025679,1,1,0,93470.56873542698,1
9344,685,Spain,Male,45,3,90027.36750619196,2,1,0,131322.08264640492,0
9345,652,Spain,Male,25,0,205184.15793628816,2,1,1,184353.49143362066,0
9346,637,France,Female,36,9,0.0,1,1,0,92233.17744422883,0
9347,676,France,Female,32,7,148993.71739832644,2,0,1,37380.06852378437,0
9348,709,Spain,Male,49,1,108718.92609386404,1,0,0,91807.94851023545,0
9349,698,Germany,Female,32,2,115661.39958629738,1,1,0,155200.86932767986,1
9350,623,France,Male,30,6,62272.57978662959,1,1,0,28412.982452749002,0
9351,675,Germany,Female,48,1,129450.11215518755,2,1,1,45272.67398862862,0
9352,688,France,Male,40,3,0.0,1,0,1,62080.27912650733,0
9353,569,Spain,Male,59,6,0.0,2,1,1,96721.82664909081,0
9354,663,France,Male,29,2,98220.30444836976,1,1,1,184208.631568249,0
9355,477,France,Male,32,1,0.0,1,1,1,155334.79333713307,0
9356,688,Germany,Female,49,7,0.0,2,1,0,128519.88880829216,1
9357,702,France,Male,25,1,144277.07471178687,2,1,1,163414.62016657702,0
9358,709,France,Female,51,9,78088.84029581968,2,1,1,177756.9381752261,0
9359,618,Spain,Male,25,6,132400.15974735486,1,1,1,97867.01887837499,0
9360,674,Spain,Male,44,10,119573.85588994331,1,1,1,151008.73436580648,0
9361,763,Germany,Female,19,2,0.0,2,1,1,185725.04775643485,0
9362,763,Germany,Female,38,3,57631.982580439384,1,0,0,111080.78642315118,1
9363,647,France,Male,24,5,0.0,2,1,1,155026.93350122188,0
9364,661,Spain,Female,57,10,171957.76382499794,2,0,0,196636.53816684568,1
9365,738,Spain,Female,27,2,97832.96940219465,2,0,0,99769.1189806013,0
9366,529,Germany,Male,29,0,0.0,1,1,0,137694.06811819173,1
9367,624,Germany,Female,43,7,102975.73923462545,2,1,1,94860.18071064196,0
9368,756,Spain,Male,31,3,0.0,2,0,0,145977.89528528356,0
9369,728,Spain,Male,44,0,99775.98708205076,1,1,1,83717.54684575235,0
9370,679,France,Female,30,1,0.0,2,0,1,34243.750627266076,0
9371,529,France,Male,30,5,154598.13622407266,1,1,1,178750.5300306516,0
9372,646,Spain,Male,37,0,78005.18712498018,1,1,0,145131.21143036967,0
9373,602,Spain,Male,25,8,100274.15853464424,1,1,0,199041.29677469493,0
9374,676,Spain,Female,41,6,0.0,1,1,1,148090.73864420175,0
9375,585,Spain,Female,46,7,103974.25892208643,1,1,0,170561.54609750386,1
9376,567,France,Male,43,7,137457.75097311952,2,1,0,191780.54934535405,0
9377,484,Spain,Female,44,5,126006.09297871297,2,1,0,21257.15384275082,1
9378,747,France,Male,18,7,157890.19305445504,1,1,0,172809.54088298988,0
9379,618,France,Female,33,6,0.0,1,1,1,31056.89371653234,0
9380,662,France,Female,35,0,127383.76207268114,1,0,1,176944.68124740018,0
9381,649,Germany,Female,52,2,0.0,2,0,0,156904.17910858922,1
9382,564,France,Male,32,8,0.0,2,1,1,98526.28029326834,0
9383,549,Germany,Female,18,7,0.0,2,1,1,164484.57680845817,0
9384,569,France,Male,27,4,161249.54852005848,1,1,1,86365.52597851698,0
9385,592,France,Female,31,0,102980.59701514106,1,0,0,148417.26866207915,0
9386,679,Germany,Male,18,1,138968.61861637747,2,0,0,47650.18018456805,0
9387,586,Spain,Male,47,9,95975.12494069916,2,1,1,23520.82208495141,0
9388,789,France,Male,22,9,164941.07632490745,2,1,1,136461.44219419576,0
9389,732,France,Male,42,8,0.0,1,1,1,88540.0470060981,0
9390,714,Germany,Female,27,9,116928.54059487904,2,1,0,51927.6881323911,0
9391,640,France,Female,53,7,0.0,2,1,1,40826.89048420094,0
9392,771,Spain,Male,35,8,0.0,1,0,1,176112.04332135944,0
9393,632,France,Male,33,1,118330.9963523183,1,1,0,76153.48106610126,0
9394,647,France,Male,43,2,70463.67054134078,1,1,1,167100.37218614123,0
9395,663,France,Female,27,2,0.0,1,1,0,42892.60906528268,0
9396,706,Spain,Male,43,0,150566.0450911986,2,1,0,97515.89909500215,0
9397,700,Spain,Male,33,1,0.0,3,1,0,93062.59733188814,1
9398,611,France,Male,32,9,140933.5702553328,2,1,0,53809.81930174455,0
9399,607,Germany,Female,37,4,73050.64441417002,2,0,0,47327.758137462944,1
9400,701,Germany,Male,27,6,98549.57765319564,2,1,1,104051.11960895591,0
9401,707,Germany,Male,36,5,0.0,2,1,0,96423.97015351508,0
9402,618,France,Female,41,1,128680.76512195928,1,1,0,159021.48463361553,1
9403,523,France,Male,18,7,120764.11714101862,1,0,0,100028.40941280327,0
9404,633,Germany,Male,48,3,0.0,2,1,1,72994.69372402367,0
9405,699,France,Male,46,10,98151.6919840766,1,1,1,101345.02756764009,0
9406,794,France,Female,19,1,0.0,2,1,1,184414.10220919576,0
9407,554,Germany,Male,18,3,0.0,2,1,1,38313.51413579357,0
9408,615,France,Male,46,7,0.0,3,1,1,184127.38333761165,1
9409,618,France,Male,45,0,0.0,2,1,1,142595.87606464265,0
9410,758,France,Female,44,10,131697.75292323792,2,0,1,136441.10061420227,0
9411,647,Germany,Male,23,8,140344.35741153744,2,0,0,92262.28560578749,0
9412,577,France,Female,56,7,136231.49552755454,1,0,0,78556.61219132566,1
9413,694,Germany,Female,30,7,106372.14541478577,1,0,0,151882.874030698,1
9414,617,Spain,Female,40,9,160529.27809794212,1,1,0,125937.94908187448,1
9415,552,Spain,Female,40,8,126017.84634308466,2,1,1,133970.88567531505,0
9416,578,France,Male,53,6,0.0,2,1,0,127700.65320982787,1
9417,788,France,Male,39,10,0.0,1,1,0,21297.939695813955,0
9418,680,Spain,Male,42,8,170515.61498405848,1,1,0,107993.72389600963,0
9419,658,France,Female,37,0,109292.07839262183,2,1,0,78633.74907494774,0
9420,630,Germany,Female,26,0,156453.73113393757,1,0,1,162359.80819753106,0
9421,673,France,Female,18,3,0.0,2,1,0,121852.15046631689,0
9422,672,Spain,Male,38,1,180583.57109121993,1,1,0,92733.20590110606,0
9423,673,France,Female,23,7,0.0,2,1,0,198630.32096309573,0
9424,659,Germany,Female,41,0,106691.4195740597,2,1,1,137948.21567352331,0
9425,719,France,Female,39,3,149483.99444694314,1,1,1,177653.06980925295,0
9426,651,France,Female,39,10,154661.13371070134,1,1,0,185109.58412728904,0
9427,571,Germany,Female,27,10,139026.16831222785,3,1,1,151112.47692412024,1
9428,601,Spain,Male,48,8,128186.59728462157,2,1,1,89717.95529188922,0
9429,491,Spain,Male,42,1,167481.27646553126,1,1,1,103545.59113981707,0
9430,812,Spain,Male,26,5,0.0,1,1,0,40042.27669474465,0
9431,719,Spain,Male,58,3,0.0,1,0,0,127114.11960746796,1
9432,583,France,Male,35,3,125516.51065174305,1,1,1,107338.31354358836,0
9433,627,France,Female,24,5,0.0,1,1,1,50660.12580760879,0
9434,599,Germany,Female,30,9,135987.0112099374,2,1,0,17794.504972959323,0
9435,773,France,Male,22,3,0.0,1,0,1,175118.0517910509,0
9436,536,Spain,Male,51,8,159187.16854727358,1,1,0,15799.39610892879,1
9437,659,France,Male,48,7,94090.1259016223,1,1,1,82307.38291745771,0
9438,641,France,Male,45,7,91384.70658592296,2,1,1,116399.69251660682,0
9439,716,France,Male,43,4,114417.78300355139,2,1,1,110564.9850818967,0
9440,641,Spain,Female,50,5,158487.79255662684,1,1,0,111456.8140258119,1
9441,509,Spain,Male,35,0,111614.16288655475,1,0,1,53081.69122483125,0
9442,629,France,Male,42,0,119470.44315346316,1,1,1,72916.40994956883,0
9443,572,France,Male,29,8,0.0,1,1,1,11138.078086887786,0
9444,656,Germany,Female,36,3,109672.5107698932,1,1,1,185739.56698859017,0
9445,764,France,Female,42,2,39789.475672346685,3,1,0,125077.4603130644,1
9446,510,Germany,Male,18,4,118147.43105453436,1,0,1,165526.9410271378,0
9447,585,Germany,Female,31,8,113887.23652991676,2,0,1,147233.3916286276,0
9448,605,Germany,Female,39,8,107394.54574578008,1,1,1,117051.47838129,0
9449,619,Germany,Male,37,2,117885.86336872658,3,0,1,107585.75574618264,1
9450,709,France,Male,33,6,117676.70537343423,2,1,1,94835.98716707995,0
9451,636,Germany,Male,43,2,104178.16533079399,2,1,0,115042.13570695843,1
9452,683,Germany,Male,30,2,114109.13885874227,1,1,0,48392.62274781581,0
9453,599,Germany,Female,25,3,136988.70815519767,1,1,1,85187.21438688574,0
9454,668,France,Male,49,1,158796.07338712312,2,1,0,114686.45417807435,0
9455,712,Germany,Male,48,5,102886.87065659504,2,0,0,149378.10093786818,1
9456,591,Germany,Male,32,4,153712.399784941,2,1,0,159331.16584982682,0
9457,712,Germany,Male,37,9,0.0,1,1,1,173855.9486449922,0
9458,654,France,Female,46,9,0.0,2,1,0,76494.57451569203,0
9459,733,France,Male,38,1,135365.6305930405,2,1,1,122083.58555564891,0
9460,633,Germany,Male,43,9,0.0,1,0,1,112057.0019727638,0
9461,680,Spain,Female,42,1,138316.96010293596,1,1,0,86407.95538690446,0
9462,646,France,Male,34,1,101460.86139172432,1,0,0,73832.43366613908,0
9463,642,Germany,Male,43,3,80740.5751689878,2,1,0,11808.937669770621,1
9464,670,France,Male,28,2,65671.95841337647,1,1,0,43672.54917643614,0
9465,692,France,Male,41,8,0.0,2,1,0,36098.54003595091,0
9466,550,France,Male,37,4,0.0,1,1,1,67080.58443836667,0
9467,764,France,Male,34,0,0.0,1,1,0,78376.99235296226,0
9468,501,France,Male,25,1,0.0,1,1,1,63143.99003633303,0
9469,595,France,Female,39,6,166665.33788283356,2,0,1,160585.75501464208,0
9470,642,France,Male,38,7,133949.62838161652,2,1,0,47665.77140968864,0
9471,682,Spain,Female,29,5,0.0,1,0,0,60008.3252244822,0
9472,776,Germany,Male,22,6,175766.41669596976,3,0,1,105544.43758928536,0
9473,501,Spain,Female,21,1,105971.85230621728,3,0,0,64031.344027544095,1
9474,609,France,Female,35,5,99094.24021312925,1,1,0,180213.97721507607,0
9475,479,France,Male,41,5,157694.99392786276,2,1,1,126287.25047370925,0
9476,652,Germany,Female,56,3,66244.10662648814,1,1,1,74047.56925498834,1
9477,671,Germany,Female,37,10,91330.43168567444,4,1,1,95933.35022390046,1
9478,777,France,Male,21,3,100322.59050419445,1,1,1,90306.78923818351,0
9479,659,France,Female,35,1,0.0,2,0,0,179200.34985099177,0
9480,733,Spain,Male,50,2,123668.23888495886,1,0,0,121010.73869737424,0
9481,696,Germany,Male,31,9,178345.50181752403,2,0,0,80627.04328868775,0
9482,615,France,Female,49,5,111426.47839704547,2,1,1,104102.96215903506,0
9483,537,Spain,Male,39,3,0.0,2,1,1,78900.9386801039,0
9484,672,Spain,Female,44,2,76156.87734822172,1,0,0,156085.25179770423,1
9485,530,Germany,Female,56,0,134320.10847287884,2,0,1,13553.154691153048,1
9486,753,France,Female,19,10,119155.7976102214,2,0,1,104592.11510311271,0
9487,637,Germany,Male,46,10,146899.74618657443,1,1,0,56981.896484181816,1
9488,745,France,Female,37,10,0.0,1,1,0,54145.77107874659,0
9489,611,Spain,Male,28,2,0.0,4,1,0,45156.067058735025,1
9490,671,Spain,Male,36,0,88829.14001678766,2,1,0,105107.5186671136,0
9491,666,France,Male,54,3,93449.29816239486,1,1,1,30255.17135862948,0
9492,646,Spain,Female,51,3,0.0,2,0,1,108732.95946912617,0
9493,615,France,Male,18,10,0.0,1,1,0,124622.51233525331,0
9494,681,France,Female,30,0,77803.39882216776,2,1,0,180739.5530534426,0
9495,575,France,Male,47,6,0.0,2,1,1,155439.19891859897,0
9496,553,Spain,Male,37,4,106951.74867930019,2,1,0,133437.79831716197,0
9497,749,France,Female,37,0,133879.33239949663,1,1,0,163305.18040944534,0
9498,708,Germany,Male,22,4,113147.35413295688,2,0,0,76799.49031105237,0
9499,655,France,Male,30,6,0.0,2,0,0,111098.20255464368,0
9500,783,France,Female,24,5,0.0,2,1,1,26247.165201211646,0
9501,628,France,Male,21,9,122847.60943770547,1,0,0,109290.04966323353,0
9502,755,Spain,Female,25,4,0.0,1,1,1,83894.03946149805,0
9503,664,France,Male,28,7,36010.379500557785,1,1,0,183466.47084215464,0
9504,568,France,Male,30,8,108584.17673664298,1,0,1,67324.90740938648,0
9505,797,France,Male,29,0,113712.84548763465,1,1,1,140472.55685112486,0
9506,729,France,Male,48,5,133798.44297819966,1,1,1,140648.80047854286,0
9507,640,Germany,Female,28,1,163679.6161967133,2,1,0,145505.78615579277,0
9508,708,Spain,Male,52,7,90430.9617499487,2,1,0,139382.37018147242,0
9509,617,France,Female,33,4,97116.12129410151,1,0,1,177682.6269979041,0
9510,716,France,Male,42,0,0.0,3,1,1,123232.0212880165,0
9511,458,Germany,Male,42,4,0.0,2,1,0,172523.80691604866,1
9512,568,France,Female,29,9,128293.55455993077,1,1,0,137985.64305094915,0
9513,728,Germany,Female,34,4,86655.88943544967,1,0,1,177442.8078012457,0
9514,630,France,Female,32,1,0.0,1,1,0,148457.5591619489,0
9515,666,France,Female,41,3,112908.68217094142,4,1,1,96963.28330423046,1
9516,542,Spain,Male,36,5,0.0,1,1,1,61407.94414453118,0
9517,797,Germany,Female,30,0,0.0,1,0,1,182727.56536500755,0
9518,745,France,Male,39,10,104854.40438845089,2,1,0,35102.19240339947,0
9519,633,France,Male,41,8,114563.59534544627,1,1,1,175215.8195191967,0
9520,617,France,Female,56,6,0.0,1,0,1,133923.39627749,1
9521,732,Germany,Male,38,5,107968.13408597247,1,1,1,125940.72166224952,0
9522,808,Spain,Female,38,0,118911.82906408863,2,1,0,111901.70896329716,0
9523,726,France,Male,42,7,177323.99842325307,2,1,1,65552.72071210509,0
9524,823,France,Male,28,7,151734.6657975668,2,0,1,125504.88471598593,0
9525,576,France,Male,20,3,0.0,1,1,0,100533.28772467231,0
9526,584,France,Female,34,3,157642.41146898703,2,1,0,85865.46757388709,0
9527,554,France,Male,48,0,87399.14918546077,2,0,1,131839.75142154368,0
9528,685,Spain,Male,50,8,146571.43677862608,1,1,0,25552.22025790035,1
9529,664,France,Female,19,7,0.0,2,1,1,124947.06270309843,0
9530,637,France,Male,44,9,0.0,1,1,1,199546.1042199942,0
9531,714,Spain,Male,18,6,0.0,1,1,1,18119.229645396015,0
9532,748,France,Female,42,1,122197.14757498428,2,1,0,100161.0286318877,0
9533,527,France,Female,41,6,141413.21666759969,1,1,0,96192.10201316574,1
9534,602,France,Male,20,3,142169.23735647224,2,1,1,24055.520084388932,0
9535,715,France,Female,48,2,164112.70100182566,2,1,1,103688.77844996467,0
9536,612,Germany,Male,55,10,119203.35458339452,2,1,1,38526.16987874164,1
9537,586,Spain,Male,37,9,0.0,1,1,1,166206.583015795,0
9538,731,France,Female,39,3,154658.07883208094,1,0,1,181056.44315855682,0
9539,546,France,Female,52,9,84546.09094302637,2,1,1,166571.7377581991,0
9540,625,France,Male,26,5,0.0,2,1,0,186350.1236006316,0
9541,676,Spain,Male,26,6,0.0,1,1,0,132985.05452103828,0
9542,604,Spain,Male,29,1,0.0,1,1,1,170280.60983896418,0
9543,712,France,Male,38,6,0.0,1,1,0,104852.89487438771,0
9544,604,France,Female,38,9,0.0,2,0,1,160135.0977206964,0
9545,762,France,Male,32,1,0.0,1,1,1,189845.50981586927,0
9546,639,Spain,Male,34,10,120396.76356999813,1,1,1,82329.52918027536,0
9547,703,Germany,Female,32,1,0.0,2,1,0,168490.5782705576,0
9548,709,Germany,Female,33,0,157561.22894340035,2,1,1,100081.41038568022,0
9549,599,France,Male,30,10,147170.48642479256,1,0,0,126428.53573829489,0
9550,485,Spain,Female,30,6,144374.08536515164,2,1,0,177726.55864047096,0
9551,678,Spain,Female,18,0,93362.24329769751,2,1,0,177368.99778893802,0
9552,655,Germany,Male,35,2,177413.68548718965,1,1,0,151010.50513838857,1
9553,694,France,Female,18,10,110178.83704304622,2,1,1,69377.51773755171,0
9554,631,Spain,Female,45,7,0.0,1,1,1,26445.281959783795,0
9555,615,France,Male,32,0,97599.36356875506,1,1,1,197486.21602915227,0
9556,810,Spain,Male,36,5,56217.15385172097,1,1,0,118012.6219935492,0
9557,532,France,Female,34,1,133646.90969383664,2,0,0,31014.47042623933,0
9558,708,Germany,Male,35,8,66369.71779234521,1,1,0,192287.32492645053,1
9559,604,Germany,Male,50,1,76813.09177617924,4,1,1,96880.65918307233,1
9560,623,France,Male,24,5,172720.8801892052,2,0,1,192831.20961857197,0
9561,624,Spain,Female,21,3,164474.82803976577,1,1,0,79384.22600738212,0
9562,585,France,Male,39,8,0.0,2,1,0,182776.0279990162,0
9563,695,France,Male,33,0,89829.80548272541,1,1,1,172135.07473865798,0
9564,761,France,Male,41,0,145472.01887540662,1,0,1,99539.06357170409,0
9565,687,France,Female,45,9,70806.0474839944,2,0,0,69345.00669133088,0
9566,658,Germany,Male,26,2,104989.88151576687,1,0,1,150692.34470006387,0
9567,571,France,Male,44,10,111093.81418277524,1,0,0,171579.097522029,1
9568,691,Spain,Male,27,5,76876.70108411575,2,1,1,18107.795965754704,0
9569,822,Germany,Male,38,2,86898.91373635465,1,1,1,52719.49675318872,0
9570,619,Germany,Male,25,6,0.0,1,0,0,91680.63137837341,0
9571,619,Germany,Female,39,8,132935.8101926215,2,1,1,49496.39261372248,0
9572,605,France,Female,37,9,0.0,2,0,0,61548.43299385359,0
9573,610,Germany,Female,26,1,0.0,2,1,1,107803.96714261522,0
9574,430,France,Male,24,3,144680.89692429363,1,1,0,82751.59102051653,0
9575,682,Germany,Male,45,2,0.0,1,1,0,187546.80380140134,1
9576,582,Spain,Female,33,5,130115.57139585158,2,1,1,169953.42353653986,0
9577,521,Germany,Male,48,4,161261.06679539153,2,1,0,49561.19664968488,1
9578,710,France,Female,32,2,148672.95627894002,2,0,1,190161.38413852386,0
9579,563,Spain,Female,51,8,0.0,2,1,1,51220.302461080806,0
9580,622,Germany,Female,28,7,0.0,1,1,0,123341.55344914946,1
9581,767,Germany,Male,52,2,148661.1458417492,2,1,1,68309.64831189123,0
9582,537,France,Male,39,9,0.0,2,1,1,64093.758907170326,0
9583,527,Germany,Male,41,4,0.0,2,0,1,112657.15497579769,0
9584,671,France,Female,27,4,0.0,1,1,1,189912.54534098608,0
9585,741,Spain,Female,45,4,121818.84293507345,2,1,0,89589.75126088438,0
9586,524,Spain,Female,45,7,127684.31949871506,2,0,0,63454.16986315877,0
9587,682,France,Male,34,2,125090.79261600459,1,0,1,57557.77679162178,0
9588,696,France,Female,18,2,92230.06605932096,2,1,0,68725.24587766053,0
9589,485,Germany,Female,26,7,91902.53235540925,1,1,0,94484.90595489349,1
9590,713,France,Male,26,8,143681.73456094094,1,0,1,175896.4261704343,0
9591,720,France,Male,42,4,118387.17970482641,1,1,1,69806.45652541824,0
9592,625,Germany,Female,33,9,72717.83369298294,3,1,0,61759.63926661204,1
9593,750,Germany,Male,33,7,91715.83247797689,1,1,1,119099.0615743291,0
9594,740,Spain,Male,32,4,73071.24452590823,1,0,0,122322.6447256015,0
9595,658,France,Male,52,3,130813.88382858297,2,1,0,94675.60022269716,0
9596,613,France,Female,38,1,131267.50299004922,2,1,1,46215.099800358235,0
9597,572,Spain,Male,39,10,0.0,1,1,1,46307.39844126878,0
9598,646,Spain,Male,31,3,0.0,2,1,1,108835.17605872585,0
9599,695,Spain,Female,37,1,128365.04314593412,1,0,0,64130.79872732109,0
9600,624,Germany,Female,28,6,101883.67551749414,1,1,1,39077.3907222404,0
9601,474,France,Female,41,6,0.0,2,0,1,15020.92034788943,0
9602,751,France,Male,26,8,141863.72565333068,1,1,0,35514.5870234084,0
9603,665,Germany,Female,45,3,114113.57386560991,1,1,1,167919.67275657374,1
9604,619,Spain,Female,30,4,52342.12595193437,2,0,1,39607.65962794691,0
9605,718,Spain,Female,47,10,113554.17605931508,1,1,1,10514.540742432087,0
9606,771,Germany,Male,57,3,0.0,2,0,0,84358.6937420154,1
9607,425,Germany,Male,38,3,130634.72453044911,1,1,0,186349.70948586927,1
9608,684,Spain,Male,51,4,122257.55476835024,1,1,0,109089.69466514759,1
9609,535,France,Female,45,2,128365.50592455725,1,0,1,11954.386925202352,0
9610,689,Germany,Female,23,8,0.0,1,1,1,144762.01593438003,0
9611,660,Spain,Male,39,6,0.0,2,0,1,86132.02742550406,0
9612,700,France,Male,43,0,69333.6602401243,1,0,1,156061.5505245201,0
9613,610,Spain,Male,43,0,84795.82608212036,2,0,0,123400.5599002921,0
9614,500,France,Male,39,0,157075.26234769498,2,0,0,36498.38341516553,0
9615,613,Germany,Female,39,2,111383.5283794743,2,1,1,99657.7469128447,0
9616,682,France,Female,38,8,0.0,2,1,1,115492.05681413575,0
9617,731,Germany,Male,39,7,54285.29729215297,1,1,1,105078.62909179147,0
9618,556,Germany,Male,25,8,115481.23348514455,1,1,0,159652.6681929423,0
9619,732,Germany,Male,35,4,181585.04768697027,2,0,1,171427.38457998386,0
9620,598,Spain,Female,23,6,116438.39677178836,2,0,1,136661.2855429145,0
9621,678,Germany,Male,33,9,132678.7943996831,2,1,1,17091.814400392803,0
9622,609,France,Female,32,8,0.0,2,1,0,76970.77838885743,0
9623,664,France,Female,31,4,107443.96745750391,2,1,0,80082.9813508273,0
9624,721,Germany,Male,27,7,111143.5532835355,2,1,0,52271.91226061124,0
9625,551,France,Female,40,7,0.0,2,1,1,91249.63795840237,0
9626,595,France,Female,34,2,97509.07899226958,1,1,1,45665.62172595228,0
9627,664,France,Male,33,4,0.0,1,0,1,153559.7937848229,0
9628,842,France,Male,23,7,58510.13250618655,1,1,0,168540.02867269845,0
9629,580,Germany,Female,35,9,176774.9088661732,1,1,1,187534.0608914207,0
9630,813,Spain,Male,49,2,0.0,1,1,0,12683.486820415717,0
9631,810,France,Male,49,2,0.0,2,1,1,112371.30262630351,0
9632,642,Germany,Male,41,5,104270.24194972997,1,1,1,49727.49389631367,0
9633,626,France,Male,35,6,87480.94645853135,2,1,0,110847.69142997162,0
9634,594,Germany,Male,43,6,91013.49524957578,2,0,1,23448.04237563282,0
9635,644,France,Female,31,5,112894.62830422941,2,1,0,155401.1478397828,0
9636,537,Spain,Female,35,6,0.0,1,0,1,66030.0625950546,0
9637,643,France,Female,30,6,0.0,2,0,0,117668.86076616311,0
9638,769,France,Female,47,3,0.0,1,0,0,161346.61267101974,0
9639,601,Germany,Female,45,7,93270.97241498242,1,0,0,92488.28420860438,1
9640,630,France,Female,37,7,0.0,1,0,0,198640.60517080923,0
9641,513,Germany,Male,55,1,88863.623136752,1,1,1,162985.77745671445,1
9642,679,Spain,Female,42,9,0.0,1,0,1,90491.22612041813,0
9643,671,France,Male,41,4,134449.39914927707,2,1,0,143875.9767107373,0
9644,655,Spain,Female,40,1,151721.77206551528,1,0,1,137234.14756245312,0
9645,632,France,Female,25,2,126705.34380779865,1,1,1,18246.263369428903,0
9646,626,Spain,Female,29,2,108610.04358185054,1,0,1,80441.95268111597,0
9647,690,Germany,Male,37,4,127790.81269993262,1,1,1,109858.77044884328,0
9648,647,France,Male,37,7,106445.88824480752,2,1,0,88856.15810148661,0
9649,675,Spain,Male,43,2,110818.04630145329,2,0,1,44568.68282505718,0
9650,667,France,Male,31,6,143787.13285550466,3,1,0,135694.22576141084,1
9651,739,Spain,Male,38,4,133239.74114330084,1,1,1,197712.71763149364,0
9652,704,France,Male,38,9,114262.83956452065,1,1,0,74732.74814689395,0
9653,665,France,Female,39,9,113557.80790197232,2,1,1,192415.36800483442,0
9654,771,Germany,Male,38,9,0.0,1,0,0,153729.88970543625,1
9655,683,France,Female,23,3,159612.96066400092,1,0,1,72360.02779387061,0
9656,754,Spain,Male,18,1,152310.7658099801,2,1,0,89737.06579655943,0
9657,698,Spain,Male,28,5,154556.34051223242,1,1,1,129135.36928884797,0
9658,502,Spain,Female,32,3,0.0,2,0,0,152077.2250892196,0
9659,754,Spain,Female,26,3,0.0,1,1,1,151909.19070652066,0
9660,660,Spain,Male,37,4,130758.22340450446,2,1,0,131813.4834972131,0
9661,645,France,Female,48,8,133970.2221196472,1,1,1,31364.47286950482,0
9662,672,Germany,Female,45,0,88644.15585384416,2,1,1,172291.6729736482,0
9663,622,Germany,Female,42,4,176867.79182593914,2,1,1,60776.34281690565,0
9664,668,France,Female,47,4,48201.34679460271,2,1,1,43306.16787254829,0
9665,602,France,Female,28,1,84994.43080459855,2,0,1,50305.1044654734,0
9666,751,Germany,Female,33,2,71383.18932373959,2,1,1,17682.44489858936,0
9667,640,Germany,Female,44,3,114964.2013391053,2,1,1,149797.04713840786,0
9668,619,Germany,Female,33,0,126832.82785503058,1,1,0,19862.617554975288,1
9669,576,Germany,Female,33,9,120161.16672695063,1,0,1,17941.61015028593,0
9670,671,France,Female,56,2,65763.58014872574,1,1,1,10304.323281171131,0
9671,664,Germany,Male,38,0,140009.39622038248,2,1,1,10900.479885221102,0
9672,681,Germany,Male,55,0,110346.34070597928,1,1,0,139193.9522993117,1
9673,567,France,Female,19,8,121941.88397366898,1,0,0,104119.05129438842,0
9674,521,France,Female,31,3,189010.89328277134,1,1,0,137740.63400835783,0
9675,700,France,Male,42,3,112239.32223213906,1,1,1,54034.33710524249,0
9676,768,Spain,Male,38,3,121682.00222502636,4,0,1,146698.07381088167,1
9677,567,France,Female,18,10,95274.12856210407,1,1,0,69198.0479125318,0
9678,777,France,Male,35,8,0.0,1,1,1,104448.00684912794,0
9679,672,France,Male,62,10,0.0,2,1,0,173869.59452482068,1
9680,649,France,Male,40,7,0.0,2,0,0,22294.55825792002,0
9681,618,France,Female,44,3,111180.29872400677,2,1,1,172496.30809238556,0
9682,539,Germany,Male,31,5,117056.92904182902,2,0,1,72986.46483268039,0
9683,729,France,Male,40,1,181612.20770042506,1,0,0,56670.85202894923,0
9684,587,Germany,Female,37,5,139053.26657702297,1,1,0,171273.9024573777,1
9685,587,Germany,Female,49,0,0.0,2,0,1,142050.13146670253,1
9686,729,Germany,Male,48,4,0.0,1,1,1,66238.62644942041,0
9687,499,Spain,Male,42,7,119331.16797444229,1,1,0,142401.80066810123,1
9688,528,France,Female,38,0,123993.77160929436,1,1,0,181662.32145639317,1
9689,648,France,Female,21,10,0.0,2,0,0,175392.19691527457,0
9690,673,France,Male,20,1,0.0,4,1,0,163185.9800402414,1
9691,688,Germany,Male,38,2,119348.54437559756,1,1,1,199383.15309497932,0
9692,625,France,Female,46,6,110702.8649242433,2,1,0,42085.004368240785,0
9693,850,Spain,Female,51,7,0.0,2,1,1,152387.81368659396,0
9694,631,Germany,Male,29,3,0.0,1,1,1,65941.02452904722,0
9695,631,Germany,Male,22,7,167136.90051908063,2,1,1,187055.37672019817,0
9696,586,Germany,Male,47,0,115012.02989434896,2,0,1,25288.84945160095,0
9697,659,Spain,Male,29,2,81883.64191650614,2,1,1,136855.37417509741,0
9698,699,France,Male,22,3,142107.73120054766,2,1,1,48377.94265797152,0
9699,746,Spain,Male,33,4,0.0,2,1,1,198198.23252748672,0
9700,530,France,Female,32,10,68248.04716364044,1,0,0,108732.28314545647,0
9701,630,Germany,Male,51,8,0.0,2,1,1,111291.70652936367,0
9702,685,Spain,Female,46,1,112351.11903755282,2,0,0,110191.88387411137,0
9703,696,France,Female,30,6,135839.5487029009,2,1,1,154177.05091682106,0
9704,650,Germany,Female,51,2,0.0,1,0,1,194565.98055468162,1
9705,693,France,Female,39,9,133772.75980109774,1,0,0,192518.98233318937,0
9706,585,Germany,Female,48,1,0.0,2,1,0,54328.56848273903,1
9707,774,Germany,Female,51,8,0.0,1,1,0,116162.45469195617,1
9708,729,Germany,Male,35,2,0.0,2,0,1,113716.3415668991,0
9709,542,France,Male,43,7,117303.96094906845,2,0,0,33661.69586417629,0
9710,563,France,Male,33,0,118232.6607975805,2,0,1,142452.18956989143,0
9711,566,Germany,Male,47,4,105777.37233037622,1,1,0,154229.52563607186,1
9712,704,Germany,Male,38,4,105102.98709295051,1,1,1,175168.4571231058,0
9713,547,France,Female,47,5,117894.27090177001,2,1,0,149750.8733358254,1
9714,623,France,Male,53,6,149567.15401511485,2,1,0,32547.853018118938,0
9715,686,France,Female,43,2,116290.22563261144,1,0,1,184602.98081205593,0
9716,644,Germany,Male,37,4,0.0,1,1,1,50070.413251876074,0
9717,670,France,Female,37,7,161244.0214055148,2,1,1,125820.76564193735,0
9718,564,France,Male,18,5,149506.96982090123,1,1,1,132529.21209971647,0
9719,697,Spain,Female,30,1,0.0,1,1,0,38880.14033925836,0
9720,600,France,Male,47,6,0.0,2,1,0,75228.94192433142,0
9721,624,Germany,Female,47,2,55802.525262109055,3,1,1,66967.67302394041,1
9722,669,France,Male,30,9,148386.96769610565,2,0,1,144861.51235034136,0
9723,658,France,Female,39,8,28494.12596905236,1,1,0,128749.09304541448,0
9724,651,Spain,Male,36,3,102365.14864732847,1,1,1,90263.09936208131,0
9725,589,France,Female,44,10,101967.62625370253,1,1,0,41421.858049130824,1
9726,626,France,Female,60,3,127149.32170805585,1,1,1,150413.2919149758,1
9727,650,France,Female,45,3,108645.33772363637,2,0,1,188395.7001197709,0
9728,539,France,Male,31,9,67859.67271149837,2,1,1,119640.31724348746,0
9729,612,Germany,Female,37,9,0.0,1,0,1,183290.5000336428,0
9730,681,France,Male,52,7,137594.82462183372,2,1,1,164091.78429750437,0
9731,547,Germany,Male,23,0,0.0,2,1,1,190529.325916534,0
9732,742,Spain,Male,31,2,85160.31046751358,4,1,0,74463.27857619332,1
9733,751,France,Male,45,7,131739.04062451367,1,1,1,130107.55947906409,0
9734,550,France,Female,50,6,115621.91567182697,1,1,0,53405.98555583689,1
9735,758,Spain,Male,44,5,117900.17648797494,2,1,0,150206.70930573746,0
9736,638,France,Male,31,6,122136.87158316228,1,0,1,196991.07313807285,0
9737,683,France,Female,43,0,0.0,1,1,0,71102.5017834818,0
9738,610,France,Female,42,7,58131.62641793071,2,0,0,22454.12428170156,0
9739,723,Spain,Female,41,3,105152.3698768626,1,1,0,194936.65833765123,0
9740,682,Spain,Female,37,0,154791.0686868752,1,1,1,15925.510322841292,0
9741,584,France,Female,38,3,87702.0979322491,1,1,1,79199.85809390341,0
9742,556,Spain,Female,28,1,155131.14855723327,1,1,1,116351.76084327923,0
9743,533,Germany,Female,62,4,0.0,2,0,1,158567.4068465608,1
9744,665,France,Female,39,0,190630.40839542387,2,1,1,51144.34346301846,0
9745,695,Germany,Male,43,0,128009.11595304508,1,1,1,20271.92417396261,0
9746,702,Spain,Female,35,4,103365.58976125444,2,1,0,142411.94536941557,0
9747,640,Germany,Female,46,1,82973.82532322434,2,1,0,28450.956851667197,1
9748,557,France,Male,25,8,136411.4373782159,1,0,1,56332.98657131459,0
9749,595,Germany,Female,20,9,108626.3965105258,1,1,1,60875.046178668126,0
9750,742,Spain,Female,37,6,0.0,2,1,1,169179.45952495513,0
9751,611,Spain,Male,58,3,0.0,1,1,1,120100.41578354673,0
9752,661,Spain,Male,50,6,100132.2107153092,3,0,0,95821.19073661791,1
9753,563,France,Female,29,7,96556.99173747672,1,1,1,14872.38992217435,0
9754,676,Germany,Male,43,7,100603.88014537649,2,1,1,106542.01449058668,0
9755,613,Spain,Male,31,7,0.0,2,1,0,145406.3868151135,0
9756,733,France,Female,42,4,103358.64405295884,1,1,0,195565.1834946005,0
9757,711,France,Female,43,6,127682.92045115722,2,1,0,101721.64342841368,0
9758,610,France,Female,47,10,111235.22773245112,1,1,1,115821.40706684798,0
9759,639,Spain,Female,22,6,84330.61575683924,2,1,1,71071.2390196017,0
9760,605,Spain,Female,25,1,136448.37613369242,1,1,1,164994.15359885275,0
9761,536,France,Female,37,2,0.0,4,1,1,112665.45392358593,1
9762,581,France,Male,27,10,110382.42384050554,1,1,1,81466.15928132055,0
9763,665,Spain,Female,26,1,139937.95501931396,1,1,1,32131.852478954046,0
9764,676,Spain,Female,40,2,113571.60283438188,1,0,0,179456.36605662035,0
9765,661,France,Female,28,8,122445.42859673548,2,1,0,162270.61270199443,0
9766,625,France,Male,60,6,145510.8081468891,1,1,1,49382.13915244833,0
9767,724,France,Male,32,3,108729.40064426434,1,1,0,176269.01248714296,0
9768,655,Germany,Male,35,7,166333.9783347154,1,0,0,115883.59200547241,1
9769,706,Spain,Female,40,6,97073.35941767794,3,0,0,156402.18301108087,1
9770,508,Germany,Female,22,9,0.0,2,1,0,133742.67018825846,0
9771,336,France,Female,43,5,123236.82908203911,2,0,1,23332.174261428685,0
9772,672,Germany,Male,41,3,124523.59874961092,1,0,0,57262.12013911436,1
9773,536,Spain,Male,34,4,0.0,1,1,1,90319.99670873031,0
9774,633,France,Male,40,9,138749.35478344676,3,1,0,31218.491228576877,1
9775,625,France,Male,42,7,0.0,1,0,1,80811.50726632793,0
9776,776,Spain,Female,52,2,103756.0320606203,1,1,1,16850.962069797555,0
9777,681,Germany,Female,63,10,109540.6530752118,1,0,1,177873.92932056426,1
9778,663,France,Male,27,2,116707.89101672616,1,1,0,18208.22494997198,0
9779,716,France,Male,25,4,140918.25828927144,2,1,0,114189.1421331884,0
9780,679,Spain,Male,39,8,75206.76286312283,1,1,0,141019.82628253454,0
9781,613,Germany,Male,18,4,0.0,3,1,0,65635.34674674322,1
9782,735,Spain,Female,44,0,129559.66193456596,2,0,1,10406.192160048942,0
9783,561,France,Female,39,4,150168.07089633163,1,0,1,115250.69039625693,0
9784,675,France,Female,41,8,84582.07030013915,2,0,1,98353.80902495299,0
9785,526,France,Female,34,6,0.0,1,1,1,45511.794052587196,0
9786,666,Germany,Male,40,8,128526.26236380926,2,1,0,27505.838584002882,0
9787,665,Germany,Male,42,9,71933.44188491462,1,1,0,161575.28066706817,1
9788,784,Spain,Male,40,9,105392.80906469494,2,1,0,47053.898767913815,0
9789,524,France,Female,24,4,89638.3699039724,2,0,1,90748.10438586203,0
9790,601,Germany,Female,39,2,101097.83841103919,2,1,1,159696.35882790064,0
9791,715,Spain,Female,56,1,151553.85197840462,2,0,0,183929.0062714922,1
9792,676,Germany,Male,40,8,148579.93182176052,1,1,0,85716.17798172873,1
9793,664,Spain,Female,39,4,114738.22972228684,1,0,1,98511.15750993324,0
9794,573,Germany,Male,53,10,0.0,1,0,0,145012.64479314254,1
9795,602,Germany,Male,30,0,0.0,2,1,0,39095.61425119987,0
9796,749,France,Male,46,1,87827.2065243568,1,1,1,169550.1726251204,0
9797,645,Germany,Male,32,1,0.0,1,1,0,61691.47945487159,1
9798,680,France,Female,48,3,132926.94784129213,2,1,1,89078.53567877821,0
9799,640,Germany,Female,45,5,0.0,3,0,1,188296.47238891883,1
9800,555,Germany,Male,33,7,113077.85924666807,1,0,1,194333.81523160278,0
9801,724,France,Male,35,2,117713.85248741847,2,0,1,92360.93826755071,0
9802,690,Spain,Male,47,9,0.0,1,1,0,61075.57322041287,0
9803,834,Spain,Male,19,9,135778.61694200462,2,1,1,36047.265553658835,0
9804,568,Germany,Male,33,5,139918.95619731632,2,0,1,39554.15069567914,0
9805,715,Germany,Female,44,3,112512.51314781711,2,0,0,106938.29936949615,1
9806,545,Spain,Male,34,7,114690.70931755856,1,0,1,140298.35762540682,0
9807,662,Germany,Female,39,8,119979.92805193759,1,0,1,78942.06491118086,0
9808,728,France,Male,18,8,95050.38037327748,1,1,1,55413.565411959,0
9809,484,France,Male,29,5,87828.34113786537,2,0,0,10590.11709057782,0
9810,633,France,Male,44,1,155693.92266262486,1,0,0,65187.39462426123,0
9811,604,Spain,Female,30,1,119495.8817342854,1,1,1,129662.1858398464,0
9812,593,France,Male,24,9,0.0,1,1,0,150791.28888370088,0
9813,680,Spain,Male,48,8,101874.04753639892,1,0,0,164801.4129874724,1
9814,739,France,Female,43,4,104035.21743708849,2,0,1,109219.0150512275,0
9815,639,Germany,Male,27,6,135544.3173167075,1,0,1,185245.659115173,0
9816,666,France,Female,39,5,160892.52425032028,1,0,1,159957.95013699812,0
9817,659,Spain,Male,27,8,107653.48684705186,1,1,0,159423.2062139694,0
9818,650,Spain,Female,36,4,0.0,1,1,1,13304.370628220186,0
9819,562,Germany,Male,39,7,0.0,2,0,0,19285.47948856548,1
9820,738,Spain,Male,29,3,75806.48220043696,2,1,0,155415.12130829017,0
9821,673,Germany,Male,45,6,107237.25485327616,1,1,0,67660.98855100959,1
9822,681,Germany,Male,46,8,165809.80633890553,2,1,1,63674.6795950295,0
9823,585,Spain,Female,40,1,77875.05601827161,1,0,0,66201.6254637387,1
9824,613,France,Female,42,8,100269.36465848902,3,0,0,152872.7717666977,1
9825,635,Germany,Male,23,7,86717.80272547869,1,1,0,138769.15068848513,0
9826,527,Spain,Male,51,9,78016.47687363006,2,1,0,19420.23780127093,1
9827,514,France,Male,37,0,102367.34819535774,2,1,0,160355.49501221953,0
9828,601,Spain,Female,28,9,111943.15755288697,1,1,1,93166.21932110342,0
9829,691,Germany,Male,39,6,154686.5380414161,2,1,0,150673.8366458062,0
9830,597,Germany,Male,45,4,104443.18075706178,2,0,0,189850.00158856678,1
9831,568,Germany,Female,43,4,135117.09083826738,2,1,0,130941.7336711275,1
9832,584,France,Male,27,6,0.0,2,1,1,139663.9820887769,0
9833,613,France,Male,45,10,179189.50696534803,1,1,1,74522.46710605366,0
9834,621,France,Male,37,9,0.0,1,1,1,128190.42751141256,0
9835,823,France,Female,43,3,167188.91514131115,1,0,1,146166.452993084,0
9836,734,Germany,Male,29,0,0.0,2,0,0,59559.14134183624,0
9837,731,France,Female,48,5,157356.73626603154,1,0,1,72908.44416422947,0
9838,743,Spain,Male,39,0,87205.71706113871,1,1,1,27053.55869388837,0
9839,570,Spain,Male,49,10,108949.71693831435,2,1,0,155573.8657841882,0
9840,552,Germany,Female,22,0,132279.06202617043,2,0,1,129309.86514092068,0
9841,561,France,Male,23,7,75242.6994170292,1,1,1,82948.04849517619,0
9842,756,France,Male,35,3,0.0,2,1,0,111297.84568187917,0
9843,606,France,Male,52,4,82968.90220445754,1,0,0,138701.23495216714,1
9844,549,France,Male,57,9,108251.57887136316,1,1,0,44815.912357116875,1
9845,615,Germany,Female,29,9,112927.70731551587,1,1,1,138656.36642572656,0
9846,630,Germany,Male,38,0,203811.36881933047,1,1,1,129413.19268104872,0
9847,671,France,Female,39,9,127963.75945814024,1,1,0,133052.6116996621,0
9848,670,Germany,Female,45,6,76549.248696708,2,1,0,71775.22276032044,1
9849,583,France,Female,46,10,124801.42282605969,1,1,1,38660.40779984803,0
9850,704,Germany,Female,26,1,43687.838981101115,1,1,1,84324.97522162837,0
9851,598,France,Female,38,5,143410.29444648686,2,0,1,27858.38219052034,0
9852,637,Germany,Male,18,8,145641.03556752368,2,1,1,41056.362069437746,0
9853,704,France,Male,46,1,0.0,1,1,0,115240.81409026566,0
9854,598,France,Male,34,5,132963.10134002127,2,1,0,185826.83865753846,0
9855,604,France,Female,25,4,111728.10770620394,2,1,1,52334.632102989235,0
9856,697,France,Female,41,1,96341.34832324435,2,1,1,111957.46846950047,0
9857,581,Spain,Male,34,8,0.0,1,1,0,40028.99088028431,0
9858,619,France,Female,50,1,105310.65220713337,1,1,0,112004.52973144592,1
9859,694,Spain,Female,29,0,129369.52276658188,1,1,0,153355.45638118434,0
9860,814,Spain,Male,60,8,0.0,1,1,1,164437.31342960012,0
9861,698,Spain,Male,46,8,161391.8351343154,1,1,1,142938.08348368012,0
9862,687,Germany,Male,50,8,0.0,2,0,1,48464.03048434242,0
9863,692,France,Female,27,7,0.0,2,1,1,95442.00401649236,0
9864,564,Spain,Male,55,3,119767.10550299965,1,0,1,165254.22969853927,0
9865,659,Germany,Male,25,8,81128.82362928952,1,1,0,149736.34581388344,0
9866,647,Spain,Female,35,1,177705.82213050808,2,1,0,162550.35553236262,0
9867,675,Spain,Female,51,0,0.0,1,1,1,28059.54095132157,0
9868,659,Spain,Female,43,9,0.0,2,0,0,148256.7436415989,0
9869,680,France,Male,25,6,0.0,1,1,1,94181.57696994208,0
9870,625,Spain,Male,49,5,105554.6665921252,2,0,0,77811.75302664698,0
9871,654,Germany,Female,41,2,86036.59029331381,2,0,0,40725.258425913824,1
9872,551,France,Female,33,1,101832.40622264621,1,0,0,55235.49578968233,0
9873,624,Germany,Female,22,7,103041.83517766075,2,1,0,124033.22760568329,0
9874,761,France,Male,42,3,83820.17919349477,2,1,0,143407.86661466843,0
9875,675,France,Male,36,5,153268.00817564016,1,0,0,113481.5610892844,0
9876,648,Germany,Male,39,3,116650.00220960143,1,1,0,193374.90704273293,1
9877,801,Germany,Male,22,10,135154.73245279872,2,1,1,45525.97136859969,0
9878,541,Germany,Male,33,8,110539.72430670465,4,1,1,119159.08937110358,1
9879,561,Germany,Female,42,4,86932.20989593162,2,1,0,151139.92830134422,1
9880,787,France,Female,56,5,104584.82101873473,1,1,1,55668.60966068987,0
9881,653,Spain,Male,35,8,0.0,2,0,0,18234.365661071046,0
9882,630,France,Female,52,5,148697.55710768106,1,1,0,55335.9669085127,1
9883,554,France,Male,45,1,0.0,1,1,0,11311.30957424647,1
9884,685,France,Female,40,10,81642.24508953019,1,1,1,97063.599889079,0
9885,693,Spain,Male,27,0,115701.7619016661,1,1,0,18319.67981958019,0
9886,562,Spain,Male,28,8,0.0,1,1,0,152782.9953371202,0
9887,638,Germany,Male,44,1,0.0,2,1,0,181099.54921897608,1
9888,623,Spain,Female,32,1,108441.96656326298,2,0,1,70953.22239108672,0
9889,670,France,Female,31,3,0.0,2,0,1,121641.8449930249,0
9890,560,Spain,Male,36,9,83029.71843486279,2,0,1,166914.8771604073,0
9891,750,France,Male,36,9,124709.71218190082,1,1,1,59875.23213245389,0
9892,723,France,Female,47,2,130502.29486299588,1,0,0,144339.07998175328,1
9893,620,Germany,Male,32,6,83084.73430153733,2,1,1,180029.50243419694,0
9894,632,Spain,Female,46,6,161995.64857094423,1,1,0,140458.79659740377,1
9895,639,Germany,Female,42,2,116532.503730716,2,1,1,139237.28037108522,0
9896,587,Spain,Female,21,2,0.0,2,1,0,30317.79769245698,0
9897,614,Spain,Female,40,8,125130.53924566199,2,1,1,40125.399030550514,0
9898,628,Germany,Male,18,6,0.0,1,0,1,121364.10297025341,0
9899,779,France,Male,29,2,0.0,3,1,0,46168.53960030357,0
9900,725,France,Male,42,2,128748.38129190932,1,0,0,98761.78588165292,0
9901,724,France,Male,37,2,82718.09824211146,3,0,0,175326.46118745257,1
9902,679,France,Female,20,8,0.0,2,1,0,190670.07118864832,0
9903,560,France,Male,26,7,0.0,2,0,1,88440.30761563087,0
9904,646,Germany,Female,18,6,0.0,1,1,1,38655.34346801063,0
9905,727,Spain,Female,24,7,158271.28872912508,2,0,1,183496.46662681413,0
9906,549,Spain,Male,43,0,112777.09474368849,1,0,1,98831.10568539008,0
9907,700,France,Male,32,8,125195.2516071746,2,1,1,65050.16177153539,0
9908,835,France,Male,39,4,117381.64386700132,1,0,1,198793.2383893287,0
9909,734,France,Male,38,4,148063.46579019955,2,0,0,180920.01075731346,0
9910,763,Spain,Male,38,4,144751.04696773473,1,1,1,92087.1206862036,0
9911,667,France,Male,48,8,0.0,2,1,1,19602.376968749973,0
9912,727,Spain,Female,35,4,94947.86983444211,2,1,0,121025.29395436106,0
9913,592,Spain,Female,47,1,83186.0024698138,1,1,1,146142.07934825993,0
9914,713,Germany,Male,18,5,108597.86358894441,2,1,1,11005.05483201754,0
9915,702,France,Male,49,6,0.0,2,0,1,72928.39261118487,0
9916,673,Germany,Female,25,10,0.0,1,1,0,27941.132720800317,0
9917,755,Spain,Male,27,6,0.0,2,1,0,177016.3717549446,0
9918,606,Spain,Male,30,6,96207.87379156194,1,0,0,17969.41768972479,0
9919,635,France,Female,48,10,74761.6624099781,2,0,1,190571.09228286278,0
9920,657,France,Female,29,1,116613.20051526908,2,1,1,16665.007085638055,0
9921,567,France,Female,31,5,0.0,1,0,0,16446.096914205413,0
9922,668,Germany,Male,28,8,120285.6368144423,1,1,0,92426.11030537439,0
9923,512,France,Male,40,0,0.0,2,1,1,77071.24233826753,0
9924,733,Germany,Male,45,2,155978.95420220963,1,1,0,19296.634036382824,1
9925,653,France,Female,55,5,104032.4478802457,1,1,1,160383.6077758629,0
9926,608,France,Male,61,6,78883.9203316176,2,0,1,22482.070372455215,0
9927,583,Spain,Male,44,1,0.0,1,1,0,21515.825987791955,1
9928,631,France,Female,41,9,122803.34382705094,2,1,0,102295.46232361079,0
9929,705,Germany,Female,25,7,155333.89524578914,2,1,1,76335.39532610729,0
9930,693,Germany,Female,57,10,152021.9654377295,1,1,0,36894.07594470943,1
9931,593,Spain,Male,40,5,0.0,2,0,0,33302.396313445,0
9932,582,Spain,Male,35,8,109651.84093793837,2,1,0,194272.96466636844,0
9933,702,Spain,Female,41,8,0.0,1,0,1,132264.8515671445,0
9934,592,Germany,Female,31,8,105833.85442507255,2,1,0,49727.43654416909,0
9935,654,France,Male,18,8,132705.81052364424,2,1,0,71023.9750072383,0
9936,659,Germany,Male,43,1,0.0,2,1,0,135760.75505674223,1
9937,674,Spain,Female,51,9,138182.44382856946,2,1,1,26594.175512824375,0
9938,718,Germany,Male,43,9,99652.2802122175,1,1,0,77907.08261997603,1
9939,548,Germany,Female,37,6,76830.50049867606,1,0,0,15312.345363208438,1
9940,497,Germany,Male,38,4,126017.02760278285,2,0,1,125049.92930088834,0
9941,604,Spain,Male,39,8,107299.60043869485,2,1,1,172350.08777560492,0
9942,794,France,Female,39,0,135013.24461263244,1,1,0,181416.847563008,0
9943,811,Spain,Male,37,9,94397.52701794187,2,1,1,132502.39033007988,0
9944,796,Spain,Female,38,6,168761.32941944842,2,0,0,163665.98129543732,0
9945,634,Germany,Male,53,9,105807.50451760141,1,1,0,154642.04439150117,1
9946,507,France,Male,42,4,166257.2938636038,2,1,1,13902.759880492524,0
9947,462,Spain,Female,39,10,0.0,1,0,0,42473.81464573824,1
9948,600,France,Female,44,8,135791.65496444813,2,1,0,22513.340873424946,0
9949,634,Germany,Female,44,6,87683.97566280355,2,0,1,63210.99738101148,0
9950,754,France,Male,47,3,0.0,2,1,1,25994.508917522195,0
9951,719,Spain,Male,30,10,113820.73144718212,3,1,1,106735.43194178762,0
9952,668,France,Female,33,7,82034.99163878878,1,0,0,46426.018224963525,0
9953,578,France,Male,29,8,148465.71287205233,1,0,1,42396.91621198976,0
9954,573,Germany,Female,45,8,146878.41191833498,2,1,1,197021.07664231738,0
9955,670,France,Male,45,9,131003.07056797133,2,1,1,183815.77955272474,0
9956,705,France,Female,25,3,101047.831572923,2,0,0,47870.41797881969,0
9957,681,France,Female,41,5,147043.72310810353,1,0,0,49280.649921553355,0
9958,567,Spain,Male,51,3,117045.70255299704,1,0,0,149346.24507693338,1
9959,702,Spain,Female,35,0,0.0,1,1,0,134663.48634510618,0
9960,684,France,Male,41,5,111974.77786432578,2,1,0,67532.4211544246,0
9961,564,Spain,Male,45,7,0.0,1,1,0,174524.97232237644,1
9962,587,France,Male,24,5,0.0,2,1,1,33125.564497596715,0
9963,705,Germany,Female,39,2,154783.92917595722,1,1,1,157289.03359725242,0
9964,631,Germany,Male,50,7,68165.92034476939,2,1,0,182303.04946710262,1
9965,777,Germany,Female,32,9,172731.00810478022,3,1,1,38688.32307481005,1
9966,690,Germany,Male,46,8,125579.7789084673,1,1,1,115851.05238420206,0
9967,611,France,Male,38,0,129417.48129779602,1,0,0,20840.91290464918,0
9968,649,France,Female,31,10,133949.345978687,2,0,1,163856.68042493393,0
9969,655,Spain,Male,37,10,0.0,1,1,0,148296.50544417542,0
9970,591,France,Female,32,5,140709.84651660034,2,0,1,99113.64625063514,0
9971,576,France,Female,29,9,212565.19463771605,1,1,0,65387.013603477644,0
9972,706,France,Female,35,7,176248.98399056954,2,1,1,44111.428127180625,0
9973,717,France,Male,38,1,116343.00049980683,2,1,1,147446.04498820959,0
9974,698,Spain,Male,36,3,171891.63210222765,2,1,0,141729.88668646532,0
9975,771,France,Female,35,0,141766.85941368723,1,1,0,108983.43977011008,0
9976,606,France,Female,40,3,84038.1500839966,1,1,1,36951.016215054886,0
9977,783,Spain,Male,43,1,82848.98693605154,1,0,1,19813.792678387927,0
9978,577,France,Female,26,2,0.0,1,0,0,16311.715055155672,0
9979,568,Germany,Male,35,3,0.0,1,1,0,177749.2423051664,1
9980,509,France,Male,18,2,121805.95904455218,1,0,1,33424.21396096092,0
9981,614,Spain,Female,36,5,0.0,2,0,1,102390.65038315422,0
9982,609,France,Male,39,6,147920.59818878377,1,1,1,166790.18572583952,0
9983,692,France,Male,43,10,134192.58431612272,1,1,0,97589.33163377884,0
9984,669,France,Male,39,6,113062.98712076551,3,1,1,12131.29917615556,0
9985,554,Spain,Male,43,0,105553.06778505688,1,0,0,163531.4879353518,1
9986,618,Germany,Female,38,4,108484.71194108014,2,1,1,27960.07494387032,0
9987,620,Spain,Male,31,2,0.0,2,1,1,106684.23598472543,0
9988,507,France,Female,26,0,122937.32955540477,1,1,1,165648.2406073256,0
9989,571,France,Female,35,0,121266.95938631176,1,0,1,118336.70529440869,0
9990,588,France,Male,30,1,0.0,1,1,1,47812.93480919553,0
9991,764,France,Male,36,9,0.0,2,1,1,33777.08450854308,0
9992,665,France,Male,33,7,0.0,2,0,1,197372.6132822956,0
9993,702,Germany,Female,42,3,202526.4105317006,1,1,0,57159.16756538988,1
9994,530,Spain,Male,38,9,0.0,2,1,0,12659.219230842684,0
9995,745,Spain,Male,42,2,172058.30717826227,1,1,0,80740.93506792285,0
9996,754,Spain,Male,42,7,109199.54473368189,1,0,1,149465.9806388289,0
9997,490,Germany,Female,36,1,0.0,2,1,1,88915.84904473019,0
9998,593,France,Female,36,8,95973.7962794361,2,1,0,40091.9320703757,0
9999,689,Germany,Female,43,3,144615.37091774493,1,1,1,46857.9735669293,0
10000,701,Germany,Female,62,10,81928.73462138766,2,1,0,146401.3723603391,1
